Rk,Player,Nation,Pos,Squad,Age,Born,90s,Att,Live,Dead,FK,TB,Sw,Crs,TI,CK,In,Out,Str,Cmp,Off,Blocks,Matches,-9999
1,Patrick van Aanholt,nl NED,DF,Crystal Palace,29,1990,19.7,1164,959,192,31,0,4,40,159,2,0,2,0,906,13,26,Matches,5f09991f
2,Tammy Abraham,eng ENG,FW,Chelsea,22,1997,11.6,211,195,16,2,0,0,6,0,0,0,0,0,149,0,9,Matches,f586779e
3,Che Adams,sct SCO,FW,Southampton,24,1996,29.6,622,615,2,1,7,3,6,1,0,0,0,0,431,5,19,Matches,f2bf1b0f
4,Tosin Adarabioyo,eng ENG,DF,Fulham,22,1997,32.8,1918,1872,42,35,0,8,2,7,0,0,0,0,1647,4,11,Matches,c81d773d
5,Adrián,es ESP,GK,Liverpool,33,1987,3.0,100,70,29,7,0,0,0,0,0,0,0,0,78,1,0,Matches,f76e6b4e
6,Sergio Agüero,ar ARG,FW,Manchester City,32,1988,6.2,173,163,10,0,0,0,1,1,0,0,0,0,140,0,7,Matches,4d034881
7,Ola Aina,ng NGA,DF,Fulham,23,1996,29.6,1769,1486,282,28,0,13,52,254,0,0,0,0,1352,1,34,Matches,246d153b
8,Rayan Aït Nouri,fr FRA,DF,Wolves,19,2001,15.6,805,675,129,6,0,3,61,116,7,1,6,0,662,1,20,Matches,9b398aea
9,Semi Ajayi,ng NGA,DF,West Brom,26,1993,30.9,999,931,61,13,0,10,7,48,0,0,0,0,719,7,7,Matches,d6192210
10,Nathan Aké,nl NED,DF,Manchester City,25,1995,8.9,763,741,22,11,0,0,1,11,0,0,0,0,709,0,5,Matches,eaeca114
11,Marc Albrighton,eng ENG,DFFW,Leicester City,30,1989,19.4,933,830,97,8,1,9,118,60,29,6,15,0,627,6,53,Matches,b827d5b3
12,Thiago Alcántara,es ESP,MF,Liverpool,29,1991,20.6,1735,1686,44,30,3,19,7,3,0,0,0,0,1545,5,12,Matches,77e84962
13,Toby Alderweireld,be BEL,DF,Tottenham,31,1989,24.9,1453,1377,74,61,2,16,1,13,0,0,0,0,1199,2,9,Matches,f7d50789
14,Rúnar Alex Rúnarsson,is ISL,GK,Arsenal,25,1995,0.2,11,8,3,2,0,0,0,0,0,0,0,0,7,0,0,Matches,8fa8f8d2
15,Trent Alexander-Arnold,eng ENG,DF,Liverpool,21,1998,33.7,3015,2516,488,56,6,55,297,326,106,16,61,2,2245,11,52,Matches,cd1acf9d
16,Ezgjan Alioski,mk MKD,DFMF,Leeds United,28,1992,27.3,1670,1410,255,29,1,7,62,226,0,0,0,0,1321,5,44,Matches,1a7fcf39
17,Alisson,br BRA,GK,Liverpool,27,1992,33.0,1157,919,234,61,0,2,0,0,0,0,0,0,1000,4,0,Matches,7a2e46a8
18,Allan,br BRA,MF,Everton,29,1991,22.8,1068,1029,35,22,1,4,4,5,0,0,0,0,908,4,18,Matches,cc700722
19,Dele Alli,eng ENG,MF,Tottenham,24,1996,6.9,345,316,27,8,1,1,10,3,0,0,0,0,275,2,12,Matches,cea4ee8f
20,Miguel Almirón,py PAR,MFFW,Newcastle Utd,26,1994,27.0,895,866,26,6,3,5,39,3,5,0,0,0,708,3,33,Matches,862a1c15
21,Marcos Alonso,es ESP,DF,Chelsea,29,1990,10.7,610,517,90,11,0,3,24,75,4,0,4,0,493,3,21,Matches,f4290206
22,Steven Alzate,co COL,MF,Brighton,21,1998,10.0,449,438,11,1,0,1,3,9,0,0,0,0,403,0,5,Matches,ad1f61f3
23,Daniel Amartey,gh GHA,DF,Leicester City,25,1994,8.0,493,453,38,2,0,0,1,36,0,0,0,0,414,2,8,Matches,1a4ef233
24,Ethan Ampadu,wls WAL,DFMF,Sheffield Utd,19,2000,23.2,1087,1002,83,18,0,15,19,60,5,5,0,0,870,2,14,Matches,10b9fa99
25,Joachim Andersen,dk DEN,DF,Fulham,24,1996,30.3,1993,1902,83,68,0,35,12,15,0,0,0,0,1609,8,13,Matches,e34fc66d
26,Elliot Anderson,sct SCO,MF,Newcastle Utd,17,2002,0.0,1,1,0,0,0,0,0,0,0,0,0,0,1,0,0,Matches,de31038e
27,Felipe Anderson,br BRA,FWMF,West Ham,27,1993,0.0,5,5,0,0,0,0,0,0,0,0,0,0,3,0,0,Matches,9f1893b9
28,Michail Antonio,jm JAM,FW,West Ham,30,1990,21.9,494,481,11,1,0,3,31,8,0,0,0,0,316,2,20,Matches,ac05f970
29,Alphonse Areola,fr FRA,GK,Fulham,27,1993,36.0,1014,663,348,97,0,0,0,0,0,0,0,0,746,3,0,Matches,2f965a72
30,Stuart Armstrong,sct SCO,MF,Southampton,28,1992,30.7,1298,1203,89,14,2,4,40,16,2,0,0,0,1021,6,52,Matches,97333cf5
31,Kepa Arrizabalaga,es ESP,GK,Chelsea,25,1994,6.5,246,193,53,7,0,0,0,0,0,0,0,0,202,0,0,Matches,28d596a0
32,Pierre-Emerick Aubameyang,ga GAB,FW,Arsenal,31,1989,25.9,674,651,14,0,1,3,38,3,0,0,0,0,499,9,12,Matches,d5dd5f1f
33,Serge Aurier,ci CIV,DF,Tottenham,27,1992,17.8,980,823,157,4,1,1,35,153,0,0,0,0,772,0,32,Matches,5c2b4f07
34,Charlie Austin,eng ENG,FWMF,West Brom,31,1989,1.5,34,32,1,0,0,0,0,0,0,0,0,0,23,1,1,Matches,8d228291
35,Jordan Ayew,gh GHA,FWMF,Crystal Palace,28,1991,23.3,667,656,10,3,1,3,31,2,0,0,0,0,519,1,30,Matches,da052c14
36,Luke Ayling,eng ENG,DF,Leeds United,28,1991,37.8,2770,2407,355,56,4,50,82,299,0,0,0,0,2161,8,46,Matches,420d7c7d
37,César Azpilicueta,es ESP,DF,Chelsea,30,1989,24.3,2081,1892,185,32,3,0,37,153,0,0,0,0,1787,4,31,Matches,53cad200
38,Eric Bailly,ci CIV,DF,Manchester Utd,26,1994,10.2,564,552,11,10,0,1,0,1,0,0,0,0,497,1,3,Matches,a1232f4e
39,Fabián Balbuena,py PAR,DF,West Ham,28,1991,13.3,488,463,22,22,1,9,3,0,0,0,0,0,362,3,4,Matches,3626f7d9
40,George Baldock,gr GRE,DF,Sheffield Utd,27,1993,31.0,1153,954,197,5,1,1,62,192,0,0,0,0,888,2,47,Matches,394854c4
41,Gareth Bale,wls WAL,FW,Tottenham,31,1989,10.2,416,386,29,7,2,12,40,9,13,11,1,0,285,1,14,Matches,a58bb1e1
42,Patrick Bamford,eng ENG,FW,Leeds United,26,1993,33.9,516,422,90,1,2,0,3,0,2,0,0,0,394,4,14,Matches,93feac6e
43,Phil Bardsley,sct SCO,DF,Burnley,35,1985,3.0,162,119,41,0,0,0,10,41,0,0,0,0,104,2,5,Matches,1ae30132
44,Ross Barkley,eng ENG,MF,Aston Villa,26,1993,17.0,795,685,108,21,0,4,61,6,56,23,9,7,640,2,11,Matches,3a24769f
45,Ross Barkley,eng ENG,FWMF,Chelsea,26,1993,0.5,27,27,0,0,0,1,0,0,0,0,0,0,23,0,0,Matches,3a24769f
46,Ashley Barnes,eng ENG,FW,Burnley,30,1989,14.8,315,310,2,1,0,3,8,0,0,0,0,0,189,3,11,Matches,2691c772
47,Harvey Barnes,eng ENG,FWMF,Leicester City,22,1997,21.6,637,632,2,0,2,3,27,2,0,0,0,0,459,3,25,Matches,3ea50f67
48,Kyle Bartley,eng ENG,DF,West Brom,29,1991,28.7,842,805,34,23,0,7,1,11,0,0,0,0,647,3,5,Matches,18e96f64
49,Chris Basham,eng ENG,DFMF,Sheffield Utd,32,1988,28.6,1153,1071,80,10,0,4,25,69,0,0,0,0,939,2,16,Matches,1aa84968
50,Michy Batshuayi,be BEL,FW,Crystal Palace,26,1993,8.1,174,160,14,1,0,0,5,2,0,0,0,0,122,0,9,Matches,2973d8ff
51,Jan Bednarek,pl POL,DF,Southampton,24,1996,34.4,2115,2016,96,52,0,10,0,44,0,0,0,0,1734,3,12,Matches,4115ce4e
52,Donny van de Beek,nl NED,MFFW,Manchester Utd,23,1997,5.8,275,267,8,4,0,2,0,2,0,0,0,0,237,0,9,Matches,50dc94ce
53,Héctor Bellerín,es ESP,DFMF,Arsenal,25,1995,23.2,1324,1158,163,10,2,5,54,153,0,0,0,0,1080,3,32,Matches,f874dd44
54,Saïd Benrahma,dz ALG,FWMF,West Ham,24,1995,15.5,536,519,14,1,3,1,44,5,0,0,0,0,411,3,9,Matches,5a04fd92
55,Josh Benson,eng ENG,MF,Burnley,20,1999,2.9,85,83,2,1,0,0,5,1,0,0,0,0,62,0,4,Matches,bf3aeb61
56,Christian Benteke,be BEL,FW,Crystal Palace,29,1990,20.2,583,567,12,1,0,1,3,1,0,0,0,0,339,4,9,Matches,ab070c55
57,Gaetano Berardi,ch SUI,DF,Leeds United,31,1988,1.3,63,56,6,0,0,0,1,6,0,0,0,0,50,1,0,Matches,5348aada
58,Jóhann Berg Guðmundsson,is ISL,MF,Burnley,29,1990,15.1,473,465,5,0,1,3,31,2,3,3,0,0,355,3,4,Matches,f72293fc
59,Sander Berge,no NOR,MF,Sheffield Utd,22,1998,12.4,464,454,8,3,0,3,23,3,2,2,0,0,378,2,9,Matches,d0b6129f
60,Steven Bergwijn,nl NED,FWMF,Tottenham,22,1997,13.4,430,421,9,2,0,1,13,1,4,3,0,0,350,0,8,Matches,a29b1131
61,Bernard,br BRA,MFFW,Everton,27,1992,5.1,270,263,5,1,0,1,14,2,0,0,0,0,219,2,10,Matches,ab4b3e35
62,Bernardo,br BRA,DFMF,Brighton,25,1995,2.3,85,78,6,1,0,0,5,5,0,0,0,0,61,1,6,Matches,17370b95
63,Ryan Bertrand,eng ENG,DF,Southampton,30,1989,28.9,1569,1214,347,58,0,3,82,282,7,3,0,3,1186,8,34,Matches,01226327
64,Yves Bissouma,ml MLI,MF,Brighton,23,1996,34.6,1697,1661,35,31,2,10,7,4,0,0,0,0,1476,1,18,Matches,6c203af0
65,Jayden Bogle,eng ENG,DFMF,Sheffield Utd,20,2000,12.3,387,324,62,0,0,0,12,62,0,0,0,0,296,1,11,Matches,ae5019e6
66,Willy Boly,ci CIV,DF,Wolves,29,1991,20.9,1037,1019,17,17,0,1,0,0,0,0,0,0,855,1,9,Matches,a4ac4b8f
67,Jarrod Bowen,eng ENG,FWMF,West Ham,23,1996,28.5,752,666,80,5,5,9,122,4,59,54,0,1,493,6,36,Matches,79c84d1c
68,Robbie Brady,ie IRL,MF,Burnley,28,1992,11.7,403,385,17,6,2,5,43,8,3,2,0,0,257,1,12,Matches,96bb8cc2
69,Rhian Brewster,eng ENG,FWMF,Sheffield Utd,20,2000,12.5,225,212,11,0,2,3,16,0,0,0,0,0,157,2,6,Matches,30e81a88
70,Nathan Broadhead,wls WAL,FW,Everton,22,1998,0.0,2,2,0,0,0,0,0,0,0,0,0,0,2,0,0,Matches,43309491
71,Josh Brownhill,eng ENG,MF,Burnley,24,1995,31.3,1198,1184,12,5,1,2,17,7,0,0,0,0,927,2,20,Matches,47369df8
72,Joe Bryan,eng ENG,DFMF,Fulham,26,1993,7.4,430,341,87,14,1,1,48,66,7,0,6,1,298,2,13,Matches,af69e7f0
73,Kean Bryan,eng ENG,DF,Sheffield Utd,23,1996,11.2,486,461,24,3,0,9,17,21,0,0,0,0,333,1,12,Matches,c684d3c9
74,Oliver Burke,sct SCO,FW,Sheffield Utd,23,1997,14.1,262,249,13,0,1,1,10,0,0,0,0,0,178,0,8,Matches,f631c17f
75,Dan Burn,eng ENG,DF,Brighton,28,1992,22.9,1280,1125,151,12,0,8,37,139,0,0,0,0,954,4,24,Matches,b2d31e83
76,Jack Butland,eng ENG,GK,Crystal Palace,27,1993,1.0,22,11,10,2,0,0,0,0,0,0,0,0,6,1,0,Matches,cc70a1d5
77,David Button,eng ENG,GK,West Brom,31,1989,1.0,37,21,16,4,0,0,0,0,0,0,0,0,18,0,0,Matches,e608ed4c
78,Oskar Buur,dk DEN,DF,Wolves,22,1998,0.2,15,14,1,0,0,0,0,1,0,0,0,0,14,0,0,Matches,aa6f2f2c
79,Willy Caballero,ar ARG,GK,Chelsea,38,1981,1.0,26,19,7,1,0,0,0,0,0,0,0,0,24,0,0,Matches,a179d516
80,Gary Cahill,eng ENG,DF,Crystal Palace,34,1985,20.0,748,720,27,26,0,3,0,1,0,0,0,0,615,1,3,Matches,7914b9fe
81,Tom Cairney,sct SCO,MF,Fulham,29,1991,8.4,632,593,38,20,1,7,37,0,16,3,10,1,560,1,6,Matches,a8748947
82,Dominic Calvert-Lewin,eng ENG,FW,Everton,23,1997,31.9,691,681,5,0,1,2,9,2,1,0,0,0,469,5,22,Matches,59e6e5bf
83,João Cancelo,pt POR,DFMF,Manchester City,26,1994,25.5,2128,1882,239,44,6,12,72,195,0,0,0,0,1815,7,27,Matches,bd6351cd
84,Ian Carlo Poveda,eng ENG,MF,Leeds United,20,2000,3.9,120,120,0,0,0,0,9,0,0,0,0,0,86,0,3,Matches,55b4f1d6
85,Andy Carroll,eng ENG,FW,Newcastle Utd,31,1989,4.4,139,130,7,1,0,2,0,1,0,0,0,0,85,2,1,Matches,b581987a
86,Scott Carson,eng ENG,GK,Manchester City,34,1985,1.0,16,14,2,0,0,0,0,0,0,0,0,0,15,0,0,Matches,3e1550ee
87,Fabio Carvalho,pt POR,MFFW,Fulham,17,2002,2.8,89,84,5,0,0,0,4,0,0,0,0,0,67,0,7,Matches,966e28d0
88,Matty Cash,pl POL,DF,Aston Villa,22,1997,26.4,1320,1055,261,34,0,9,81,227,0,0,0,0,959,4,16,Matches,2389cdc2
89,Kiko Casilla,es ESP,GK,Leeds United,33,1986,3.0,98,60,38,7,0,0,0,0,0,0,0,0,87,0,0,Matches,58bc7d18
90,Timothy Castagne,be BEL,DF,Leicester City,24,1995,26.1,1545,1361,178,10,0,1,46,168,0,0,0,0,1284,6,30,Matches,197640fd
91,Jonny Castro,es ESP,MFDF,Wolves,26,1994,5.5,243,187,56,4,0,1,9,52,0,0,0,0,185,0,7,Matches,e28868f3
92,Ivan Cavaleiro,pt POR,FW,Fulham,26,1993,27.5,857,770,85,26,0,4,122,9,42,15,24,2,589,2,26,Matches,979b811d
93,Edinson Cavani,uy URU,FW,Manchester Utd,33,1987,15.3,343,333,10,0,2,2,4,3,0,0,0,0,264,0,11,Matches,527f063d
94,Dani Ceballos,es ESP,MF,Arsenal,23,1996,17.9,1310,1258,51,26,7,11,29,8,17,8,6,0,1126,1,24,Matches,c0617e2b
95,Calum Chambers,eng ENG,DF,Arsenal,25,1995,8.4,593,504,88,8,2,3,33,80,0,0,0,0,466,1,5,Matches,dc6f5bdd
96,Ben Chilwell,eng ENG,DF,Chelsea,23,1996,25.4,1839,1535,297,38,0,5,136,227,32,18,12,0,1431,7,47,Matches,d2424d1b
97,Hamza Choudhury,eng ENG,MF,Leicester City,22,1997,3.5,239,234,4,2,0,3,1,2,0,0,0,0,192,1,2,Matches,7d2d3329
98,Andreas Christensen,dk DEN,DF,Chelsea,24,1996,15.2,1149,1117,29,24,1,4,0,5,0,0,0,0,1046,3,5,Matches,1cb49278
99,Carney Chukwuemeka,eng ENG,MFFW,Aston Villa,16,2003,0.2,9,9,0,0,0,0,0,0,0,0,0,0,6,0,1,Matches,b2f9c73e
100,Ciaran Clark,ie IRL,DF,Newcastle Utd,30,1989,21.0,808,786,21,4,0,0,0,17,0,0,0,0,657,1,4,Matches,2b91cf8e
101,Nathaniel Clyne,eng ENG,DF,Crystal Palace,29,1991,12.7,593,466,125,0,0,1,23,125,0,0,0,0,448,2,21,Matches,0442183b
102,Conor Coady,eng ENG,DF,Wolves,27,1993,36.7,1865,1799,62,56,0,14,0,4,0,0,0,0,1638,4,7,Matches,2928dca2
103,Séamus Coleman,ie IRL,DFMF,Everton,31,1988,17.9,765,678,85,2,0,7,35,83,0,0,0,0,620,2,18,Matches,0420d84f
104,Aaron Connolly,ie IRL,FW,Brighton,20,2000,8.8,94,89,5,0,0,0,2,0,0,0,0,0,72,0,1,Matches,27c01749
105,Liam Cooper,sct SCO,DF,Leeds United,28,1991,24.3,1662,1604,49,46,0,21,0,3,0,0,0,0,1415,9,6,Matches,dc64b8b3
106,Theo Corbeanu,ca CAN,FW,Wolves,18,2002,0.1,3,3,0,0,0,0,1,0,0,0,0,0,3,0,0,Matches,25b82f9a
107,Jack Cork,eng ENG,MF,Burnley,31,1989,15.0,511,505,4,0,0,3,5,4,0,0,0,0,424,2,11,Matches,74e12f1e
108,Hélder Costa,ao ANG,MFFW,Leeds United,26,1994,12.8,331,324,7,0,1,0,21,7,0,0,0,0,242,0,17,Matches,f13d02a6
109,Vladimír Coufal,cz CZE,DF,West Ham,27,1992,33.9,1746,1384,356,27,0,1,132,329,0,0,0,0,1196,6,73,Matches,fdf3cb77
110,Aaron Cresswell,eng ENG,DF,West Ham,30,1989,35.2,2141,1671,447,101,2,20,207,259,87,27,56,0,1586,23,44,Matches,4f974391
111,Patrick Cutrone,it ITA,FW,Wolves,22,1998,0.3,2,2,0,0,0,0,0,0,0,0,0,0,0,0,0,Matches,a4fe8cda
112,Stuart Dallas,nir NIR,MFDF,Leeds United,29,1991,37.9,2235,2005,223,22,3,17,82,185,16,14,0,0,1830,7,39,Matches,67ca8566
113,Scott Dann,eng ENG,DF,Crystal Palace,33,1987,15.0,644,608,35,32,0,1,0,3,0,0,0,0,521,1,2,Matches,52105203
114,Karl Darlow,eng ENG,GK,Newcastle Utd,29,1990,25.0,728,395,325,109,0,2,0,0,0,0,0,0,376,8,0,Matches,cde3309f
115,Ben Davies,wls WAL,DF,Tottenham,27,1993,15.0,817,665,150,12,0,2,33,137,1,1,0,0,627,2,21,Matches,44781702
116,Tom Davies,eng ENG,MF,Everton,22,1998,15.8,706,696,9,5,1,1,5,3,0,0,0,0,572,1,24,Matches,9228b07c
117,Keinan Davis,eng ENG,FWMF,Aston Villa,22,1998,3.1,77,76,1,0,0,1,4,0,0,0,0,0,55,0,5,Matches,9deaf2c8
118,Leif Davis,eng ENG,DF,Leeds United,20,2000,0.4,19,19,0,0,0,1,0,0,0,0,0,0,17,0,0,Matches,8574c61f
119,Craig Dawson,eng ENG,DF,West Ham,30,1990,21.4,767,741,25,22,0,8,0,2,0,0,0,0,611,1,6,Matches,3e9e06cb
120,Kevin De Bruyne,be BEL,MF,Manchester City,29,1991,22.2,1429,1278,139,42,13,12,146,6,87,28,33,3,1078,12,39,Matches,e46012d4
121,Liam Delap,eng ENG,FW,Manchester City,17,2003,0.4,6,2,4,0,0,0,0,0,0,0,0,0,5,0,0,Matches,dd897ee7
122,Fabian Delph,eng ENG,MFDF,Everton,30,1989,3.0,233,223,10,1,0,1,7,9,0,0,0,0,204,0,3,Matches,111c3236
123,Leander Dendoncker,be BEL,MFDF,Wolves,25,1995,27.8,1212,1194,18,17,1,15,8,1,0,0,0,0,1032,0,16,Matches,5a7301ae
124,Mbaye Diagne,sn SEN,FW,West Brom,28,1991,13.2,241,239,1,0,0,2,4,1,0,0,0,0,149,1,3,Matches,dda3969e
125,Amad Diallo,ci CIV,FW,Manchester Utd,18,2002,1.8,64,63,0,0,1,0,0,0,0,0,0,0,52,1,2,Matches,9dc96f10
126,Ibrahima Diallo,fr FRA,MF,Southampton,21,1999,11.3,600,586,11,9,0,2,7,2,0,0,0,0,503,3,4,Matches,11ff3d56
127,Grady Diangana,eng ENG,MFFW,West Brom,22,1998,13.7,360,347,11,2,1,2,20,2,4,2,0,1,260,2,14,Matches,f522d7ec
128,Rúben Dias,pt POR,DF,Manchester City,23,1997,31.6,2722,2665,52,46,1,5,2,2,0,0,0,0,2531,5,10,Matches,31c69ef1
129,Eric Dier,eng ENG,DF,Tottenham,26,1994,28.0,1802,1757,43,37,1,21,5,6,0,0,0,0,1493,2,13,Matches,ac861941
130,Lucas Digne,fr FRA,DFMF,Everton,27,1993,29.8,1736,1373,355,64,0,8,215,247,44,23,17,1,1231,8,52,Matches,1b84dbe1
131,Issa Diop,fr FRA,DF,West Ham,23,1997,15.3,585,572,12,11,0,0,0,1,0,0,0,0,480,1,5,Matches,a712ca2b
132,Moussa Djenepo,ml MLI,MF,Southampton,22,1998,13.8,407,386,19,3,0,1,9,14,0,0,0,0,290,2,20,Matches,254147d4
133,Matt Doherty,ie IRL,DF,Tottenham,28,1992,13.8,841,700,139,7,0,4,31,132,0,0,0,0,657,2,20,Matches,d557d734
134,Gabriel Dos Santos,br BRA,DF,Arsenal,22,1997,22.2,1559,1526,28,26,1,6,2,2,0,0,0,0,1332,5,10,Matches,67ac5bb8
135,Abdoulaye Doucouré,ml MLI,MF,Everton,27,1993,27.1,1354,1339,11,10,3,4,9,0,1,0,0,0,1141,4,28,Matches,02b29014
136,Martin Dúbravka,sk SVK,GK,Newcastle Utd,31,1989,13.0,438,272,166,44,0,4,0,0,0,0,0,0,322,0,1,Matches,3a949a25
137,Paul Dummett,wls WAL,DF,Newcastle Utd,28,1991,13.9,575,516,54,12,0,1,10,42,0,0,0,0,423,5,7,Matches,3fe6bd8c
138,Lewis Dunk,eng ENG,DF,Brighton,28,1991,32.6,2240,2153,83,71,0,22,1,12,0,0,0,0,2000,4,4,Matches,282f75f3
139,Jimmy Dunne,ie IRL,DF,Burnley,22,1997,3.0,153,153,0,0,0,0,0,0,0,0,0,0,105,0,1,Matches,1fdfd6da
140,Ederson,br BRA,GK,Manchester City,26,1993,36.0,1122,897,223,70,0,5,0,0,0,0,0,0,939,2,1,Matches,3bb7b8b4
141,Kyle Edwards,eng ENG,MFFW,West Brom,22,1998,1.3,35,35,0,0,0,0,1,0,0,0,0,0,31,0,1,Matches,1566e437
142,John Egan,ie IRL,DF,Sheffield Utd,27,1992,29.2,1135,1109,22,18,0,6,4,4,0,0,0,0,923,4,5,Matches,debe38a0
143,Anthony Elanga,se SWE,FW,Manchester Utd,18,2002,1.7,55,54,1,0,0,1,2,0,0,0,0,0,41,0,2,Matches,2fba6108
144,Ahmed Elmohamady,eg EGY,DF,Aston Villa,32,1987,9.3,618,491,126,18,0,4,39,108,0,0,0,0,468,1,6,Matches,615ef733
145,Mohamed Elneny,eg EGY,MF,Arsenal,28,1992,17.2,1019,995,21,17,0,6,2,4,0,0,0,0,944,3,7,Matches,47a34c4f
146,Jonny Evans,nir NIR,DF,Leicester City,32,1988,27.5,1854,1814,38,36,1,4,0,2,0,0,0,0,1592,2,5,Matches,f8fcd2a5
147,Eberechi Eze,eng ENG,MF,Crystal Palace,22,1998,28.4,1188,1046,134,36,1,4,86,6,63,26,13,9,945,8,25,Matches,ae4fc6a4
148,Łukasz Fabiański,pl POL,GK,West Ham,35,1985,35.0,1015,633,377,105,0,1,0,0,0,0,0,0,622,5,0,Matches,9328b835
149,Fabinho,br BRA,DFMF,Liverpool,26,1993,28.5,2117,2080,36,29,0,6,1,7,0,0,0,0,1910,1,5,Matches,7f3b388c
150,Bruno Fernandes,pt POR,MF,Manchester Utd,25,1994,34.4,2339,2098,220,63,12,43,166,40,59,27,21,2,1734,21,68,Matches,507c7bdf
151,Federico Fernández,ar ARG,DF,Newcastle Utd,31,1989,23.1,894,814,76,33,0,13,13,43,0,0,0,0,715,4,9,Matches,f25b010f
152,Fernandinho,br BRA,MF,Manchester City,35,1985,13.2,1026,1002,22,18,1,12,6,4,0,0,0,0,889,2,9,Matches,101da2b5
153,Sam Field,eng ENG,MF,West Brom,22,1998,0.7,25,24,0,0,0,0,0,0,0,0,0,0,15,1,0,Matches,bd8a7d05
154,Roberto Firmino,br BRA,FW,Liverpool,28,1991,31.5,1333,1287,44,4,5,1,14,16,2,0,0,0,1065,2,29,Matches,4c370d81
155,John Fleck,sct SCO,MF,Sheffield Utd,28,1991,28.6,1245,1122,119,31,2,5,96,6,61,39,9,4,971,4,29,Matches,b63e789d
156,Phil Foden,eng ENG,FWMF,Manchester City,20,2000,18.0,845,778,63,3,2,2,74,5,49,9,28,1,689,4,17,Matches,ed1e53f3
157,Wesley Fofana,fr FRA,DF,Leicester City,19,2000,25.1,1740,1649,89,41,1,12,2,48,0,0,0,0,1501,2,8,Matches,132a82f1
158,Pablo Fornals,es ESP,FWMF,West Ham,24,1996,28.6,1118,1083,28,5,1,5,45,7,2,0,1,0,853,7,38,Matches,82927de4
159,Fraser Forster,eng ENG,GK,Southampton,32,1988,8.0,273,170,101,37,0,0,0,0,0,0,0,0,154,2,1,Matches,c3e39f12
160,Timothy Fosu-Mensah,nl NED,DF,Manchester Utd,22,1998,0.9,74,70,4,0,0,0,4,4,0,0,0,0,64,0,1,Matches,a9142dc3
161,Tyrese Francois,au AUS,DF,Fulham,20,2000,0.2,15,13,2,0,0,0,0,2,0,0,0,0,14,0,0,Matches,6722d4f0
162,Ryan Fraser,sct SCO,FWMF,Newcastle Utd,26,1994,10.3,372,308,64,10,0,1,103,7,45,14,26,0,240,0,16,Matches,d56543a0
163,Fred,br BRA,MF,Manchester Utd,27,1993,26.6,1828,1765,58,50,5,15,9,8,0,0,0,0,1590,5,41,Matches,b853e0ad
164,Ryan Fredericks,eng ENG,DFFW,West Ham,27,1992,6.3,282,246,36,3,1,0,23,33,0,0,0,0,205,0,10,Matches,c067631c
165,Christian Fuchs,at AUT,DF,Leicester City,34,1986,7.8,597,519,77,16,0,1,11,61,0,0,0,0,476,1,9,Matches,a67a09fb
166,Darnell Furlong,eng ENG,DF,West Brom,24,1995,32.6,1204,900,295,15,0,3,99,280,0,0,0,0,682,9,33,Matches,3ec9195b
167,Conor Gallagher,eng ENG,MF,West Brom,20,2000,28.1,960,897,60,15,1,6,66,1,27,18,3,1,737,3,20,Matches,c2731c10
168,Eric García,es ESP,DF,Manchester City,19,2001,4.3,342,337,4,2,1,1,0,2,0,0,0,0,325,1,0,Matches,2bed3eab
169,Dwight Gayle,eng ENG,FWMF,Newcastle Utd,29,1990,5.7,118,103,14,0,1,0,5,4,0,0,0,0,96,1,3,Matches,e58a03c6
170,Jean-Philippe Gbamin,ci CIV,MF,Everton,24,1995,0.1,9,9,0,0,0,0,0,0,0,0,0,0,6,0,1,Matches,6bd603db
171,David de Gea,es ESP,GK,Manchester Utd,29,1990,25.5,592,382,207,35,0,0,0,0,0,0,0,0,464,3,0,Matches,7ba6d84e
172,Anwar El Ghazi,nl NED,FW,Aston Villa,25,1995,17.9,628,578,48,11,0,3,87,16,21,15,5,1,432,2,32,Matches,ffa90327
173,Kieran Gibbs,eng ENG,DF,West Brom,30,1989,9.0,313,273,38,2,0,0,11,36,0,0,0,0,222,2,3,Matches,46ee5234
174,Morgan Gibbs-White,eng ENG,MFFW,Wolves,20,2000,4.6,236,229,7,3,0,2,11,3,1,0,1,0,193,0,4,Matches,32f60ed8
175,Billy Gilmour,sct SCO,MF,Chelsea,19,2001,2.9,228,224,3,3,1,4,2,0,0,0,0,0,198,1,3,Matches,df10e27c
176,Olivier Giroud,fr FRA,FW,Chelsea,33,1986,8.3,223,217,6,0,0,0,2,2,0,0,0,0,157,0,7,Matches,16ceb862
177,Ben Godfrey,eng ENG,DF,Everton,22,1998,29.8,1329,1211,117,10,1,4,6,103,0,0,0,0,1109,1,25,Matches,9f7c837d
178,André Gomes,pt POR,MF,Everton,27,1993,17.4,908,887,14,8,2,16,23,2,3,2,0,0,752,7,11,Matches,1961b2aa
179,Joe Gomez,eng ENG,DF,Liverpool,23,1997,6.6,558,543,14,13,0,9,0,1,0,0,0,0,500,1,1,Matches,7a11550b
180,Anthony Gordon,eng ENG,FWMF,Everton,19,2001,1.0,27,25,2,1,0,0,1,1,0,0,0,0,22,0,0,Matches,2bd83368
181,Karlan Grant,eng ENG,FWMF,West Brom,22,1997,12.5,234,221,11,0,0,1,14,1,0,0,0,0,164,2,12,Matches,87f7500e
182,Demarai Gray,eng ENG,FW,Leicester City,24,1996,0.2,11,11,0,0,0,0,2,0,0,0,0,0,7,0,3,Matches,4468ec10
183,Jack Grealish,eng ENG,FWMF,Aston Villa,24,1995,24.3,1105,977,124,38,2,4,76,29,43,20,5,5,872,4,36,Matches,b0b4fd3e
184,Mason Greenwood,eng ENG,FW,Manchester Utd,18,2001,20.2,747,737,9,2,2,11,30,2,4,0,0,0,614,1,14,Matches,58eee997
185,Pascal Groß,de GER,MFDF,Brighton,29,1991,27.6,1705,1439,260,63,1,24,219,56,137,47,68,1,1281,6,30,Matches,8aec0537
186,Kamil Grosicki,pl POL,MFFW,West Brom,32,1988,1.6,45,43,2,0,0,0,5,0,2,1,1,0,30,0,1,Matches,81d8091f
187,Vicente Guaita,es ESP,GK,Crystal Palace,33,1987,37.0,1081,654,423,108,0,0,0,0,0,0,0,0,610,4,0,Matches,ab13a5aa
188,İlkay Gündoğan,de GER,MF,Manchester City,29,1990,22.5,1751,1693,53,28,4,9,30,2,20,4,7,0,1583,5,17,Matches,819b3158
189,Antwoine Hackford,eng ENG,DF,Sheffield Utd,16,2004,0.1,1,1,0,0,0,0,0,0,0,0,0,0,1,0,0,Matches,a7588cdc
190,Sébastien Haller,ci CIV,FW,West Ham,26,1994,10.4,248,245,2,0,0,2,2,0,0,0,0,0,158,1,5,Matches,ba115a40
191,Rekeem Harper,eng ENG,MF,West Brom,20,2000,0.4,17,17,0,0,0,1,0,0,0,0,0,0,14,0,0,Matches,3c066877
192,Jack Harrison,eng ENG,MFFW,Leeds United,23,1996,31.6,1182,1109,63,9,2,7,167,16,38,23,10,0,778,10,47,Matches,aa849a12
193,Kortney Hause,eng ENG,DF,Aston Villa,25,1995,7.0,232,223,9,9,0,6,0,0,0,0,0,0,173,0,3,Matches,bf8fad51
194,Kai Havertz,de GER,MFFW,Chelsea,21,1999,16.9,788,766,18,3,2,2,11,7,0,0,0,0,658,4,28,Matches,fed7cb61
195,Isaac Hayden,eng ENG,MFDF,Newcastle Utd,25,1995,21.6,834,761,71,28,1,6,19,25,0,0,0,0,657,2,34,Matches,c951a6df
196,Michael Hector,jm JAM,DF,Fulham,28,1992,2.9,187,176,11,10,0,1,0,1,0,0,0,0,148,0,1,Matches,5f1a2f31
197,Ahmed Hegazi,eg EGY,DF,West Brom,29,1991,1.0,57,55,1,1,0,0,0,0,0,0,0,0,38,1,1,Matches,5540c9dc
198,Dean Henderson,eng ENG,GK,Manchester Utd,23,1997,12.5,324,212,112,18,0,0,0,0,0,0,0,0,240,0,1,Matches,e5a76dfe
199,Jordan Henderson,eng ENG,MFDF,Liverpool,30,1990,18.9,1855,1814,39,25,4,6,29,9,2,0,1,0,1597,2,16,Matches,935e6b8f
200,Jeff Hendrick,ie IRL,MF,Newcastle Utd,28,1992,15.8,544,532,12,8,0,0,6,0,0,0,0,0,433,0,16,Matches,989d5705
201,Pablo Hernández,es ESP,MF,Leeds United,35,1985,4.7,403,378,22,9,1,9,13,9,4,1,2,0,299,3,11,Matches,c0398aca
202,Son Heung-min,kr KOR,FW,Tottenham,28,1992,34.6,1223,1061,155,36,1,11,148,11,96,57,32,0,929,7,32,Matches,92e7e919
203,Ki-Jana Hoever,nl NED,DFMF,Wolves,18,2002,6.4,361,311,49,1,0,2,21,48,0,0,0,0,268,1,12,Matches,9a71e978
204,Rob Holding,eng ENG,DF,Arsenal,24,1995,28.4,1819,1778,37,26,0,14,2,11,0,0,0,0,1578,4,7,Matches,d79a8c87
205,Mason Holgate,eng ENG,DF,Everton,23,1996,25.4,1256,1098,155,29,1,15,26,124,0,0,0,0,961,3,14,Matches,d0042ab9
206,Conor Hourihane,ie IRL,MF,Aston Villa,29,1991,2.5,164,125,37,17,0,3,27,2,15,5,4,0,122,2,1,Matches,fcab00a0
207,Callum Hudson-Odoi,eng ENG,FWDF,Chelsea,19,2000,11.8,659,625,32,2,1,12,58,23,7,2,3,0,533,2,13,Matches,15f3ec41
208,Niall Huggins,wls WAL,DF,Leeds United,19,2000,0.4,19,18,1,0,0,0,1,1,0,0,0,0,16,0,0,Matches,6d646ff7
209,Pierre Højbjerg,dk DEN,MF,Tottenham,24,1995,38.0,2783,2668,110,100,2,19,6,7,0,0,0,0,2455,5,23,Matches,8b04d6c1
210,Odion Ighalo,ng NGA,FW,Manchester Utd,31,1989,0.1,2,1,1,0,0,0,0,0,0,0,0,0,2,0,0,Matches,03622183
211,Kelechi Iheanacho,ng NGA,FW,Leicester City,23,1996,16.2,521,489,28,0,8,1,13,0,1,0,0,0,407,4,19,Matches,c92e1a31
212,Danny Ings,eng ENG,FW,Southampton,28,1992,24.1,527,519,3,0,3,2,19,2,0,0,0,0,337,5,24,Matches,07802f7f
213,Branislav Ivanović,rs SRB,DF,West Brom,36,1984,8.5,320,299,21,19,0,1,1,2,0,0,0,0,267,0,3,Matches,85f8571a
214,Alex Iwobi,ng NGA,FWMF,Everton,24,1996,17.1,698,656,37,1,2,8,69,29,0,0,0,0,528,5,20,Matches,6ca5ec4b
215,José Izquierdo,co COL,DF,Brighton,28,1992,0.1,9,7,2,0,0,0,0,2,0,0,0,0,8,0,0,Matches,ca2bc3df
216,Phil Jagielka,eng ENG,DF,Sheffield Utd,37,1982,5.8,209,196,13,9,0,2,1,4,0,0,0,0,148,0,2,Matches,3233eefd
217,Alireza Jahanbakhsh,ir IRN,FWMF,Brighton,26,1993,5.9,266,257,8,1,2,1,30,3,2,0,2,0,188,1,11,Matches,08452314
218,Daniel James,wls WAL,FW,Manchester Utd,22,1997,10.1,312,306,4,2,0,0,20,2,0,0,0,0,238,2,13,Matches,c931d9f9
219,Reece James,eng ENG,DF,Chelsea,20,1999,26.4,2028,1785,235,22,0,17,144,180,33,15,14,0,1706,8,34,Matches,1265a93a
220,Alexandre Jankewitz,ch SUI,MF,Southampton,18,2001,0.0,3,3,0,0,0,0,0,0,0,0,0,0,2,0,0,Matches,7c39363f
221,Daniel Jebbison,eng ENG,FW,Sheffield Utd,17,2003,3.2,36,36,0,0,0,0,1,0,0,0,0,0,24,0,1,Matches,03edb878
222,Gabriel Jesus,br BRA,FW,Manchester City,23,1997,22.9,751,710,39,6,2,3,11,6,4,0,0,0,631,2,20,Matches,b66315ae
223,Raúl Jiménez,mx MEX,FW,Wolves,29,1991,9.1,265,260,4,2,0,4,4,1,0,0,0,0,207,1,9,Matches,b561db50
224,Joelinton,br BRA,FWMF,Newcastle Utd,23,1996,22.0,598,587,8,3,0,0,12,1,0,0,0,0,427,3,24,Matches,c17bfb65
225,Ben Johnson,eng ENG,DFFW,West Ham,20,2000,5.8,227,203,24,0,0,1,19,24,0,0,0,0,157,0,9,Matches,9319781b
226,Sam Johnstone,eng ENG,GK,West Brom,27,1993,37.0,1297,799,491,195,0,8,0,0,0,0,0,0,655,7,1,Matches,9e5708be
227,Curtis Jones,eng ENG,MF,Liverpool,19,2001,13.1,983,966,15,2,1,2,7,8,0,0,0,0,900,2,10,Matches,4fb9c88f
228,Jorginho,it ITA,MF,Chelsea,28,1991,22.3,1789,1761,25,25,4,8,3,0,0,0,0,0,1594,3,10,Matches,45db685d
229,Willian José,br BRA,FW,Wolves,28,1991,12.3,306,290,15,0,1,6,6,1,0,0,0,0,244,1,6,Matches,d87e2cae
230,Diogo Jota,pt POR,FW,Liverpool,23,1996,12.4,449,443,2,0,1,2,18,1,0,0,0,0,321,4,18,Matches,178ae8f8
231,James Justin,eng ENG,DF,Leicester City,22,1998,23.0,1287,1106,175,7,0,3,59,168,0,0,0,0,1004,6,30,Matches,fb614c44
232,Ozan Kabak,tr TUR,DF,Liverpool,20,2000,8.9,588,576,10,8,0,2,0,2,0,0,0,0,520,2,1,Matches,2d61d13a
233,Aboubakar Kamara,mr MTN,FWMF,Fulham,25,1995,3.5,127,122,4,0,0,1,13,1,0,0,0,0,86,1,3,Matches,4047c976
234,Harry Kane,eng ENG,FW,Tottenham,27,1993,34.2,965,926,32,12,6,22,38,12,0,0,0,0,652,7,31,Matches,21a66f6a
235,N'Golo Kanté,fr FRA,MF,Chelsea,29,1991,23.8,1542,1524,15,13,0,10,8,2,0,0,0,0,1325,3,26,Matches,b9fbae28
236,Moise Kean,it ITA,FWMF,Everton,20,2000,0.2,8,8,0,0,0,0,2,0,0,0,0,0,6,0,1,Matches,3d50bcdb
237,Michael Keane,eng ENG,DF,Everton,27,1993,33.2,1943,1890,50,40,0,4,1,0,0,0,0,0,1691,3,13,Matches,c5b7c315
238,Neeskens Kebano,cd COD,FWMF,Fulham,28,1992,1.3,43,41,2,2,0,0,7,0,0,0,0,0,32,0,2,Matches,18b999f4
239,Naby Keïta,gn GUI,MF,Liverpool,25,1995,5.8,361,352,8,3,1,0,3,1,0,0,0,0,315,1,3,Matches,f25c8e3a
240,Caoimhín Kelleher,ie IRL,GK,Liverpool,21,1998,2.0,64,47,17,3,0,0,0,0,0,0,0,0,51,0,0,Matches,62d7ef38
241,Martin Kelly,eng ENG,DF,Crystal Palace,30,1990,0.0,3,3,0,0,0,0,0,0,0,0,0,0,2,0,0,Matches,d7492450
242,Jonjoe Kenny,eng ENG,DF,Everton,23,1997,0.9,59,46,13,2,0,0,6,11,0,0,0,0,47,0,3,Matches,099e666f
243,Reda Khadra,de GER,MF,Brighton,19,2001,0.1,1,1,0,0,0,0,0,0,0,0,0,0,0,0,0,Matches,88acf83f
244,Max Kilman,eng ENG,DF,Wolves,23,1997,14.6,757,735,21,10,0,2,0,11,0,0,0,0,664,1,3,Matches,d0f72bf1
245,Joshua King,no NOR,MFFW,Everton,28,1992,1.6,50,50,0,0,0,0,1,0,0,0,0,0,32,0,3,Matches,43458538
246,Mateusz Klich,pl POL,MF,Leeds United,30,1990,26.6,1545,1469,70,42,1,7,63,9,19,4,10,0,1228,6,33,Matches,282679b4
247,Robin Koch,de GER,DFMF,Leeds United,24,1996,12.6,773,755,16,15,0,8,1,1,0,0,0,0,664,2,2,Matches,ea6bc03a
248,Sead Kolašinac,ba BIH,DF,Arsenal,27,1993,1.0,67,62,4,1,0,0,1,3,0,0,0,0,57,1,2,Matches,3935e52e
249,Terence Kongolo,nl NED,DF,Fulham,26,1994,1.0,45,44,1,1,0,0,1,0,0,0,0,0,37,0,1,Matches,1f9a3a04
250,Ezri Konsa,eng ENG,DF,Aston Villa,22,1997,35.5,1305,1251,53,38,0,4,3,14,0,0,0,0,1102,1,6,Matches,0313a347
251,Cheikhou Kouyaté,sn SEN,DF,Crystal Palace,30,1989,34.7,1287,1221,64,61,0,2,3,3,0,0,0,0,992,2,18,Matches,8d3c902d
252,Mateo Kovačić,hr CRO,MF,Chelsea,26,1994,20.2,1774,1743,27,25,7,15,6,2,0,0,0,0,1603,4,11,Matches,79c0821a
253,Emil Krafth,se SWE,DF,Newcastle Utd,25,1994,14.3,580,466,113,7,0,1,18,106,0,0,0,0,416,1,15,Matches,77cf6852
254,Filip Krovinović,hr CRO,MF,West Brom,24,1995,6.1,374,343,29,17,0,3,11,1,6,3,2,0,306,2,8,Matches,c2dfedeb
255,Alexandre Lacazette,fr FRA,FW,Arsenal,29,1991,21.4,523,484,33,2,4,2,3,0,0,0,0,0,405,6,12,Matches,9dbb75ca
256,Adam Lallana,eng ENG,MFFW,Brighton,32,1988,17.7,944,918,22,11,2,2,12,5,3,1,0,0,792,4,14,Matches,99813635
257,Érik Lamela,ar ARG,FWMF,Tottenham,28,1992,8.0,363,328,34,8,1,2,23,1,16,12,1,0,284,1,11,Matches,abe66106
258,Tariq Lamptey,gh GHA,DFMF,Brighton,19,2000,9.8,494,405,89,3,1,1,34,86,0,0,0,0,372,0,11,Matches,f4e433d4
259,Manuel Lanzini,ar ARG,MFFW,West Ham,27,1993,6.3,375,364,10,4,0,0,3,1,1,1,0,0,338,1,6,Matches,26f6dca8
260,Aymeric Laporte,es ESP,DF,Manchester City,26,1994,14.9,1285,1257,27,17,0,14,1,9,0,0,0,0,1169,1,4,Matches,119b9a8e
261,Jamaal Lascelles,eng ENG,DF,Newcastle Utd,26,1993,18.1,626,616,8,8,0,1,3,0,0,0,0,0,498,2,4,Matches,450ab6fc
262,Maxime Le Marchand,fr FRA,DF,Fulham,30,1989,1.4,85,83,2,2,0,4,0,0,0,0,0,0,78,0,0,Matches,321a71a7
263,Mario Lemina,ga GAB,MF,Fulham,26,1993,18.9,897,878,17,13,1,6,4,4,0,0,0,0,744,2,8,Matches,2b471f99
264,Bernd Leno,de GER,GK,Arsenal,28,1992,34.8,1182,888,292,65,0,2,0,0,0,0,0,0,948,2,0,Matches,2628fd2b
265,Khanya Leshabela,za RSA,MF,Leicester City,20,1999,0.1,8,8,0,0,0,0,1,0,0,0,0,0,6,0,1,Matches,383e68b1
266,Jamal Lewis,nir NIR,DF,Newcastle Utd,22,1998,20.4,852,686,163,8,0,0,44,155,0,0,0,0,637,3,22,Matches,efb9215a
267,Victor Lindelöf,se SWE,DF,Manchester Utd,26,1994,28.7,1882,1832,49,34,1,6,1,15,0,0,0,0,1686,1,9,Matches,f5deef4c
268,Jesse Lingard,eng ENG,MFFW,West Ham,27,1992,15.8,686,616,66,15,1,2,38,11,10,4,3,0,546,4,14,Matches,810e3c74
269,Jake Livermore,eng ENG,MF,West Brom,30,1989,13.8,388,386,2,2,1,3,5,0,0,0,0,0,273,0,9,Matches,b98570d1
270,Diego Llorente,es ESP,DF,Leeds United,26,1993,13.4,721,705,15,15,1,11,2,0,0,0,0,0,598,1,6,Matches,bba30585
271,Hugo Lloris,fr FRA,GK,Tottenham,33,1986,38.0,1079,699,379,115,0,1,0,0,0,0,0,0,801,1,0,Matches,8f62b6ee
272,Giovani Lo Celso,ar ARG,MF,Tottenham,24,1996,10.5,604,546,56,22,1,2,31,1,26,26,0,0,469,2,16,Matches,d7553721
273,Ruben Loftus-Cheek,eng ENG,FW,Chelsea,24,1996,0.7,17,17,0,0,0,0,0,0,0,0,0,0,11,0,1,Matches,e97fd090
274,Ruben Loftus-Cheek,eng ENG,MFFW,Fulham,24,1996,21.2,722,714,6,3,2,0,9,2,1,0,0,0,578,2,20,Matches,e97fd090
275,Kevin Long,ie IRL,DF,Burnley,29,1990,7.1,268,263,5,3,0,2,1,2,0,0,0,0,191,0,5,Matches,5a4280b1
276,Shane Long,ie IRL,FW,Southampton,33,1987,2.3,57,56,0,0,0,0,0,0,0,0,0,0,32,1,5,Matches,9f472354
277,Matthew Longstaff,eng ENG,MF,Newcastle Utd,20,2000,4.2,146,141,3,1,0,0,4,1,1,1,0,0,117,2,1,Matches,c0027d2d
278,Sean Longstaff,eng ENG,MF,Newcastle Utd,22,1997,15.7,591,537,52,12,0,15,25,6,22,10,3,6,467,2,11,Matches,a2b105e0
279,Ademola Lookman,ng NGA,FWMF,Fulham,22,1997,30.5,1199,1035,160,37,6,3,134,12,84,33,29,8,892,4,36,Matches,7c104bb7
280,Max Lowe,eng ENG,DF,Sheffield Utd,23,1997,6.1,221,194,25,0,0,0,22,25,0,0,0,0,147,2,7,Matches,7af88b33
281,Matthew Lowton,eng ENG,DF,Burnley,31,1989,34.0,1550,1254,290,24,2,13,84,266,0,0,0,0,1061,6,26,Matches,9a9c05db
282,David Luiz,br BRA,DF,Arsenal,33,1987,15.5,1013,975,35,32,3,8,9,3,0,0,0,0,836,3,11,Matches,c0e27d1a
283,Douglas Luiz,br BRA,MF,Aston Villa,22,1998,30.9,1445,1354,85,74,0,12,23,1,1,0,0,0,1217,6,18,Matches,6f7d826d
284,John Lundstram,eng ENG,MF,Sheffield Utd,26,1994,22.6,1082,1002,76,15,1,15,71,8,25,21,4,0,859,4,21,Matches,0df2b165
285,Alexis Mac Allister,ar ARG,MFFW,Brighton,21,1998,12.4,410,396,11,6,3,6,11,0,1,0,0,0,320,3,11,Matches,83d074ff
286,James Maddison,eng ENG,MF,Leicester City,23,1996,23.3,1132,970,156,58,6,7,106,0,78,14,37,3,874,6,31,Matches,ee38d9c5
287,Harry Maguire,eng ENG,DF,Manchester Utd,27,1993,33.9,2250,2169,74,61,0,31,3,13,0,0,0,0,1958,7,9,Matches,d8931174
288,Riyad Mahrez,dz ALG,FW,Manchester City,29,1991,21.7,1096,1027,68,11,3,5,81,10,43,22,0,0,916,1,23,Matches,892d5bb1
289,Ainsley Maitland-Niles,eng ENG,MFDF,Arsenal,22,1997,5.4,291,256,35,3,0,3,8,32,0,0,0,0,226,0,6,Matches,e3a5814e
290,Ainsley Maitland-Niles,eng ENG,MF,West Brom,22,1997,13.7,416,391,21,1,0,3,12,3,2,1,0,0,313,4,13,Matches,e3a5814e
291,Josh Maja,ng NGA,FW,Fulham,21,1998,9.0,181,178,3,0,0,0,0,1,0,0,0,0,154,0,6,Matches,bc0bfc64
292,Sadio Mané,sn SEN,FW,Liverpool,28,1992,31.2,1082,1063,15,3,2,3,60,10,2,0,0,0,812,4,39,Matches,c691bfe2
293,Javier Manquillo,es ESP,DF,Newcastle Utd,26,1994,9.2,398,316,81,2,0,1,28,79,0,0,0,0,284,1,15,Matches,758dd7f0
294,Fernando Marçal,br BRA,DFMF,Wolves,31,1989,6.9,379,309,68,5,0,3,13,63,0,0,0,0,304,2,10,Matches,9ae9eaea
295,Solly March,eng ENG,DFMF,Brighton,26,1994,18.6,979,779,195,18,0,16,120,137,40,14,19,0,676,5,31,Matches,bb5fbd2b
296,Pablo Marí,es ESP,DF,Arsenal,26,1993,10.0,630,622,8,6,0,2,0,1,0,0,0,0,552,0,2,Matches,aa54ec6f
297,Anthony Martial,fr FRA,FW,Manchester Utd,24,1995,16.4,492,484,7,1,2,1,9,2,0,0,0,0,409,1,15,Matches,8b788c01
298,Martinelli,br BRA,FW,Arsenal,19,2001,6.5,159,155,2,0,1,1,12,1,0,0,0,0,121,2,2,Matches,48a5a5d6
299,Emiliano Martínez,ar ARG,GK,Aston Villa,27,1992,38.0,1319,923,388,135,0,1,0,0,0,0,0,0,880,8,0,Matches,7956236f
300,Arthur Masuaku,cd COD,DFMF,West Ham,26,1993,11.2,566,517,46,0,0,4,41,46,0,0,0,0,443,3,21,Matches,57df7a11
301,Juan Mata,es ESP,FWMF,Manchester Utd,32,1988,5.7,300,283,16,5,2,3,13,0,8,2,5,1,249,1,7,Matches,29733c72
302,Jean-Philippe Mateta,fr FRA,FW,Crystal Palace,23,1997,2.5,49,47,1,0,0,0,1,0,0,0,0,0,29,1,2,Matches,50e6dc35
303,Nemanja Matić,rs SRB,MF,Manchester Utd,31,1988,12.3,1026,984,39,36,1,11,4,3,0,0,0,0,921,3,7,Matches,eb7822d7
304,Joël Matip,cm CMR,DF,Liverpool,28,1991,7.7,546,532,14,14,1,2,0,0,0,0,0,0,479,0,0,Matches,b217ef29
305,Neal Maupay,fr FRA,FWMF,Brighton,23,1996,27.9,672,599,71,7,3,4,11,9,0,0,0,0,520,2,26,Matches,4bcf39f6
306,James McArthur,sct SCO,MF,Crystal Palace,32,1987,16.3,795,738,54,17,0,3,10,10,0,0,0,0,643,3,22,Matches,cee31595
307,Oliver McBurnie,sct SCO,FW,Sheffield Utd,24,1996,14.7,447,442,2,1,1,0,4,0,0,0,0,0,253,3,14,Matches,78b8ac63
308,Alex McCarthy,eng ENG,GK,Southampton,30,1989,30.0,1080,801,270,99,0,7,0,0,0,0,0,0,700,9,1,Matches,36c2ca73
309,James McCarthy,ie IRL,MF,Crystal Palace,29,1990,9.1,342,329,13,7,0,3,11,0,6,2,0,4,258,0,4,Matches,64b08de7
310,John McGinn,sct SCO,MF,Aston Villa,25,1994,37.0,1439,1351,73,34,6,26,52,5,13,6,3,1,1102,15,22,Matches,90f91999
311,David McGoldrick,ie IRL,FWMF,Sheffield Utd,32,1987,26.6,947,919,24,4,1,7,21,13,0,0,0,0,697,4,18,Matches,dbe56a33
312,Dwight McNeil,eng ENG,MF,Burnley,20,1999,34.1,1372,1202,158,72,2,16,242,12,73,70,0,0,936,12,48,Matches,fc15fb84
313,Scott McTominay,sct SCO,MF,Manchester Utd,23,1996,23.7,1320,1278,40,32,0,23,12,8,0,0,0,0,1139,2,18,Matches,d93c2511
314,Ben Mee,eng ENG,DF,Burnley,30,1989,29.9,1130,1089,38,33,0,4,0,5,0,0,0,0,802,3,10,Matches,8df7a2fb
315,Hannibal Mejbri,tn TUN,MF,Manchester Utd,17,2003,0.1,3,3,0,0,0,0,0,0,0,0,0,0,3,0,0,Matches,ca22ccb0
316,Benjamin Mendy,fr FRA,DF,Manchester City,26,1994,10.6,666,578,87,3,0,1,30,82,2,0,2,0,540,1,12,Matches,5271c8f1
317,Edouard Mendy,sn SEN,GK,Chelsea,28,1992,30.5,1027,812,213,34,0,2,0,0,0,0,0,0,874,2,0,Matches,33887998
318,Nampalys Mendy,sn SEN,MF,Leicester City,28,1992,16.2,976,966,9,8,0,1,1,1,0,0,0,0,886,1,9,Matches,1598599e
319,Illan Meslier,fr FRA,GK,Leeds United,20,2000,35.0,1369,1016,350,83,0,3,0,0,0,0,0,0,1109,3,0,Matches,6b625ac2
320,Luka Milivojević,rs SRB,MF,Crystal Palace,29,1991,26.2,1341,1237,99,66,2,10,38,4,23,10,9,2,1091,5,16,Matches,2ce2508a
321,James Milner,eng ENG,MFDF,Liverpool,34,1986,11.9,934,863,67,13,1,3,34,39,13,5,6,0,779,4,24,Matches,2f90f6b8
322,Yerry Mina,co COL,DF,Everton,25,1994,21.5,1259,1226,32,28,0,6,0,1,0,0,0,0,1134,1,6,Matches,6d5701f2
323,Takumi Minamino,jp JPN,MF,Southampton,25,1995,7.9,261,257,1,0,0,1,9,0,0,0,0,0,183,3,13,Matches,f833a830
324,Takumi Minamino,jp JPN,MFFW,Liverpool,25,1995,3.3,142,137,5,0,0,1,3,1,0,0,0,0,111,0,6,Matches,f833a830
325,Tyrone Mings,eng ENG,DF,Aston Villa,27,1993,35.5,1696,1630,59,53,0,21,5,5,0,0,0,0,1314,7,12,Matches,8397a50c
326,Tyrick Mitchell,eng ENG,DF,Crystal Palace,20,1999,19.0,809,620,187,6,0,0,27,181,0,0,0,0,556,2,37,Matches,5cbd1eb0
327,Aleksandar Mitrović,rs SRB,FW,Fulham,25,1994,15.6,388,364,22,1,2,1,4,4,1,0,0,0,284,2,11,Matches,3925dbd6
328,Jakub Moder,pl POL,DFMF,Brighton,21,1999,7.2,284,273,11,1,0,1,11,10,0,0,0,0,203,0,15,Matches,f230bc30
329,Jayson Molumby,ie IRL,MF,Brighton,20,1999,0.0,1,1,0,0,0,0,0,0,0,0,0,0,0,0,0,Matches,c908a1bc
330,Wesley Moraes,br BRA,FW,Aston Villa,23,1996,0.2,4,4,0,0,0,0,0,0,0,0,0,0,4,0,0,Matches,bfae110f
331,Wes Morgan,jm JAM,DF,Leicester City,36,1984,0.2,5,5,0,0,0,0,0,0,0,0,0,0,5,0,0,Matches,80c31c97
332,Mason Mount,eng ENG,MF,Chelsea,21,1999,32.1,1900,1690,199,33,3,19,170,17,126,36,65,2,1549,11,43,Matches,9674002f
333,Lucas Moura,br BRA,FWMF,Tottenham,27,1992,15.7,602,577,22,5,1,1,26,4,10,6,3,0,437,3,25,Matches,2b622f01
334,Lys Mousset,fr FRA,FWMF,Sheffield Utd,24,1996,3.3,46,38,7,0,0,0,1,0,0,0,0,0,34,1,0,Matches,d9cfca3d
335,João Moutinho,pt POR,MF,Wolves,33,1986,28.1,1846,1641,200,93,5,15,116,4,101,29,32,2,1553,5,19,Matches,f5a00fa4
336,Joel Mumbongo,se SWE,FW,Burnley,21,1999,0.4,5,5,0,0,0,0,0,0,0,0,0,0,4,0,1,Matches,f8e588df
337,Jacob Murphy,eng ENG,DFMF,Newcastle Utd,25,1995,18.1,624,503,118,13,0,5,59,104,1,0,0,0,420,3,24,Matches,de112b84
338,Shkodran Mustafi,de GER,DF,Arsenal,28,1992,0.5,50,48,2,1,0,1,0,1,0,0,0,0,44,0,0,Matches,3f2d59fe
339,Marvelous Nakamba,zw ZIM,MF,Aston Villa,26,1994,8.3,286,281,5,5,0,1,1,0,0,0,0,0,240,0,6,Matches,de5b5570
340,Iliman Ndiaye,sn SEN,MF,Sheffield Utd,20,2000,0.1,3,3,0,0,0,0,0,0,0,0,0,0,3,0,0,Matches,5ed97752
341,Wilfred Ndidi,ng NGA,MFDF,Leicester City,23,1996,24.2,1441,1421,17,16,1,4,5,1,0,0,0,0,1245,3,15,Matches,6b47c5db
342,Tanguy Ndombele,fr FRA,MF,Tottenham,23,1996,23.2,1186,1142,40,19,8,3,7,3,0,0,0,0,1008,4,21,Matches,5cdddffa
343,Reiss Nelson,eng ENG,FWMF,Arsenal,20,1999,0.8,29,22,7,2,0,1,11,1,4,2,2,0,17,0,1,Matches,c5bdb6e3
344,Pedro Neto,pt POR,FWMF,Wolves,20,2000,28.3,1229,1071,157,39,2,3,205,4,80,32,20,0,962,1,31,Matches,7ba2eaa9
345,Rúben Neves,pt POR,MF,Wolves,23,1997,29.7,2007,1946,59,56,1,40,23,3,0,0,0,0,1678,2,30,Matches,44bfb6c5
346,Eddie Nketiah,eng ENG,FW,Arsenal,21,1999,4.7,93,83,10,0,0,0,2,0,0,0,0,0,76,0,2,Matches,a53649b7
347,Niels Nkounkou,fr FRA,DFFW,Everton,19,2000,0.9,36,32,4,0,0,1,4,4,0,0,0,0,29,0,1,Matches,f5b281e7
348,Dan Nlundulu,eng ENG,FWMF,Southampton,21,1999,1.2,29,29,0,0,0,0,0,0,0,0,0,0,21,0,1,Matches,30040f5d
349,Mark Noble,eng ENG,MF,West Ham,33,1987,7.9,442,405,36,16,0,2,7,4,5,4,0,0,388,1,4,Matches,ff527768
350,Will Norris,eng ENG,GK,Burnley,26,1993,2.0,57,31,26,8,0,0,0,0,0,0,0,0,27,0,0,Matches,c73ada83
351,Oliver Norwood,nir NIR,MF,Sheffield Utd,29,1991,24.7,1532,1388,132,67,1,25,114,1,64,40,16,0,1205,12,15,Matches,43439614
352,Jack O'Connell,eng ENG,DF,Sheffield Utd,26,1994,2.0,79,77,2,1,0,0,1,1,0,0,0,0,56,0,2,Matches,312626c1
353,Dara O'Shea,ie IRL,DF,West Brom,21,1999,23.4,924,798,120,23,0,17,11,97,0,0,0,0,583,6,19,Matches,1d042188
354,Michael Obafemi,ie IRL,FW,Southampton,20,2000,0.7,13,13,0,0,0,0,1,0,0,0,0,0,12,0,0,Matches,caa1a7f0
355,Denis Odoi,gh GHA,DF,Fulham,32,1988,3.0,190,166,23,7,0,1,5,16,0,0,0,0,156,1,3,Matches,f7750aa0
356,Angelo Ogbonna,it ITA,DF,West Ham,32,1988,27.7,1022,1009,13,12,0,2,3,1,0,0,0,0,830,0,6,Matches,74b2cd7e
357,Robin Olsen,se SWE,GK,Everton,30,1990,7.0,200,128,71,20,0,0,0,0,0,0,0,0,139,1,0,Matches,e7ee38c3
358,Josh Onomah,eng ENG,MF,Fulham,23,1997,4.2,172,170,2,0,0,0,2,0,0,0,0,0,153,0,3,Matches,6612cd8c
359,Divock Origi,be BEL,FW,Liverpool,25,1995,2.1,61,59,1,0,0,0,3,1,0,0,0,0,47,1,2,Matches,43a166b4
360,Ben Osborn,eng ENG,MFDF,Sheffield Utd,25,1994,17.8,859,786,71,10,2,5,68,46,13,11,0,0,660,2,29,Matches,79bc4c45
361,Owen Otasowie,us USA,MFFW,Wolves,19,2001,2.1,59,59,0,0,0,0,0,0,0,0,0,0,43,0,3,Matches,6956ff08
362,Alex Oxlade-Chamberlain,eng ENG,MFFW,Liverpool,26,1993,2.8,143,138,3,0,0,1,8,2,0,0,0,0,106,2,10,Matches,38c7feef
363,Emerson Palmieri,it ITA,DF,Chelsea,25,1994,1.0,68,57,11,0,0,0,2,10,1,0,1,0,51,0,2,Matches,e0bc6fdc
364,Thomas Partey,gh GHA,MF,Arsenal,27,1993,17.0,1149,1115,31,31,2,9,6,0,0,0,0,0,994,3,11,Matches,529f49ab
365,Rui Patrício,pt POR,GK,Wolves,32,1988,37.0,810,458,350,82,0,0,0,0,0,0,0,0,559,2,0,Matches,79b0d6a0
366,Bailey Peacock-Farrell,nir NIR,GK,Burnley,23,1996,4.0,114,60,52,23,0,0,0,0,0,0,0,0,59,2,1,Matches,4879f8cb
367,Lee Peltier,eng ENG,DF,West Brom,33,1986,2.5,80,67,13,1,0,0,3,12,0,0,0,0,49,0,5,Matches,af341b88
368,Nicolas Pépé,ci CIV,FW,Arsenal,25,1995,18.0,690,654,35,11,1,2,57,3,21,10,5,1,519,1,32,Matches,57e3f0c7
369,Matheus Pereira,pt POR,MFFW,West Brom,24,1996,28.6,1097,907,184,75,9,15,145,6,85,43,8,14,790,6,26,Matches,b04ee927
370,Ricardo Pereira,pt POR,DFFW,Leicester City,26,1993,10.7,548,478,68,1,1,1,15,67,0,0,0,0,418,2,19,Matches,75a72a99
371,Ayoze Pérez,es ESP,MFFW,Leicester City,27,1993,14.8,497,472,20,6,2,0,21,1,4,2,2,0,369,5,14,Matches,819aa8e7
372,Kalvin Phillips,eng ENG,MF,Leeds United,24,1995,27.0,1490,1362,123,62,2,32,77,4,57,28,21,0,1222,5,18,Matches,4f565d77
373,Matt Phillips,sct SCO,MF,West Brom,29,1991,20.3,563,524,36,9,0,4,72,10,17,7,7,0,384,3,18,Matches,7bb5f40e
374,Nathaniel Phillips,eng ENG,DF,Liverpool,23,1997,16.2,1127,1100,26,18,0,5,1,8,0,0,0,0,948,1,6,Matches,515ebe8d
375,Jaden Philogene Bidace,eng ENG,FW,Aston Villa,18,2002,0.0,4,4,0,0,0,0,0,0,0,0,0,0,2,0,0,Matches,19f4d211
376,Jordan Pickford,eng ENG,GK,Everton,26,1994,30.5,1154,850,299,101,0,12,0,0,0,0,0,0,766,5,1,Matches,4806ec67
377,Erik Pieters,nl NED,DFMF,Burnley,31,1988,14.1,606,481,123,6,0,4,19,113,4,4,0,0,449,2,14,Matches,1ef37668
378,Daniel Podence,pt POR,MFFW,Wolves,24,1995,18.5,643,617,25,1,4,8,32,9,6,2,1,1,483,1,17,Matches,7fcc71d8
379,Paul Pogba,fr FRA,MFFW,Manchester Utd,27,1993,21.1,1367,1328,31,27,4,41,22,4,0,0,0,0,1112,8,23,Matches,867239d3
380,Nick Pope,eng ENG,GK,Burnley,28,1992,32.0,989,591,384,133,0,3,0,0,0,0,0,0,505,14,1,Matches,4b40d9ca
381,Dennis Praet,be BEL,MF,Leicester City,26,1994,8.0,315,308,6,0,1,3,19,1,0,0,0,0,248,1,4,Matches,86695068
382,Davy Pröpper,nl NED,MF,Brighton,28,1991,2.4,96,96,0,0,0,1,3,0,0,0,0,0,70,0,2,Matches,fdd85f94
383,Christian Pulisic,us USA,FWMF,Chelsea,21,1998,19.3,705,693,11,2,1,1,35,7,1,0,1,0,561,1,16,Matches,1bf33a9a
384,Aaron Ramsdale,eng ENG,GK,Sheffield Utd,22,1998,38.0,1153,733,414,133,0,5,0,0,0,0,0,0,569,6,1,Matches,466fb2c5
385,Jacob Ramsey,eng ENG,MF,Aston Villa,19,2001,7.0,229,227,2,1,0,0,8,0,0,0,0,0,192,0,4,Matches,1544f145
386,Kayne Ramsey,eng ENG,DF,Southampton,19,2000,1.0,23,19,3,0,0,0,0,3,0,0,0,0,17,1,0,Matches,dc31b84c
387,Darren Randolph,ie IRL,GK,West Ham,33,1987,3.0,66,33,33,10,0,0,0,0,0,0,0,0,36,0,0,Matches,6385ebfb
388,Raphinha,br BRA,MFFW,Leeds United,23,1996,26.2,1064,904,154,43,0,9,165,17,93,45,35,1,687,6,33,Matches,3423f250
389,Marcus Rashford,eng ENG,FW,Manchester Utd,22,1997,32.4,1248,1216,28,3,1,13,36,19,1,0,1,0,1001,4,37,Matches,a1d5bd30
390,Tim Ream,us USA,DF,Fulham,32,1987,7.0,468,467,1,1,0,6,0,0,0,0,0,0,424,0,1,Matches,28b40c9c
391,Nathan Redmond,eng ENG,MFFW,Southampton,26,1994,19.3,765,710,51,0,1,4,29,35,1,0,0,0,570,4,22,Matches,ab651565
392,Harrison Reed,eng ENG,MF,Fulham,25,1995,25.0,1516,1418,96,71,0,2,27,10,12,2,4,3,1288,2,19,Matches,803ae100
393,Sergio Reguilón,es ESP,DF,Tottenham,23,1996,24.9,1445,1245,197,15,0,9,62,180,2,1,0,0,1092,3,37,Matches,3353737a
394,Bobby Reid,jm JAM,MFFW,Fulham,27,1993,26.4,830,771,56,6,2,5,41,26,1,1,0,0,615,3,22,Matches,0f7533cd
395,Declan Rice,eng ENG,MF,West Ham,21,1999,32.0,1561,1539,18,16,1,24,30,1,0,0,0,0,1352,4,26,Matches,1c7012b8
396,Lewis Richardson,eng ENG,FWMF,Burnley,17,2003,0.0,1,1,0,0,0,0,0,0,0,0,0,0,0,0,1,Matches,4fa62ae4
397,Richarlison,br BRA,FW,Everton,23,1997,31.8,791,775,13,2,6,1,37,2,0,0,0,0,526,3,53,Matches,fa031b34
398,Jaïro Riedewald,nl NED,MF,Crystal Palace,23,1996,20.2,636,627,7,3,0,0,2,2,0,0,0,0,541,2,8,Matches,7a1f2c08
399,Matt Ritchie,sct SCO,DFMF,Newcastle Utd,30,1989,15.0,611,471,136,33,0,3,105,65,38,26,10,2,411,4,15,Matches,71ef519e
400,Tyler Roberts,wls WAL,MFFW,Leeds United,21,1999,14.9,478,472,3,1,3,2,12,0,0,0,0,0,334,3,15,Matches,6c17e046
401,Andrew Robertson,sct SCO,DF,Liverpool,26,1994,37.6,3303,2774,521,81,2,22,294,321,119,22,78,0,2624,8,51,Matches,2e4f5f03
402,Antonee Robinson,us USA,DF,Fulham,22,1997,24.0,1385,1139,243,9,0,2,101,234,0,0,0,0,974,3,36,Matches,289601e6
403,Callum Robinson,ie IRL,FWMF,West Brom,25,1995,17.3,433,415,17,2,0,2,40,2,0,0,0,0,299,1,23,Matches,e75750a3
404,Jack Robinson,eng ENG,DF,Sheffield Utd,26,1993,9.7,470,422,47,7,0,0,6,40,0,0,0,0,364,1,4,Matches,7399c7a8
405,Hal Robson-Kanu,wls WAL,FW,West Brom,31,1989,6.2,81,77,3,0,0,0,1,0,0,0,0,0,56,1,4,Matches,fb2dec57
406,Marek Rodák,sk SVK,GK,Fulham,23,1996,2.0,47,38,9,2,0,1,0,0,0,0,0,0,39,0,0,Matches,17acc2ed
407,Joe Rodon,wls WAL,DF,Tottenham,22,1997,8.1,429,427,2,2,0,0,0,0,0,0,0,0,378,0,2,Matches,8d62d31a
408,Rodri,es ESP,MF,Manchester City,24,1996,30.5,2801,2760,40,38,2,19,14,1,1,0,0,0,2545,1,15,Matches,6434f10d
409,Rodrigo,es ESP,MFFW,Leeds United,29,1991,14.3,586,579,6,0,6,8,22,4,0,0,0,0,437,1,18,Matches,1fb1c435
410,James Rodríguez,co COL,FWMF,Everton,29,1991,19.6,1149,993,153,45,8,25,88,27,58,28,20,0,901,3,15,Matches,715bf047
411,Jay Rodriguez,eng ENG,FW,Burnley,31,1989,14.1,280,278,1,0,1,0,4,1,0,0,0,0,202,1,6,Matches,4ab53cdb
412,Oriol Romeu,es ESP,MF,Southampton,28,1991,19.6,1287,1272,13,11,1,5,9,1,0,0,0,0,1056,2,14,Matches,4b511457
413,John Ruddy,eng ENG,GK,Wolves,33,1986,1.0,24,16,8,3,0,0,0,0,0,0,0,0,19,0,0,Matches,da8b19e2
414,Antonio Rüdiger,de GER,DF,Chelsea,27,1993,19.0,1534,1498,30,28,0,13,3,2,0,0,0,0,1365,6,11,Matches,18b896d6
415,Mathew Ryan,au AUS,GK,Arsenal,28,1992,3.0,68,56,12,3,0,0,0,0,0,0,0,0,63,0,0,Matches,4535e4bb
416,Mathew Ryan,au AUS,GK,Brighton,28,1992,11.0,411,325,86,30,0,1,0,0,0,0,0,0,329,0,0,Matches,4535e4bb
417,Allan Saint-Maximin,fr FRA,FWMF,Newcastle Utd,23,1997,17.3,444,430,13,0,4,2,21,5,0,0,0,0,355,1,11,Matches,2b16cb1a
418,Romain Saïss,ma MAR,DF,Wolves,30,1990,26.7,1495,1421,67,24,0,18,17,43,0,0,0,0,1199,7,17,Matches,9fbbcf39
419,Bukayo Saka,eng ENG,FWMF,Arsenal,18,2001,28.4,1161,1042,114,21,2,4,148,30,63,24,21,5,858,5,39,Matches,bc7dc64d
420,Mamadou Sakho,fr FRA,DF,Crystal Palace,30,1990,3.1,94,78,16,14,0,1,0,2,0,0,0,0,83,0,0,Matches,87935cf3
421,Mohamed Salah,eg EGY,FW,Liverpool,28,1992,34.2,1302,1266,32,3,10,4,29,6,0,0,0,0,1067,4,40,Matches,e342ad68
422,Mohammed Salisu,gh GHA,DF,Southampton,21,1999,9.4,383,357,26,4,0,0,1,22,0,0,0,0,304,0,10,Matches,0b33f6ad
423,Davinson Sánchez,co COL,DF,Tottenham,24,1996,16.5,1027,1003,24,23,0,7,0,1,0,0,0,0,868,0,9,Matches,da7b447d
424,Robert Sánchez,es ESP,GK,Brighton,22,1997,27.0,1106,879,223,46,0,11,0,0,0,0,0,0,812,4,1,Matches,6a713852
425,Morgan Sanson,fr FRA,MF,Aston Villa,25,1994,3.3,154,146,8,2,0,2,16,0,6,4,0,0,118,0,8,Matches,6e7f1353
426,Romaine Sawyers,kn SKN,MF,West Brom,28,1991,16.5,729,680,44,22,1,6,3,1,0,0,0,0,616,5,12,Matches,77bb1522
427,Dane Scarlett,eng ENG,FW,Tottenham,16,2004,0.0,0,0,0,0,0,0,0,0,0,0,0,0,0,0,0,Matches,21945a9e
428,Fabian Schär,ch SUI,DF,Newcastle Utd,28,1991,13.8,614,555,54,32,0,12,6,22,0,0,0,0,468,5,6,Matches,c8aa95da
429,Jeffrey Schlupp,gh GHA,MF,Crystal Palace,27,1992,15.9,436,420,13,4,0,2,30,5,0,0,0,0,304,3,13,Matches,3312f911
430,Kasper Schmeichel,dk DEN,GK,Leicester City,33,1986,38.0,1251,885,363,153,0,6,0,0,0,0,0,0,927,3,0,Matches,53af52f3
431,Nélson Semedo,pt POR,DFMF,Wolves,26,1993,33.1,1976,1620,353,18,1,0,75,331,4,0,3,0,1586,3,57,Matches,d04b94db
432,Femi Seriki,eng ENG,MF,Sheffield Utd,18,2002,0.0,0,0,0,0,0,0,0,0,0,0,0,0,0,0,0,Matches,e4e0deaa
433,Jamie Shackleton,eng ENG,MFDF,Leeds United,20,1999,5.1,214,193,20,1,0,0,2,19,0,0,0,0,191,1,5,Matches,8d03ca5a
434,Xherdan Shaqiri,ch SUI,MFFW,Liverpool,28,1991,6.2,428,404,23,1,5,1,22,6,13,8,1,0,361,1,8,Matches,6421ec64
435,Billy Sharp,eng ENG,FW,Sheffield Utd,34,1986,8.2,123,109,11,1,1,0,8,0,0,0,0,0,85,3,6,Matches,e8c9f4e9
436,Luke Shaw,eng ENG,DF,Manchester Utd,25,1995,29.5,2068,1674,386,27,0,2,189,262,97,49,42,0,1650,8,54,Matches,9c94165b
437,Jonjo Shelvey,eng ENG,MF,Newcastle Utd,28,1992,29.1,1499,1345,150,88,1,48,94,0,48,16,12,12,1092,4,21,Matches,3727dd3c
438,Shola Shoretire,eng ENG,FW,Manchester Utd,16,2004,0.1,6,6,0,0,0,0,0,0,0,0,0,0,5,0,1,Matches,00f0482f
439,Gylfi Sigurðsson,is ISL,MFFW,Everton,30,1989,25.0,963,827,130,34,2,1,100,4,60,40,16,2,758,6,19,Matches,76dd1480
440,Bernardo Silva,pt POR,MFFW,Manchester City,25,1994,22.9,1434,1363,66,14,1,7,32,25,19,2,3,0,1287,5,21,Matches,3eb22ec9
441,Fábio Silva,pt POR,FW,Wolves,18,2002,15.2,330,300,30,0,1,1,5,2,0,0,0,0,237,0,7,Matches,e7aa9d7c
442,Thiago Silva,br BRA,DF,Chelsea,35,1984,21.5,1952,1892,55,51,0,8,3,4,0,0,0,0,1809,5,4,Matches,86e7deaf
443,Moussa Sissoko,fr FRA,MF,Tottenham,30,1989,17.6,811,758,52,12,0,7,9,40,0,0,0,0,679,1,10,Matches,2acd49b9
444,Islam Slimani,dz ALG,FW,Leicester City,32,1988,0.2,9,9,0,0,0,0,0,0,0,0,0,0,6,0,0,Matches,ffec9769
445,William Smallbone,ie IRL,MF,Southampton,20,2000,1.9,78,78,0,0,0,1,5,0,0,0,0,0,61,0,1,Matches,5e105217
446,Emile Smith Rowe,eng ENG,MFFW,Arsenal,20,2000,16.0,746,735,10,5,1,0,17,2,0,0,0,0,648,1,20,Matches,17695062
447,Robert Snodgrass,sct SCO,MFFW,West Brom,32,1987,5.8,141,138,2,0,0,0,8,0,0,0,0,0,107,1,0,Matches,9f4647e9
448,Robert Snodgrass,sct SCO,FWMF,West Ham,32,1987,0.1,4,4,0,0,0,0,0,0,0,0,0,0,4,0,0,Matches,9f4647e9
449,Cédric Soares,pt POR,DF,Arsenal,28,1991,8.3,469,383,85,16,0,2,34,69,0,0,0,0,349,1,8,Matches,839c14e1
450,Tomáš Souček,cz CZE,MF,West Ham,25,1995,38.0,1623,1594,26,22,0,13,9,4,0,0,0,0,1218,3,18,Matches,6613c819
451,Çağlar Söyüncü,tr TUR,DF,Leicester City,24,1996,20.2,1423,1370,52,21,0,16,10,31,0,0,0,0,1244,1,7,Matches,21166ff4
452,Zack Steffen,us USA,GK,Manchester City,25,1995,1.0,30,22,8,0,0,0,0,0,0,0,0,0,25,0,0,Matches,42130443
453,Dale Stephens,eng ENG,MF,Burnley,31,1989,2.9,120,119,0,0,0,0,0,0,0,0,0,0,98,1,1,Matches,653ee42d
454,Jack Stephens,eng ENG,DF,Southampton,26,1994,17.1,1067,1008,57,21,0,9,2,36,0,0,0,0,860,2,11,Matches,6adbc307
455,Raheem Sterling,eng ENG,FW,Manchester City,25,1994,28.2,1141,1120,19,8,0,2,20,6,0,0,0,0,966,2,37,Matches,b400bde0
456,Enda Stevens,ie IRL,DF,Sheffield Utd,30,1990,30.0,1459,1238,206,11,0,9,64,195,0,0,0,0,1108,15,31,Matches,17d4507a
457,John Stones,eng ENG,DF,Manchester City,26,1994,21.5,1737,1717,20,11,0,10,1,9,0,0,0,0,1620,0,9,Matches,5eecec3d
458,Pascal Struijk,nl NED,DFMF,Leeds United,20,1999,23.1,1301,1271,29,26,0,13,1,3,0,0,0,0,1118,1,7,Matches,f4d296e4
459,Japhet Tanganga,eng ENG,DF,Tottenham,21,1999,5.4,239,201,38,2,1,2,4,36,0,0,0,0,195,0,6,Matches,e9971f2d
460,Matt Targett,eng ENG,DF,Aston Villa,24,1995,37.8,2189,1755,422,61,1,13,146,347,14,10,2,0,1647,12,44,Matches,e514ab62
461,James Tarkowski,eng ENG,DF,Burnley,27,1992,36.0,1279,1229,41,36,0,25,6,5,0,0,0,0,889,9,8,Matches,15ea812b
462,Percy Tau,za RSA,FW,Brighton,26,1994,1.1,33,31,2,0,1,0,2,0,1,0,1,0,24,0,1,Matches,4d0eb7d2
463,Sidnei Tavares,pt POR,MF,Leicester City,18,2001,0.9,26,25,1,1,0,0,0,0,0,0,0,0,18,0,0,Matches,3add8ed8
464,Charlie Taylor,eng ENG,DF,Burnley,26,1993,27.0,1342,1079,260,16,0,6,105,244,0,0,0,0,922,3,28,Matches,cc2d7ad5
465,Neil Taylor,wls WAL,DF,Aston Villa,31,1989,0.2,10,9,1,0,0,0,0,1,0,0,0,0,9,0,0,Matches,c2f9d19f
466,Allan Tchaptchet,fr FRA,DF,Southampton,18,2001,0.1,1,1,0,0,0,0,0,0,0,0,0,0,0,0,0,Matches,ab7d7882
467,Nathan Tella,eng ENG,FWMF,Southampton,21,1999,8.3,142,141,1,0,0,0,7,0,0,0,0,0,99,0,10,Matches,f1e94cd6
468,Alex Telles,br BRA,DF,Manchester Utd,27,1992,7.7,584,477,106,8,1,2,55,70,28,5,18,1,467,1,5,Matches,e73c9bb2
469,Kenny Tete,nl NED,DFMF,Fulham,24,1995,16.5,879,758,119,4,0,3,72,115,0,0,0,0,636,2,42,Matches,77d7c96f
470,William Thomas Fish,eng ENG,FW,Manchester Utd,17,2003,0.0,0,0,0,0,0,0,0,0,0,0,0,0,0,0,0,Matches,b2ee9d2c
471,Luke Thomas,eng ENG,DF,Leicester City,19,2001,10.8,498,415,81,7,0,2,17,74,0,0,0,0,358,2,18,Matches,fc027d02
472,Youri Tielemans,be BEL,MF,Leicester City,23,1997,37.3,2642,2445,188,76,11,14,138,13,99,38,31,2,2061,9,40,Matches,56f7a928
473,Kieran Tierney,sct SCO,DF,Arsenal,23,1997,25.5,1523,1279,240,26,0,8,125,214,0,0,0,0,1130,4,31,Matches,fce2302c
474,James Tomkins,eng ENG,DF,Crystal Palace,31,1989,6.1,182,174,8,8,0,1,0,0,0,0,0,0,140,0,1,Matches,e7ca0439
475,Fikayo Tomori,eng ENG,DF,Chelsea,22,1997,0.5,29,28,1,1,0,0,0,0,0,0,0,0,28,0,0,Matches,7edfbb8a
476,Ferrán Torres,es ESP,FWMF,Manchester City,20,2000,14.5,445,421,23,3,1,1,33,5,11,7,4,0,353,1,9,Matches,9e1035f8
477,Cenk Tosun,tr TUR,FW,Everton,29,1991,0.5,15,13,2,0,0,0,0,1,0,0,0,0,10,0,1,Matches,9a104dee
478,Andros Townsend,eng ENG,MFFW,Crystal Palace,29,1991,25.1,871,761,103,36,2,3,155,6,56,29,5,12,578,7,36,Matches,b28bbd58
479,Conor Townsend,eng ENG,DF,West Brom,27,1993,24.8,1196,964,227,15,0,4,62,211,1,0,0,0,883,5,22,Matches,4dc4f138
480,Adama Traoré,es ESP,FWMF,Wolves,24,1996,29.4,873,848,23,1,1,2,150,21,0,0,0,0,572,2,47,Matches,9a28eba4
481,Bertrand Traoré,bf BFA,FW,Aston Villa,24,1995,25.7,808,721,84,39,2,10,102,3,42,22,11,1,569,3,16,Matches,c47541e0
482,Trézéguet,eg EGY,FW,Aston Villa,25,1994,13.0,317,313,2,0,1,2,26,1,1,1,0,0,223,2,11,Matches,3ae14ed1
483,Leandro Trossard,be BEL,MFFW,Brighton,25,1994,29.0,1094,1019,68,22,0,14,83,6,34,9,17,1,816,7,35,Matches,38ceb24a
484,Kostas Tsimikas,gr GRE,DFFW,Liverpool,24,1996,0.1,9,7,2,0,0,0,2,2,0,0,0,0,6,0,1,Matches,f315ca93
485,Axel Tuanzebe,eng ENG,DF,Manchester Utd,22,1997,4.5,270,260,9,3,0,1,0,6,0,0,0,0,239,1,2,Matches,2baec6ce
486,Cengiz Ünder,tr TUR,FWMF,Leicester City,23,1997,3.1,130,121,8,5,0,0,16,2,1,1,0,0,91,1,6,Matches,1880614f
487,Yan Valery,tn TUN,DFMF,Southampton,21,1999,1.1,64,48,16,1,0,0,4,15,0,0,0,0,54,0,2,Matches,531a4aa8
488,Virgil van Dijk,nl NED,DF,Liverpool,29,1991,4.1,342,338,3,3,0,4,0,0,0,0,0,0,307,1,0,Matches,e06683ca
489,Jamie Vardy,eng ENG,FW,Leicester City,33,1987,31.6,458,427,27,0,0,1,20,0,0,0,0,0,295,4,20,Matches,45963054
490,Joël Veltman,nl NED,DF,Brighton,28,1992,25.3,1537,1297,236,14,0,3,63,221,1,0,0,0,1166,4,23,Matches,dad4b285
491,Jannik Vestergaard,dk DEN,DF,Southampton,27,1992,28.6,1775,1734,36,33,0,16,5,2,0,0,0,0,1476,5,7,Matches,1900032e
492,Rúben Vinagre,pt POR,MFDF,Wolves,21,1999,1.9,101,84,17,0,0,0,4,17,0,0,0,0,86,0,1,Matches,b937e490
493,Carlos Vinícius,br BRA,FW,Tottenham,25,1995,3.4,48,46,2,0,0,0,2,0,0,0,0,0,24,0,2,Matches,8b529245
494,João Virgínia,pt POR,GK,Everton,20,1999,0.5,16,12,3,0,0,0,0,0,0,0,0,0,8,1,0,Matches,728e9b2e
495,Vitinha,pt POR,MF,Wolves,20,2000,5.8,346,329,15,6,3,1,14,0,9,1,7,0,302,2,4,Matches,3b029691
496,Jake Vokins,eng ENG,DF,Southampton,20,2000,0.7,23,16,7,0,0,0,3,7,0,0,0,0,19,0,1,Matches,d484c261
497,Matěj Vydra,cz CZE,FW,Burnley,28,1992,15.2,240,239,1,0,1,1,3,1,0,0,0,0,170,0,5,Matches,0d4ceb32
498,Theo Walcott,eng ENG,MFFW,Southampton,31,1989,18.0,432,427,3,0,1,0,29,2,1,0,0,0,304,2,13,Matches,1ecb65be
499,Theo Walcott,eng ENG,FW,Everton,31,1989,0.1,1,1,0,0,0,0,0,0,0,0,0,0,1,0,0,Matches,1ecb65be
500,Kyle Walker,eng ENG,DF,Manchester City,30,1990,21.6,1941,1751,185,20,1,25,38,165,0,0,0,0,1709,5,25,Matches,86dd77d1
501,Kyle Walker-Peters,eng ENG,DF,Southampton,23,1997,29.4,1669,1335,330,23,0,2,35,307,0,0,0,0,1321,4,41,Matches,984a5a64
502,Aaron Wan-Bissaka,eng ENG,DF,Manchester Utd,22,1997,34.0,2148,1855,288,11,0,2,60,277,0,0,0,0,1806,5,46,Matches,9e525177
503,Joel Ward,eng ENG,DF,Crystal Palace,30,1989,25.1,1104,837,264,9,0,3,27,255,0,0,0,0,793,3,35,Matches,8a7ff278
504,James Ward-Prowse,eng ENG,MF,Southampton,25,1994,38.0,2712,2361,342,130,1,17,251,18,166,79,79,5,2173,9,25,Matches,3515d404
505,Ollie Watkins,eng ENG,FW,Aston Villa,24,1995,37.0,843,815,26,0,0,1,22,15,1,0,0,0,592,2,17,Matches,aed3a70f
506,Caleb Watts,au AUS,MF,Southampton,18,2002,0.4,13,13,0,0,0,0,1,0,0,0,0,0,8,0,0,Matches,c7170b46
507,Adam Webster,eng ENG,DF,Brighton,25,1995,28.8,1866,1806,56,33,0,18,1,23,0,0,0,0,1508,4,18,Matches,c40b6180
508,Danny Welbeck,eng ENG,FW,Brighton,29,1990,17.2,262,259,2,0,1,2,3,0,0,0,0,0,209,1,6,Matches,ce5143da
509,Timo Werner,de GER,FWMF,Chelsea,24,1996,28.9,824,788,31,2,1,1,35,5,1,0,0,0,629,5,23,Matches,49fe9070
510,Ashley Westwood,eng ENG,MF,Burnley,30,1990,37.9,2246,1953,282,93,0,18,182,9,89,75,5,1,1662,11,22,Matches,495945ef
511,Ben White,eng ENG,DFMF,Brighton,22,1997,35.5,1812,1737,74,32,1,18,22,42,0,0,0,0,1491,1,18,Matches,35e413f1
512,Georginio Wijnaldum,nl NED,MF,Liverpool,29,1990,32.7,1778,1740,37,23,1,3,6,14,0,0,0,0,1644,1,13,Matches,eb58eef0
513,Brandon Williams,eng ENG,DF,Manchester Utd,19,2000,2.1,143,123,20,1,0,0,1,19,0,0,0,0,120,0,3,Matches,5e74d6c8
514,Neco Williams,wls WAL,DF,Liverpool,19,2001,2.8,210,178,30,3,0,0,24,27,0,0,0,0,151,2,10,Matches,dd323728
515,Rhys Williams,eng ENG,DF,Liverpool,19,2001,7.3,504,498,6,6,1,3,0,0,0,0,0,0,440,0,0,Matches,012c975a
516,Willian,br BRA,FW,Arsenal,31,1988,15.6,790,683,103,22,2,11,104,5,72,28,22,6,625,4,11,Matches,8b9ebd03
517,Joe Willock,eng ENG,MF,Arsenal,20,1999,2.6,93,93,0,0,0,0,6,0,0,0,0,0,68,0,2,Matches,a3b03921
518,Joe Willock,eng ENG,MF,Newcastle Utd,20,1999,10.9,242,240,1,0,0,0,13,1,0,0,0,0,179,1,6,Matches,a3b03921
519,Callum Wilson,eng ENG,FW,Newcastle Utd,28,1992,23.2,359,340,19,1,2,0,12,6,1,0,0,0,242,0,17,Matches,c596fcb0
520,Harry Winks,eng ENG,MF,Tottenham,24,1996,9.6,683,666,17,15,0,3,2,0,0,0,0,0,579,0,7,Matches,2f7acede
521,Chris Wood,nz NZL,FW,Burnley,28,1991,30.5,663,659,1,1,0,2,7,0,0,0,0,0,425,3,18,Matches,4e9a0555
522,Granit Xhaka,ch SUI,MFDF,Arsenal,27,1992,28.0,2239,2137,100,63,3,28,12,36,0,0,0,0,2011,2,16,Matches,e61b8aee
523,Andriy Yarmolenko,ua UKR,FWMF,West Ham,30,1989,4.2,152,147,5,0,0,2,16,1,3,2,0,0,117,0,3,Matches,849c826a
524,DeAndre Yedlin,us USA,DF,Newcastle Utd,27,1993,4.8,179,147,32,1,0,0,13,31,0,0,0,0,113,0,5,Matches,ae0a7ddf
525,Okay Yokuşlu,tr TUR,MF,West Brom,26,1994,14.6,536,519,15,7,0,7,2,2,0,0,0,0,439,2,11,Matches,e49ce451
526,Wilfried Zaha,ci CIV,FW,Crystal Palace,27,1992,29.0,784,768,12,2,2,2,41,5,1,0,0,0,586,4,34,Matches,b2bc3b1f
527,Andre-Frank Zambo Anguissa,cm CMR,MF,Fulham,24,1995,28.7,1434,1417,17,12,2,5,13,5,0,0,0,0,1201,0,22,Matches,6bb2c084
528,Andi Zeqiri,ch SUI,FWDF,Brighton,21,1999,1.9,44,43,1,1,0,0,6,0,0,0,0,0,21,0,2,Matches,d01231f0
529,Oleksandr Zinchenko,ua UKR,DF,Manchester City,23,1996,16.4,1517,1368,149,28,0,1,39,110,11,1,9,0,1340,0,13,Matches,51cf8561
530,Hakim Ziyech,ma MAR,MFFW,Chelsea,27,1993,13.0,742,692,46,16,5,5,64,8,21,6,13,0,547,4,14,Matches,6622454d
531,Kurt Zouma,fr FRA,DF,Chelsea,25,1994,22.5,1781,1748,30,27,0,24,0,3,0,0,0,0,1616,3,3,Matches,ce4246f5
532,Martin Ødegaard,no NOR,MF,Arsenal,21,1998,9.6,533,472,61,15,2,1,36,1,30,14,8,0,462,0,6,Matches,79300479