Rk,Player,Nation,Pos,Squad,Age,Born,90s,CrdY,CrdR,2CrdY,Fls,Fld,Off,Crs,Int,TklW,PKwon,PKcon,OG,Recov,Won,Lost,Won%,Matches,-9999
1,Patrick van Aanholt,nl NED,DF,Crystal Palace,29,1990,19.7,2,0,0,11,3,3,40,30,22,0,0,0,136,11,13,45.8,Matches,5f09991f
2,Tammy Abraham,eng ENG,FW,Chelsea,22,1997,11.6,0,0,0,22,12,4,6,5,5,1,0,0,28,38,28,57.6,Matches,f586779e
3,Che Adams,sct SCO,FW,Southampton,24,1996,29.6,1,0,0,30,55,19,6,4,16,0,0,0,84,53,133,28.5,Matches,f2bf1b0f
4,Tosin Adarabioyo,eng ENG,DF,Fulham,22,1997,32.8,1,0,0,16,6,2,2,42,19,0,1,1,143,82,38,68.3,Matches,c81d773d
5,Adrián,es ESP,GK,Liverpool,33,1987,3.0,0,0,0,0,0,0,0,0,0,0,0,0,2,1,0,100.0,Matches,f76e6b4e
6,Sergio Agüero,ar ARG,FW,Manchester City,32,1988,6.2,0,0,0,2,7,1,1,2,1,0,0,0,12,2,4,33.3,Matches,4d034881
7,Ola Aina,ng NGA,DF,Fulham,23,1996,29.6,3,0,0,32,25,2,52,45,20,0,0,0,147,31,36,46.3,Matches,246d153b
8,Rayan Aït Nouri,fr FRA,DF,Wolves,19,2001,15.6,1,0,0,15,19,1,61,15,16,0,1,0,86,5,23,17.9,Matches,9b398aea
9,Semi Ajayi,ng NGA,DF,West Brom,26,1993,30.9,3,1,0,28,4,1,7,42,14,0,2,0,161,74,54,57.8,Matches,d6192210
10,Nathan Aké,nl NED,DF,Manchester City,25,1995,8.9,4,0,0,8,4,0,1,9,5,0,1,0,30,24,17,58.5,Matches,eaeca114
11,Marc Albrighton,eng ENG,DFFW,Leicester City,30,1989,19.4,2,0,0,9,19,4,118,17,19,0,0,0,138,10,36,21.7,Matches,b827d5b3
12,Thiago Alcántara,es ESP,MF,Liverpool,29,1991,20.6,4,0,0,48,25,0,7,30,36,0,1,0,153,31,31,50.0,Matches,77e84962
13,Toby Alderweireld,be BEL,DF,Tottenham,31,1989,24.9,2,0,0,17,3,0,1,10,22,0,1,1,117,45,35,56.3,Matches,f7d50789
14,Rúnar Alex Rúnarsson,is ISL,GK,Arsenal,25,1995,0.2,0,0,0,0,0,0,0,0,0,0,0,0,0,0,0,,Matches,8fa8f8d2
15,Trent Alexander-Arnold,eng ENG,DF,Liverpool,21,1998,33.7,2,0,0,21,9,5,297,49,33,0,1,0,258,8,23,25.8,Matches,cd1acf9d
16,Ezgjan Alioski,mk MKD,DFMF,Leeds United,28,1992,27.3,7,0,0,39,44,6,62,23,31,0,2,0,146,39,44,47.0,Matches,1a7fcf39
17,Alisson,br BRA,GK,Liverpool,27,1992,33.0,1,0,0,1,6,0,0,2,2,0,1,0,74,12,1,92.3,Matches,7a2e46a8
18,Allan,br BRA,MF,Everton,29,1991,22.8,6,0,0,37,30,0,4,19,45,0,0,0,187,4,11,26.7,Matches,cc700722
19,Dele Alli,eng ENG,MF,Tottenham,24,1996,6.9,0,0,0,10,12,1,10,7,11,0,0,0,50,8,11,42.1,Matches,cea4ee8f
20,Miguel Almirón,py PAR,MFFW,Newcastle Utd,26,1994,27.0,3,0,0,18,39,6,39,25,29,0,0,0,163,8,17,32.0,Matches,862a1c15
21,Marcos Alonso,es ESP,DF,Chelsea,29,1990,10.7,2,0,0,13,12,2,24,12,3,0,0,0,59,23,15,60.5,Matches,f4290206
22,Steven Alzate,co COL,MF,Brighton,21,1998,10.0,2,0,0,20,6,1,3,8,8,0,0,0,46,7,12,36.8,Matches,ad1f61f3
23,Daniel Amartey,gh GHA,DF,Leicester City,25,1994,8.0,3,0,0,3,1,0,1,12,7,0,0,0,60,19,16,54.3,Matches,1a4ef233
24,Ethan Ampadu,wls WAL,DFMF,Sheffield Utd,19,2000,23.2,3,0,0,25,25,1,19,49,36,0,1,1,114,52,29,64.2,Matches,10b9fa99
25,Joachim Andersen,dk DEN,DF,Fulham,24,1996,30.3,7,1,0,39,15,1,12,44,19,0,2,0,172,98,44,69.0,Matches,e34fc66d
26,Elliot Anderson,sct SCO,MF,Newcastle Utd,17,2002,0.0,0,0,0,0,0,0,0,0,0,0,0,0,0,0,0,,Matches,de31038e
27,Felipe Anderson,br BRA,FWMF,West Ham,27,1993,0.0,0,0,0,0,0,0,0,0,1,0,0,0,0,0,0,,Matches,9f1893b9
28,Michail Antonio,jm JAM,FW,West Ham,30,1990,21.9,3,0,0,29,40,15,31,7,4,1,0,0,51,71,88,44.7,Matches,ac05f970
29,Alphonse Areola,fr FRA,GK,Fulham,27,1993,36.0,2,0,0,0,5,0,0,1,0,0,0,0,36,13,1,92.9,Matches,2f965a72
30,Stuart Armstrong,sct SCO,MF,Southampton,28,1992,30.7,3,0,0,34,35,4,40,24,41,0,0,0,175,8,17,32.0,Matches,97333cf5
31,Kepa Arrizabalaga,es ESP,GK,Chelsea,25,1994,6.5,1,0,0,0,0,0,0,0,0,0,0,0,5,0,0,,Matches,28d596a0
32,Pierre-Emerick Aubameyang,ga GAB,FW,Arsenal,31,1989,25.9,2,0,0,13,18,17,38,7,8,0,0,1,65,34,58,37.0,Matches,d5dd5f1f
33,Serge Aurier,ci CIV,DF,Tottenham,27,1992,17.8,0,0,0,23,15,1,35,19,33,0,1,0,111,36,40,47.4,Matches,5c2b4f07
34,Charlie Austin,eng ENG,FWMF,West Brom,31,1989,1.5,0,0,0,0,2,1,0,3,2,0,0,0,4,6,13,31.6,Matches,8d228291
35,Jordan Ayew,gh GHA,FWMF,Crystal Palace,28,1991,23.3,4,0,0,45,63,5,31,16,26,0,0,0,108,29,94,23.6,Matches,da052c14
36,Luke Ayling,eng ENG,DF,Leeds United,28,1991,37.8,7,0,0,29,54,2,82,36,61,0,1,0,279,65,65,50.0,Matches,420d7c7d
37,César Azpilicueta,es ESP,DF,Chelsea,30,1989,24.3,5,1,0,32,14,5,37,28,28,0,0,0,131,55,44,55.6,Matches,53cad200
38,Eric Bailly,ci CIV,DF,Manchester Utd,26,1994,10.2,3,0,0,10,4,0,0,13,5,0,0,0,73,24,17,58.5,Matches,a1232f4e
39,Fabián Balbuena,py PAR,DF,West Ham,28,1991,13.3,1,1,0,12,3,0,3,25,12,0,0,0,73,21,17,55.3,Matches,3626f7d9
40,George Baldock,gr GRE,DF,Sheffield Utd,27,1993,31.0,7,0,0,46,21,10,62,25,34,0,0,0,127,26,28,48.1,Matches,394854c4
41,Gareth Bale,wls WAL,FW,Tottenham,31,1989,10.2,1,0,0,9,9,5,40,8,10,0,0,0,38,23,11,67.6,Matches,a58bb1e1
42,Patrick Bamford,eng ENG,FW,Leeds United,26,1993,33.9,3,0,0,36,23,18,3,10,9,3,0,0,59,47,73,39.2,Matches,93feac6e
43,Phil Bardsley,sct SCO,DF,Burnley,35,1985,3.0,2,0,0,8,4,0,10,6,5,0,0,0,14,6,2,75.0,Matches,1ae30132
44,Ross Barkley,eng ENG,MF,Aston Villa,26,1993,17.0,0,0,0,12,17,5,61,5,2,1,0,0,70,21,22,48.8,Matches,3a24769f
45,Ross Barkley,eng ENG,FWMF,Chelsea,26,1993,0.5,0,0,0,2,2,1,0,0,0,0,0,0,6,2,1,66.7,Matches,3a24769f
46,Ashley Barnes,eng ENG,FW,Burnley,30,1989,14.8,4,0,0,46,49,17,8,5,6,1,0,0,41,60,82,42.3,Matches,2691c772
47,Harvey Barnes,eng ENG,FWMF,Leicester City,22,1997,21.6,0,0,0,16,33,1,27,8,9,0,0,0,86,24,32,42.9,Matches,3ea50f67
48,Kyle Bartley,eng ENG,DF,West Brom,29,1991,28.7,4,0,0,30,8,5,1,38,16,0,1,0,137,105,56,65.2,Matches,18e96f64
49,Chris Basham,eng ENG,DFMF,Sheffield Utd,32,1988,28.6,5,0,0,25,28,6,25,49,42,1,1,0,158,54,61,47.0,Matches,1aa84968
50,Michy Batshuayi,be BEL,FW,Crystal Palace,26,1993,8.1,0,0,0,12,5,11,5,4,3,1,0,0,15,10,15,40.0,Matches,2973d8ff
51,Jan Bednarek,pl POL,DF,Southampton,24,1996,34.4,5,1,0,30,13,0,0,84,19,0,1,1,205,95,53,64.2,Matches,4115ce4e
52,Donny van de Beek,nl NED,MFFW,Manchester Utd,23,1997,5.8,1,0,0,5,6,0,0,6,10,1,0,0,38,2,5,28.6,Matches,50dc94ce
53,Héctor Bellerín,es ESP,DFMF,Arsenal,25,1995,23.2,8,0,0,21,7,1,54,33,19,1,0,0,91,31,30,50.8,Matches,f874dd44
54,Saïd Benrahma,dz ALG,FWMF,West Ham,24,1995,15.5,0,0,0,14,15,2,44,8,15,0,1,0,91,2,13,13.3,Matches,5a04fd92
55,Josh Benson,eng ENG,MF,Burnley,20,1999,2.9,0,0,0,4,1,0,5,3,1,0,1,0,18,2,4,33.3,Matches,bf3aeb61
56,Christian Benteke,be BEL,FW,Crystal Palace,29,1990,20.2,3,1,1,35,20,14,3,4,7,0,0,0,45,204,154,57.0,Matches,ab070c55
57,Gaetano Berardi,ch SUI,DF,Leeds United,31,1988,1.3,0,0,0,1,0,0,1,1,2,0,0,0,7,4,3,57.1,Matches,5348aada
58,Jóhann Berg Guðmundsson,is ISL,MF,Burnley,29,1990,15.1,2,0,0,11,16,1,31,17,11,0,0,0,81,19,27,41.3,Matches,f72293fc
59,Sander Berge,no NOR,MF,Sheffield Utd,22,1998,12.4,4,0,0,14,4,2,23,4,7,0,0,0,68,16,15,51.6,Matches,d0b6129f
60,Steven Bergwijn,nl NED,FWMF,Tottenham,22,1997,13.4,3,0,0,20,16,1,13,5,7,1,0,0,76,2,10,16.7,Matches,a29b1131
61,Bernard,br BRA,MFFW,Everton,27,1992,5.1,2,0,0,6,7,0,14,8,3,0,0,0,31,0,1,0.0,Matches,ab4b3e35
62,Bernardo,br BRA,DFMF,Brighton,25,1995,2.3,0,0,0,1,1,0,5,1,8,0,0,0,7,7,7,50.0,Matches,17370b95
63,Ryan Bertrand,eng ENG,DF,Southampton,30,1989,28.9,5,0,0,29,35,3,82,30,32,0,1,0,89,37,53,41.1,Matches,01226327
64,Yves Bissouma,ml MLI,MF,Brighton,23,1996,34.6,8,1,0,55,32,0,7,64,68,0,0,0,271,38,22,63.3,Matches,6c203af0
65,Jayden Bogle,eng ENG,DFMF,Sheffield Utd,20,2000,12.3,2,0,0,15,9,1,12,14,23,0,0,0,64,18,22,45.0,Matches,ae5019e6
66,Willy Boly,ci CIV,DF,Wolves,29,1991,20.9,2,0,0,15,8,0,0,32,20,0,1,0,88,55,25,68.8,Matches,a4ac4b8f
67,Jarrod Bowen,eng ENG,FWMF,West Ham,23,1996,28.5,0,0,0,15,54,15,122,22,15,0,0,0,134,23,51,31.1,Matches,79c84d1c
68,Robbie Brady,ie IRL,MF,Burnley,28,1992,11.7,3,0,0,21,9,1,43,9,15,0,0,0,80,19,21,47.5,Matches,96bb8cc2
69,Rhian Brewster,eng ENG,FWMF,Sheffield Utd,20,2000,12.5,1,0,0,18,13,4,16,5,5,0,0,0,35,14,50,21.9,Matches,30e81a88
70,Nathan Broadhead,wls WAL,FW,Everton,22,1998,0.0,0,0,0,0,0,0,0,0,1,0,0,0,0,0,0,,Matches,43309491
71,Josh Brownhill,eng ENG,MF,Burnley,24,1995,31.3,2,0,0,36,32,2,17,69,27,0,0,0,195,63,53,54.3,Matches,47369df8
72,Joe Bryan,eng ENG,DFMF,Fulham,26,1993,7.4,2,0,0,10,7,0,48,14,8,1,1,0,38,6,3,66.7,Matches,af69e7f0
73,Kean Bryan,eng ENG,DF,Sheffield Utd,23,1996,11.2,1,0,0,13,2,0,17,13,10,0,0,1,54,31,19,62.0,Matches,c684d3c9
74,Oliver Burke,sct SCO,FW,Sheffield Utd,23,1997,14.1,2,0,0,23,6,3,10,2,8,0,0,0,29,30,46,39.5,Matches,f631c17f
75,Dan Burn,eng ENG,DF,Brighton,28,1992,22.9,5,0,0,35,6,4,37,31,26,0,1,1,109,95,41,69.9,Matches,b2d31e83
76,Jack Butland,eng ENG,GK,Crystal Palace,27,1993,1.0,0,0,0,0,0,0,0,0,0,0,0,0,2,0,0,,Matches,cc70a1d5
77,David Button,eng ENG,GK,West Brom,31,1989,1.0,0,0,0,0,0,0,0,0,0,0,0,0,1,1,0,100.0,Matches,e608ed4c
78,Oskar Buur,dk DEN,DF,Wolves,22,1998,0.2,0,0,0,0,0,0,0,0,0,0,0,0,0,1,0,100.0,Matches,aa6f2f2c
79,Willy Caballero,ar ARG,GK,Chelsea,38,1981,1.0,0,0,0,0,0,0,0,0,0,0,0,0,3,0,0,,Matches,a179d516
80,Gary Cahill,eng ENG,DF,Crystal Palace,34,1985,20.0,3,0,0,12,3,3,0,13,9,0,0,0,64,69,36,65.7,Matches,7914b9fe
81,Tom Cairney,sct SCO,MF,Fulham,29,1991,8.4,2,0,0,4,18,1,37,0,3,1,0,0,39,4,4,50.0,Matches,a8748947
82,Dominic Calvert-Lewin,eng ENG,FW,Everton,23,1997,31.9,3,0,0,37,41,18,9,6,8,2,0,0,61,153,132,53.7,Matches,59e6e5bf
83,João Cancelo,pt POR,DFMF,Manchester City,26,1994,25.5,5,1,0,36,18,2,72,41,41,0,0,0,162,30,29,50.8,Matches,bd6351cd
84,Ian Carlo Poveda,eng ENG,MF,Leeds United,20,2000,3.9,0,0,0,5,6,2,9,1,4,0,0,0,19,0,1,0.0,Matches,55b4f1d6
85,Andy Carroll,eng ENG,FW,Newcastle Utd,31,1989,4.4,1,0,0,12,10,4,0,0,1,0,0,0,7,52,26,66.7,Matches,b581987a
86,Scott Carson,eng ENG,GK,Manchester City,34,1985,1.0,0,0,0,0,0,0,0,0,0,0,0,0,2,0,0,,Matches,3e1550ee
87,Fabio Carvalho,pt POR,MFFW,Fulham,17,2002,2.8,0,0,0,4,2,0,4,1,6,0,0,0,12,1,4,20.0,Matches,966e28d0
88,Matty Cash,pl POL,DF,Aston Villa,22,1997,26.4,8,1,1,35,22,2,81,60,40,0,2,0,134,34,39,46.6,Matches,2389cdc2
89,Kiko Casilla,es ESP,GK,Leeds United,33,1986,3.0,0,0,0,0,0,0,0,0,0,0,0,0,8,2,0,100.0,Matches,58bc7d18
90,Timothy Castagne,be BEL,DF,Leicester City,24,1995,26.1,1,0,0,20,14,1,46,29,32,0,0,0,129,40,43,48.2,Matches,197640fd
91,Jonny Castro,es ESP,MFDF,Wolves,26,1994,5.5,0,0,0,7,11,0,9,9,5,0,0,0,25,5,2,71.4,Matches,e28868f3
92,Ivan Cavaleiro,pt POR,FW,Fulham,26,1993,27.5,2,0,0,30,28,9,122,19,14,0,0,0,123,48,88,35.3,Matches,979b811d
93,Edinson Cavani,uy URU,FW,Manchester Utd,33,1987,15.3,4,0,0,21,13,6,4,6,8,0,0,0,41,10,17,37.0,Matches,527f063d
94,Dani Ceballos,es ESP,MF,Arsenal,23,1996,17.9,4,0,0,23,24,0,29,35,22,0,0,0,136,8,13,38.1,Matches,c0617e2b
95,Calum Chambers,eng ENG,DF,Arsenal,25,1995,8.4,0,0,0,7,2,0,33,10,3,0,0,0,42,20,18,52.6,Matches,dc6f5bdd
96,Ben Chilwell,eng ENG,DF,Chelsea,23,1996,25.4,3,0,0,23,41,8,136,24,22,0,0,0,122,38,33,53.5,Matches,d2424d1b
97,Hamza Choudhury,eng ENG,MF,Leicester City,22,1997,3.5,1,0,0,6,2,0,1,4,7,0,0,0,24,6,1,85.7,Matches,7d2d3329
98,Andreas Christensen,dk DEN,DF,Chelsea,24,1996,15.2,2,1,0,9,7,0,0,20,6,0,0,0,85,38,18,67.9,Matches,1cb49278
99,Carney Chukwuemeka,eng ENG,MFFW,Aston Villa,16,2003,0.2,0,0,0,2,0,0,0,0,2,0,0,0,1,1,4,20.0,Matches,b2f9c73e
100,Ciaran Clark,ie IRL,DF,Newcastle Utd,30,1989,21.0,3,0,0,16,11,1,0,29,14,0,1,1,105,69,40,63.3,Matches,2b91cf8e
101,Nathaniel Clyne,eng ENG,DF,Crystal Palace,29,1991,12.7,2,0,0,4,2,0,23,18,10,0,0,0,56,4,10,28.6,Matches,0442183b
102,Conor Coady,eng ENG,DF,Wolves,27,1993,36.7,5,0,0,22,10,0,0,27,23,0,1,0,155,40,28,58.8,Matches,2928dca2
103,Séamus Coleman,ie IRL,DFMF,Everton,31,1988,17.9,0,0,0,12,17,0,35,13,26,0,0,0,124,9,11,45.0,Matches,0420d84f
104,Aaron Connolly,ie IRL,FW,Brighton,20,2000,8.8,0,0,0,6,16,8,2,0,3,1,0,0,12,7,31,18.4,Matches,27c01749
105,Liam Cooper,sct SCO,DF,Leeds United,28,1991,24.3,4,1,0,23,27,1,0,61,45,0,0,0,156,94,61,60.6,Matches,dc64b8b3
106,Theo Corbeanu,ca CAN,FW,Wolves,18,2002,0.1,0,0,0,0,0,0,1,1,1,0,0,0,0,0,0,,Matches,25b82f9a
107,Jack Cork,eng ENG,MF,Burnley,31,1989,15.0,2,0,0,21,12,0,5,16,10,0,0,0,89,32,28,53.3,Matches,74e12f1e
108,Hélder Costa,ao ANG,MFFW,Leeds United,26,1994,12.8,0,0,0,20,18,3,21,3,11,0,0,1,66,4,23,14.8,Matches,f13d02a6
109,Vladimír Coufal,cz CZE,DF,West Ham,27,1992,33.9,3,0,0,29,34,0,132,41,36,0,0,0,169,50,42,54.3,Matches,fdf3cb77
110,Aaron Cresswell,eng ENG,DF,West Ham,30,1989,35.2,3,0,0,13,18,0,207,32,13,0,0,0,195,35,29,54.7,Matches,4f974391
111,Patrick Cutrone,it ITA,FW,Wolves,22,1998,0.3,0,0,0,0,1,0,0,0,0,0,0,0,0,0,2,0.0,Matches,a4fe8cda
112,Stuart Dallas,nir NIR,MFDF,Leeds United,29,1991,37.9,7,0,0,40,51,0,82,44,45,0,0,0,256,32,40,44.4,Matches,67ca8566
113,Scott Dann,eng ENG,DF,Crystal Palace,33,1987,15.0,1,0,0,6,5,0,0,18,4,0,0,0,73,51,29,63.8,Matches,52105203
114,Karl Darlow,eng ENG,GK,Newcastle Utd,29,1990,25.0,3,0,0,0,4,0,0,0,0,0,0,0,11,15,0,100.0,Matches,cde3309f
115,Ben Davies,wls WAL,DF,Tottenham,27,1993,15.0,1,0,0,19,13,1,33,18,17,1,0,0,52,26,23,53.1,Matches,44781702
116,Tom Davies,eng ENG,MF,Everton,22,1998,15.8,3,0,0,26,26,0,5,34,18,0,1,0,102,10,14,41.7,Matches,9228b07c
117,Keinan Davis,eng ENG,FWMF,Aston Villa,22,1998,3.1,0,0,0,4,5,0,4,0,1,0,0,0,10,18,16,52.9,Matches,9deaf2c8
118,Leif Davis,eng ENG,DF,Leeds United,20,2000,0.4,0,0,0,1,0,0,0,1,0,0,0,0,3,0,1,0.0,Matches,8574c61f
119,Craig Dawson,eng ENG,DF,West Ham,30,1990,21.4,5,1,1,14,12,2,0,32,8,0,0,2,92,56,25,69.1,Matches,3e9e06cb
120,Kevin De Bruyne,be BEL,MF,Manchester City,29,1991,22.2,1,0,0,27,31,1,146,9,21,2,0,0,116,4,10,28.6,Matches,e46012d4
121,Liam Delap,eng ENG,FW,Manchester City,17,2003,0.4,0,0,0,1,0,0,0,0,0,0,0,0,0,1,1,50.0,Matches,dd897ee7
122,Fabian Delph,eng ENG,MFDF,Everton,30,1989,3.0,1,0,0,3,7,0,7,4,2,0,0,0,22,0,0,,Matches,111c3236
123,Leander Dendoncker,be BEL,MFDF,Wolves,25,1995,27.8,4,0,0,31,12,4,8,27,29,0,0,1,136,85,62,57.8,Matches,5a7301ae
124,Mbaye Diagne,sn SEN,FW,West Brom,28,1991,13.2,2,0,0,17,23,17,4,1,3,0,0,0,28,52,91,36.4,Matches,dda3969e
125,Amad Diallo,ci CIV,FW,Manchester Utd,18,2002,1.8,0,0,0,2,4,0,0,0,3,0,0,0,13,1,2,33.3,Matches,9dc96f10
126,Ibrahima Diallo,fr FRA,MF,Southampton,21,1999,11.3,3,0,0,22,11,0,7,10,16,0,1,0,71,10,17,37.0,Matches,11ff3d56
127,Grady Diangana,eng ENG,MFFW,West Brom,22,1998,13.7,0,0,0,11,35,4,20,16,19,0,0,0,69,22,33,40.0,Matches,f522d7ec
128,Rúben Dias,pt POR,DF,Manchester City,23,1997,31.6,4,0,0,21,20,1,2,35,13,0,2,1,135,61,39,61.0,Matches,31c69ef1
129,Eric Dier,eng ENG,DF,Tottenham,26,1994,28.0,3,0,0,16,12,0,5,23,14,0,2,0,139,85,58,59.4,Matches,ac861941
130,Lucas Digne,fr FRA,DFMF,Everton,27,1993,29.8,2,1,0,33,22,4,215,31,38,0,0,0,141,92,42,68.7,Matches,1b84dbe1
131,Issa Diop,fr FRA,DF,West Ham,23,1997,15.3,3,0,0,8,8,1,0,22,14,0,0,1,58,24,18,57.1,Matches,a712ca2b
132,Moussa Djenepo,ml MLI,MF,Southampton,22,1998,13.8,5,0,0,29,39,3,9,10,27,1,1,0,68,11,31,26.2,Matches,254147d4
133,Matt Doherty,ie IRL,DF,Tottenham,28,1992,13.8,4,1,1,20,12,0,31,23,15,0,1,0,57,49,25,66.2,Matches,d557d734
134,Gabriel Dos Santos,br BRA,DF,Arsenal,22,1997,22.2,4,1,1,23,26,0,2,26,15,0,1,0,118,57,40,58.8,Matches,67ac5bb8
135,Abdoulaye Doucouré,ml MLI,MF,Everton,27,1993,27.1,6,0,0,23,12,0,9,39,32,0,0,0,186,38,19,66.7,Matches,02b29014
136,Martin Dúbravka,sk SVK,GK,Newcastle Utd,31,1989,13.0,0,0,0,0,5,0,0,0,0,0,0,0,18,4,0,100.0,Matches,3a949a25
137,Paul Dummett,wls WAL,DF,Newcastle Utd,28,1991,13.9,2,0,0,9,4,0,10,16,7,0,0,0,44,39,31,55.7,Matches,3fe6bd8c
138,Lewis Dunk,eng ENG,DF,Brighton,28,1991,32.6,5,2,0,22,20,2,1,32,15,0,0,1,223,78,37,67.8,Matches,282f75f3
139,Jimmy Dunne,ie IRL,DF,Burnley,22,1997,3.0,1,0,0,2,3,0,0,6,3,0,0,0,23,23,6,79.3,Matches,1fdfd6da
140,Ederson,br BRA,GK,Manchester City,26,1993,36.0,3,0,0,1,4,0,0,0,1,0,0,0,47,6,1,85.7,Matches,3bb7b8b4
141,Kyle Edwards,eng ENG,MFFW,West Brom,22,1998,1.3,0,0,0,1,1,0,1,1,2,0,0,0,7,0,0,,Matches,1566e437
142,John Egan,ie IRL,DF,Sheffield Utd,27,1992,29.2,7,1,0,29,10,0,4,41,21,0,0,0,129,80,56,58.8,Matches,debe38a0
143,Anthony Elanga,se SWE,FW,Manchester Utd,18,2002,1.7,0,0,0,2,4,1,2,1,2,0,0,0,9,1,4,20.0,Matches,2fba6108
144,Ahmed Elmohamady,eg EGY,DF,Aston Villa,32,1987,9.3,2,0,0,6,3,0,39,17,13,0,0,0,63,18,9,66.7,Matches,615ef733
145,Mohamed Elneny,eg EGY,MF,Arsenal,28,1992,17.2,3,0,0,10,10,0,2,24,6,0,0,0,92,7,24,22.6,Matches,47a34c4f
146,Jonny Evans,nir NIR,DF,Leicester City,32,1988,27.5,7,0,0,18,12,1,0,46,12,0,0,1,190,92,36,71.9,Matches,f8fcd2a5
147,Eberechi Eze,eng ENG,MF,Crystal Palace,22,1998,28.4,3,0,0,18,72,1,86,24,14,0,0,0,178,12,29,29.3,Matches,ae4fc6a4
148,Łukasz Fabiański,pl POL,GK,West Ham,35,1985,35.0,2,0,0,1,2,0,0,1,0,0,1,0,28,3,0,100.0,Matches,9328b835
149,Fabinho,br BRA,DFMF,Liverpool,26,1993,28.5,6,0,0,29,27,0,1,44,31,1,2,0,208,54,52,50.9,Matches,7f3b388c
150,Bruno Fernandes,pt POR,MF,Manchester Utd,25,1994,34.4,6,0,0,43,52,3,166,26,30,0,1,0,162,15,41,26.8,Matches,507c7bdf
151,Federico Fernández,ar ARG,DF,Newcastle Utd,31,1989,23.1,4,0,0,15,15,0,13,17,22,0,1,1,91,48,29,62.3,Matches,f25b010f
152,Fernandinho,br BRA,MF,Manchester City,35,1985,13.2,6,0,0,22,11,0,6,23,17,0,0,0,91,30,18,62.5,Matches,101da2b5
153,Sam Field,eng ENG,MF,West Brom,22,1998,0.7,0,0,0,2,1,0,0,2,5,0,0,0,7,3,2,60.0,Matches,bd8a7d05
154,Roberto Firmino,br BRA,FW,Liverpool,28,1991,31.5,2,0,0,22,16,4,14,11,15,0,0,0,109,22,74,22.9,Matches,4c370d81
155,John Fleck,sct SCO,MF,Sheffield Utd,28,1991,28.6,4,0,0,33,28,0,96,28,33,0,0,0,156,12,20,37.5,Matches,b63e789d
156,Phil Foden,eng ENG,FWMF,Manchester City,20,2000,18.0,0,0,0,12,34,3,74,11,11,0,0,0,72,16,26,38.1,Matches,ed1e53f3
157,Wesley Fofana,fr FRA,DF,Leicester City,19,2000,25.1,7,0,0,37,29,2,2,61,37,1,1,0,181,88,60,59.5,Matches,132a82f1
158,Pablo Fornals,es ESP,FWMF,West Ham,24,1996,28.6,3,0,0,26,17,7,45,36,26,0,0,0,163,23,38,37.7,Matches,82927de4
159,Fraser Forster,eng ENG,GK,Southampton,32,1988,8.0,0,0,0,1,3,0,0,0,0,0,1,0,7,2,0,100.0,Matches,c3e39f12
160,Timothy Fosu-Mensah,nl NED,DF,Manchester Utd,22,1998,0.9,1,0,0,1,0,1,4,3,0,0,0,0,7,1,1,50.0,Matches,a9142dc3
161,Tyrese Francois,au AUS,DF,Fulham,20,2000,0.2,0,0,0,0,0,0,0,0,0,0,0,0,0,0,1,0.0,Matches,6722d4f0
162,Ryan Fraser,sct SCO,FWMF,Newcastle Utd,26,1994,10.3,2,1,1,5,20,0,103,6,1,1,0,0,30,5,22,18.5,Matches,d56543a0
163,Fred,br BRA,MF,Manchester Utd,27,1993,26.6,5,0,0,45,30,1,9,45,39,0,0,0,228,9,14,39.1,Matches,b853e0ad
164,Ryan Fredericks,eng ENG,DFFW,West Ham,27,1992,6.3,2,0,0,11,10,1,23,11,5,0,0,0,30,6,13,31.6,Matches,c067631c
165,Christian Fuchs,at AUT,DF,Leicester City,34,1986,7.8,4,0,0,14,5,0,11,16,7,0,1,0,42,19,13,59.4,Matches,a67a09fb
166,Darnell Furlong,eng ENG,DF,West Brom,24,1995,32.6,5,0,0,34,33,3,99,49,27,0,2,1,98,117,88,57.1,Matches,3ec9195b
167,Conor Gallagher,eng ENG,MF,West Brom,20,2000,28.1,11,0,0,43,63,0,66,27,41,0,0,0,185,22,36,37.9,Matches,c2731c10
168,Eric García,es ESP,DF,Manchester City,19,2001,4.3,0,0,0,4,2,0,0,4,7,0,1,0,19,3,8,27.3,Matches,2bed3eab
169,Dwight Gayle,eng ENG,FWMF,Newcastle Utd,29,1990,5.7,0,0,0,6,6,3,5,1,0,0,0,0,9,11,16,40.7,Matches,e58a03c6
170,Jean-Philippe Gbamin,ci CIV,MF,Everton,24,1995,0.1,0,0,0,0,0,0,0,0,0,0,0,0,2,0,0,,Matches,6bd603db
171,David de Gea,es ESP,GK,Manchester Utd,29,1990,25.5,0,0,0,0,3,0,0,0,0,0,0,0,32,4,1,80.0,Matches,7ba6d84e
172,Anwar El Ghazi,nl NED,FW,Aston Villa,25,1995,17.9,2,0,0,18,28,5,87,6,13,0,0,0,67,28,49,36.4,Matches,ffa90327
173,Kieran Gibbs,eng ENG,DF,West Brom,30,1989,9.0,1,1,0,6,2,0,11,16,11,0,0,0,47,9,16,36.0,Matches,46ee5234
174,Morgan Gibbs-White,eng ENG,MFFW,Wolves,20,2000,4.6,1,0,0,5,10,1,11,3,7,0,0,0,27,2,7,22.2,Matches,32f60ed8
175,Billy Gilmour,sct SCO,MF,Chelsea,19,2001,2.9,0,0,0,2,2,0,2,3,2,0,1,0,11,2,2,50.0,Matches,df10e27c
176,Olivier Giroud,fr FRA,FW,Chelsea,33,1986,8.3,1,0,0,15,6,6,2,5,2,0,0,0,22,23,33,41.1,Matches,16ceb862
177,Ben Godfrey,eng ENG,DF,Everton,22,1998,29.8,4,0,0,15,17,4,6,33,33,0,1,1,136,57,32,64.0,Matches,9f7c837d
178,André Gomes,pt POR,MF,Everton,27,1993,17.4,3,0,0,35,14,2,23,10,23,0,1,0,126,19,14,57.6,Matches,1961b2aa
179,Joe Gomez,eng ENG,DF,Liverpool,23,1997,6.6,0,0,0,6,6,0,0,4,2,0,1,0,35,21,18,53.8,Matches,7a11550b
180,Anthony Gordon,eng ENG,FWMF,Everton,19,2001,1.0,0,0,0,0,2,1,1,1,3,0,0,0,6,1,1,50.0,Matches,2bd83368
181,Karlan Grant,eng ENG,FWMF,West Brom,22,1997,12.5,1,0,0,9,13,6,14,5,3,0,0,0,27,14,59,19.2,Matches,87f7500e
182,Demarai Gray,eng ENG,FW,Leicester City,24,1996,0.2,0,0,0,0,0,0,2,0,1,0,0,0,1,0,0,,Matches,4468ec10
183,Jack Grealish,eng ENG,FWMF,Aston Villa,24,1995,24.3,6,0,0,40,110,7,76,12,14,2,0,0,125,25,27,48.1,Matches,b0b4fd3e
184,Mason Greenwood,eng ENG,FW,Manchester Utd,18,2001,20.2,2,0,0,17,20,4,30,5,10,0,0,0,79,6,14,30.0,Matches,58eee997
185,Pascal Groß,de GER,MFDF,Brighton,29,1991,27.6,3,0,0,19,16,5,219,23,24,1,0,0,149,22,43,33.8,Matches,8aec0537
186,Kamil Grosicki,pl POL,MFFW,West Brom,32,1988,1.6,0,0,0,1,0,0,5,2,1,0,0,0,6,0,2,0.0,Matches,81d8091f
187,Vicente Guaita,es ESP,GK,Crystal Palace,33,1987,37.0,2,0,0,0,6,0,0,1,1,0,0,0,26,9,1,90.0,Matches,ab13a5aa
188,İlkay Gündoğan,de GER,MF,Manchester City,29,1990,22.5,1,0,0,8,26,1,30,20,15,1,0,0,132,11,13,45.8,Matches,819b3158
189,Antwoine Hackford,eng ENG,DF,Sheffield Utd,16,2004,0.1,0,0,0,0,0,0,0,0,0,0,0,0,1,0,1,0.0,Matches,a7588cdc
190,Sébastien Haller,ci CIV,FW,West Ham,26,1994,10.4,0,0,0,24,15,10,2,5,9,0,0,0,24,67,69,49.3,Matches,ba115a40
191,Rekeem Harper,eng ENG,MF,West Brom,20,2000,0.4,0,0,0,1,0,0,0,1,0,0,0,0,2,1,0,100.0,Matches,3c066877
192,Jack Harrison,eng ENG,MFFW,Leeds United,23,1996,31.6,2,0,0,28,23,12,167,15,38,0,0,0,153,26,40,39.4,Matches,aa849a12
193,Kortney Hause,eng ENG,DF,Aston Villa,25,1995,7.0,2,0,0,5,3,0,0,8,2,0,0,0,33,39,17,69.6,Matches,bf8fad51
194,Kai Havertz,de GER,MFFW,Chelsea,21,1999,16.9,2,0,0,27,15,7,11,4,9,2,0,0,71,28,32,46.7,Matches,fed7cb61
195,Isaac Hayden,eng ENG,MFDF,Newcastle Utd,25,1995,21.6,8,0,0,38,17,1,19,43,29,0,0,0,116,56,34,62.2,Matches,c951a6df
196,Michael Hector,jm JAM,DF,Fulham,28,1992,2.9,2,0,0,5,3,0,0,0,2,0,0,0,19,6,4,60.0,Matches,5f1a2f31
197,Ahmed Hegazi,eg EGY,DF,West Brom,29,1991,1.0,0,0,0,0,0,0,0,1,0,0,0,0,8,5,2,71.4,Matches,5540c9dc
198,Dean Henderson,eng ENG,GK,Manchester Utd,23,1997,12.5,3,0,0,0,0,0,0,0,1,0,0,0,9,7,0,100.0,Matches,e5a76dfe
199,Jordan Henderson,eng ENG,MFDF,Liverpool,30,1990,18.9,0,0,0,8,11,0,29,34,15,0,0,0,168,11,6,64.7,Matches,935e6b8f
200,Jeff Hendrick,ie IRL,MF,Newcastle Utd,28,1992,15.8,3,1,1,15,12,3,6,19,3,0,0,0,68,11,27,28.9,Matches,989d5705
201,Pablo Hernández,es ESP,MF,Leeds United,35,1985,4.7,1,0,0,1,6,0,13,0,3,0,0,0,35,0,2,0.0,Matches,c0398aca
202,Son Heung-min,kr KOR,FW,Tottenham,28,1992,34.6,0,0,0,14,54,16,148,14,18,0,0,0,145,20,62,24.4,Matches,92e7e919
203,Ki-Jana Hoever,nl NED,DFMF,Wolves,18,2002,6.4,1,0,0,4,4,1,21,9,6,0,0,0,45,6,9,40.0,Matches,9a71e978
204,Rob Holding,eng ENG,DF,Arsenal,24,1995,28.4,2,0,0,25,5,2,2,24,20,0,0,1,138,71,60,54.2,Matches,d79a8c87
205,Mason Holgate,eng ENG,DF,Everton,23,1996,25.4,9,0,0,29,29,1,26,35,36,0,0,0,139,39,20,66.1,Matches,d0042ab9
206,Conor Hourihane,ie IRL,MF,Aston Villa,29,1991,2.5,0,0,0,1,0,0,27,0,0,0,0,0,11,2,0,100.0,Matches,fcab00a0
207,Callum Hudson-Odoi,eng ENG,FWDF,Chelsea,19,2000,11.8,0,0,0,11,8,5,58,6,15,0,0,0,47,1,9,10.0,Matches,15f3ec41
208,Niall Huggins,wls WAL,DF,Leeds United,19,2000,0.4,0,0,0,0,0,0,1,0,0,0,0,0,3,0,0,,Matches,6d646ff7
209,Pierre Højbjerg,dk DEN,MF,Tottenham,24,1995,38.0,9,0,0,69,53,0,6,48,51,0,1,0,296,43,36,54.4,Matches,8b04d6c1
210,Odion Ighalo,ng NGA,FW,Manchester Utd,31,1989,0.1,0,0,0,0,0,0,0,0,0,0,0,0,0,0,2,0.0,Matches,03622183
211,Kelechi Iheanacho,ng NGA,FW,Leicester City,23,1996,16.2,1,0,0,26,13,9,13,2,5,0,1,0,59,7,38,15.6,Matches,c92e1a31
212,Danny Ings,eng ENG,FW,Southampton,28,1992,24.1,1,0,0,19,18,18,19,3,13,0,1,0,73,23,72,24.2,Matches,07802f7f
213,Branislav Ivanović,rs SRB,DF,West Brom,36,1984,8.5,2,0,0,11,4,1,1,8,5,0,0,0,36,13,10,56.5,Matches,85f8571a
214,Alex Iwobi,ng NGA,FWMF,Everton,24,1996,17.1,0,0,0,13,12,0,69,16,10,0,0,0,93,3,8,27.3,Matches,6ca5ec4b
215,José Izquierdo,co COL,DF,Brighton,28,1992,0.1,0,0,0,0,0,0,0,0,0,0,0,0,0,0,0,,Matches,ca2bc3df
216,Phil Jagielka,eng ENG,DF,Sheffield Utd,37,1982,5.8,1,1,0,8,1,0,1,10,4,0,0,1,36,13,11,54.2,Matches,3233eefd
217,Alireza Jahanbakhsh,ir IRN,FWMF,Brighton,26,1993,5.9,3,0,0,7,4,0,30,8,7,0,0,0,25,5,11,31.3,Matches,08452314
218,Daniel James,wls WAL,FW,Manchester Utd,22,1997,10.1,3,0,0,14,14,4,20,0,9,0,0,0,45,5,15,25.0,Matches,c931d9f9
219,Reece James,eng ENG,DF,Chelsea,20,1999,26.4,3,0,0,31,17,1,144,17,35,0,1,0,153,40,24,62.5,Matches,1265a93a
220,Alexandre Jankewitz,ch SUI,MF,Southampton,18,2001,0.0,0,1,0,1,1,0,0,0,1,0,0,0,0,0,0,,Matches,7c39363f
221,Daniel Jebbison,eng ENG,FW,Sheffield Utd,17,2003,3.2,0,0,0,6,4,1,1,1,2,0,0,0,15,5,21,19.2,Matches,03edb878
222,Gabriel Jesus,br BRA,FW,Manchester City,23,1997,22.9,2,0,0,28,46,17,11,15,6,1,1,0,86,18,53,25.4,Matches,b66315ae
223,Raúl Jiménez,mx MEX,FW,Wolves,29,1991,9.1,0,0,0,9,17,4,4,8,2,0,0,1,32,14,18,43.8,Matches,b561db50
224,Joelinton,br BRA,FWMF,Newcastle Utd,23,1996,22.0,3,0,0,24,36,6,12,9,21,1,0,0,105,81,118,40.7,Matches,c17bfb65
225,Ben Johnson,eng ENG,DFFW,West Ham,20,2000,5.8,1,0,0,6,3,0,19,11,5,0,0,0,29,6,7,46.2,Matches,9319781b
226,Sam Johnstone,eng ENG,GK,West Brom,27,1993,37.0,1,0,0,1,5,0,0,2,0,0,1,0,37,5,1,83.3,Matches,9e5708be
227,Curtis Jones,eng ENG,MF,Liverpool,19,2001,13.1,2,0,0,18,13,1,7,19,6,0,0,0,80,14,18,43.8,Matches,4fb9c88f
228,Jorginho,it ITA,MF,Chelsea,28,1991,22.3,2,0,0,32,29,0,3,40,30,0,1,0,168,17,13,56.7,Matches,45db685d
229,Willian José,br BRA,FW,Wolves,28,1991,12.3,0,0,0,8,10,2,6,1,1,1,0,0,40,26,34,43.3,Matches,d87e2cae
230,Diogo Jota,pt POR,FW,Liverpool,23,1996,12.4,2,0,0,25,20,1,18,5,6,0,0,0,53,14,37,27.5,Matches,178ae8f8
231,James Justin,eng ENG,DF,Leicester City,22,1998,23.0,4,0,0,16,38,3,59,30,37,2,0,0,103,26,42,38.2,Matches,fb614c44
232,Ozan Kabak,tr TUR,DF,Liverpool,20,2000,8.9,3,0,0,12,3,0,0,12,10,0,0,0,54,26,20,56.5,Matches,2d61d13a
233,Aboubakar Kamara,mr MTN,FWMF,Fulham,25,1995,3.5,1,1,0,9,3,0,13,1,2,0,1,0,19,11,8,57.9,Matches,4047c976
234,Harry Kane,eng ENG,FW,Tottenham,27,1993,34.2,1,0,0,26,60,13,38,11,12,2,0,0,89,75,113,39.9,Matches,21a66f6a
235,N'Golo Kanté,fr FRA,MF,Chelsea,29,1991,23.8,7,0,0,36,7,0,8,59,42,0,0,0,194,17,28,37.8,Matches,b9fbae28
236,Moise Kean,it ITA,FWMF,Everton,20,2000,0.2,0,0,0,1,0,0,2,0,0,0,0,0,1,0,0,,Matches,3d50bcdb
237,Michael Keane,eng ENG,DF,Everton,27,1993,33.2,4,0,0,15,8,0,1,51,15,0,0,0,125,109,48,69.4,Matches,c5b7c315
238,Neeskens Kebano,cd COD,FWMF,Fulham,28,1992,1.3,0,0,0,3,1,1,7,0,0,0,0,0,10,0,3,0.0,Matches,18b999f4
239,Naby Keïta,gn GUI,MF,Liverpool,25,1995,5.8,1,0,0,13,2,0,3,9,5,0,0,0,35,4,9,30.8,Matches,f25c8e3a
240,Caoimhín Kelleher,ie IRL,GK,Liverpool,21,1998,2.0,0,0,0,0,0,0,0,0,0,0,0,0,3,0,0,,Matches,62d7ef38
241,Martin Kelly,eng ENG,DF,Crystal Palace,30,1990,0.0,0,0,0,0,0,0,0,0,0,0,0,0,1,0,0,,Matches,d7492450
242,Jonjoe Kenny,eng ENG,DF,Everton,23,1997,0.9,0,0,0,0,0,1,6,1,1,0,0,0,0,0,0,,Matches,099e666f
243,Reda Khadra,de GER,MF,Brighton,19,2001,0.1,0,0,0,0,0,0,0,0,0,0,0,0,0,0,1,0.0,Matches,88acf83f
244,Max Kilman,eng ENG,DF,Wolves,23,1997,14.6,4,0,0,20,4,0,0,19,14,0,1,0,64,20,25,44.4,Matches,d0f72bf1
245,Joshua King,no NOR,MFFW,Everton,28,1992,1.6,0,0,0,4,1,3,1,1,1,0,0,0,10,5,6,45.5,Matches,43458538
246,Mateusz Klich,pl POL,MF,Leeds United,30,1990,26.6,6,0,0,46,20,6,63,11,20,0,1,0,163,13,18,41.9,Matches,282679b4
247,Robin Koch,de GER,DFMF,Leeds United,24,1996,12.6,1,0,0,17,8,0,1,27,16,0,2,0,76,37,29,56.1,Matches,ea6bc03a
248,Sead Kolašinac,ba BIH,DF,Arsenal,27,1993,1.0,0,0,0,1,1,0,1,1,0,0,0,0,2,1,1,50.0,Matches,3935e52e
249,Terence Kongolo,nl NED,DF,Fulham,26,1994,1.0,0,0,0,1,1,0,1,2,2,0,0,0,3,3,2,60.0,Matches,1f9a3a04
250,Ezri Konsa,eng ENG,DF,Aston Villa,22,1997,35.5,3,0,0,19,54,1,3,29,13,0,1,0,156,93,54,63.3,Matches,0313a347
251,Cheikhou Kouyaté,sn SEN,DF,Crystal Palace,30,1989,34.7,4,0,0,36,15,0,3,32,37,0,0,0,177,82,54,60.3,Matches,8d3c902d
252,Mateo Kovačić,hr CRO,MF,Chelsea,26,1994,20.2,4,0,0,16,30,0,6,15,28,0,0,0,121,11,12,47.8,Matches,79c0821a
253,Emil Krafth,se SWE,DF,Newcastle Utd,25,1994,14.3,4,0,0,12,9,1,18,15,8,0,0,0,61,25,19,56.8,Matches,77cf6852
254,Filip Krovinović,hr CRO,MF,West Brom,24,1995,6.1,0,0,0,5,12,0,11,4,10,0,0,0,39,7,10,41.2,Matches,c2dfedeb
255,Alexandre Lacazette,fr FRA,FW,Arsenal,29,1991,21.4,3,0,0,37,54,8,3,12,10,1,0,0,59,27,61,30.7,Matches,9dbb75ca
256,Adam Lallana,eng ENG,MFFW,Brighton,32,1988,17.7,0,0,0,18,20,3,12,15,13,0,1,0,117,10,26,27.8,Matches,99813635
257,Érik Lamela,ar ARG,FWMF,Tottenham,28,1992,8.0,6,1,1,24,10,0,23,6,9,0,0,0,40,6,12,33.3,Matches,abe66106
258,Tariq Lamptey,gh GHA,DFMF,Brighton,19,2000,9.8,4,1,1,21,28,1,34,19,9,2,1,0,59,5,11,31.3,Matches,f4e433d4
259,Manuel Lanzini,ar ARG,MFFW,West Ham,27,1993,6.3,1,0,0,7,10,3,3,7,2,0,0,0,59,2,8,20.0,Matches,26f6dca8
260,Aymeric Laporte,es ESP,DF,Manchester City,26,1994,14.9,1,0,0,9,9,2,1,11,6,0,1,0,66,41,21,66.1,Matches,119b9a8e
261,Jamaal Lascelles,eng ENG,DF,Newcastle Utd,26,1993,18.1,4,0,0,17,9,0,3,12,7,0,0,0,65,46,24,65.7,Matches,450ab6fc
262,Maxime Le Marchand,fr FRA,DF,Fulham,30,1989,1.4,2,0,0,3,1,0,0,0,2,0,0,0,9,3,3,50.0,Matches,321a71a7
263,Mario Lemina,ga GAB,MF,Fulham,26,1993,18.9,5,0,0,32,15,0,4,30,35,1,0,0,118,23,25,47.9,Matches,2b471f99
264,Bernd Leno,de GER,GK,Arsenal,28,1992,34.8,0,1,0,2,4,0,0,0,0,0,0,1,39,10,0,100.0,Matches,2628fd2b
265,Khanya Leshabela,za RSA,MF,Leicester City,20,1999,0.1,0,0,0,0,0,0,1,0,0,0,0,0,2,0,0,,Matches,383e68b1
266,Jamal Lewis,nir NIR,DF,Newcastle Utd,22,1998,20.4,4,0,0,18,16,1,44,11,20,0,1,0,109,10,15,40.0,Matches,efb9215a
267,Victor Lindelöf,se SWE,DF,Manchester Utd,26,1994,28.7,0,0,0,24,8,1,1,30,10,0,1,0,145,64,33,66.0,Matches,f5deef4c
268,Jesse Lingard,eng ENG,MFFW,West Ham,27,1992,15.8,3,0,0,21,24,6,38,4,6,2,0,0,62,0,5,0.0,Matches,810e3c74
269,Jake Livermore,eng ENG,MF,West Brom,30,1989,13.8,2,1,0,30,7,0,5,16,18,0,0,1,73,12,17,41.4,Matches,b98570d1
270,Diego Llorente,es ESP,DF,Leeds United,26,1993,13.4,1,0,0,15,9,0,2,20,21,0,0,0,103,33,24,57.9,Matches,bba30585
271,Hugo Lloris,fr FRA,GK,Tottenham,33,1986,38.0,0,0,0,0,5,0,0,0,0,0,0,0,28,5,0,100.0,Matches,8f62b6ee
272,Giovani Lo Celso,ar ARG,MF,Tottenham,24,1996,10.5,5,0,0,19,20,0,31,7,22,0,0,0,60,14,15,48.3,Matches,d7553721
273,Ruben Loftus-Cheek,eng ENG,FW,Chelsea,24,1996,0.7,0,0,0,1,2,0,0,0,0,0,0,0,4,1,5,16.7,Matches,e97fd090
274,Ruben Loftus-Cheek,eng ENG,MFFW,Fulham,24,1996,21.2,3,0,0,28,51,3,9,7,14,1,0,0,100,44,74,37.3,Matches,e97fd090
275,Kevin Long,ie IRL,DF,Burnley,29,1990,7.1,2,0,0,7,2,0,1,6,6,0,0,0,40,18,21,46.2,Matches,5a4280b1
276,Shane Long,ie IRL,FW,Southampton,33,1987,2.3,0,0,0,7,6,3,0,3,1,0,0,0,7,12,10,54.5,Matches,9f472354
277,Matthew Longstaff,eng ENG,MF,Newcastle Utd,20,2000,4.2,0,0,0,3,5,0,4,7,2,0,0,0,24,5,4,55.6,Matches,c0027d2d
278,Sean Longstaff,eng ENG,MF,Newcastle Utd,22,1997,15.7,2,0,0,22,21,0,25,19,14,0,0,0,67,11,19,36.7,Matches,a2b105e0
279,Ademola Lookman,ng NGA,FWMF,Fulham,22,1997,30.5,5,0,0,46,59,12,134,20,11,0,0,0,168,7,22,24.1,Matches,7c104bb7
280,Max Lowe,eng ENG,DF,Sheffield Utd,23,1997,6.1,1,0,0,10,3,0,22,5,11,0,0,0,25,5,20,20.0,Matches,7af88b33
281,Matthew Lowton,eng ENG,DF,Burnley,31,1989,34.0,5,0,0,19,13,0,84,56,32,0,0,0,196,33,23,58.9,Matches,9a9c05db
282,David Luiz,br BRA,DF,Arsenal,33,1987,15.5,1,1,0,15,5,1,9,16,9,0,1,0,64,35,13,72.9,Matches,c0e27d1a
283,Douglas Luiz,br BRA,MF,Aston Villa,22,1998,30.9,10,1,1,59,48,0,23,43,18,0,2,0,208,42,41,50.6,Matches,6f7d826d
284,John Lundstram,eng ENG,MF,Sheffield Utd,26,1994,22.6,8,1,0,24,20,1,71,14,16,0,0,0,130,13,17,43.3,Matches,0df2b165
285,Alexis Mac Allister,ar ARG,MFFW,Brighton,21,1998,12.4,1,0,0,19,15,0,11,9,12,0,0,0,67,7,19,26.9,Matches,83d074ff
286,James Maddison,eng ENG,MF,Leicester City,23,1996,23.3,4,0,0,19,57,5,106,9,16,2,0,0,98,2,11,15.4,Matches,ee38d9c5
287,Harry Maguire,eng ENG,DF,Manchester Utd,27,1993,33.9,11,0,0,40,31,1,3,60,17,0,0,0,199,135,43,75.8,Matches,d8931174
288,Riyad Mahrez,dz ALG,FW,Manchester City,29,1991,21.7,0,0,0,13,30,7,81,8,5,0,0,0,80,15,14,51.7,Matches,892d5bb1
289,Ainsley Maitland-Niles,eng ENG,MFDF,Arsenal,22,1997,5.4,0,0,0,6,3,2,8,14,7,1,0,0,39,3,3,50.0,Matches,e3a5814e
290,Ainsley Maitland-Niles,eng ENG,MF,West Brom,22,1997,13.7,2,0,0,10,14,0,12,17,10,1,0,0,77,5,19,20.8,Matches,e3a5814e
291,Josh Maja,ng NGA,FW,Fulham,21,1998,9.0,0,0,0,8,7,2,0,4,4,0,0,0,28,12,26,31.6,Matches,bc0bfc64
292,Sadio Mané,sn SEN,FW,Liverpool,28,1992,31.2,3,0,0,53,78,31,60,15,30,1,0,0,117,35,63,35.7,Matches,c691bfe2
293,Javier Manquillo,es ESP,DF,Newcastle Utd,26,1994,9.2,1,0,0,7,8,0,28,9,14,0,0,0,44,14,10,58.3,Matches,758dd7f0
294,Fernando Marçal,br BRA,DFMF,Wolves,31,1989,6.9,2,0,0,12,3,0,13,12,5,0,0,0,30,11,8,57.9,Matches,9ae9eaea
295,Solly March,eng ENG,DFMF,Brighton,26,1994,18.6,0,0,0,26,26,2,120,22,23,0,1,0,117,14,22,38.9,Matches,bb5fbd2b
296,Pablo Marí,es ESP,DF,Arsenal,26,1993,10.0,2,0,0,8,4,0,0,9,9,0,1,0,36,25,21,54.3,Matches,aa54ec6f
297,Anthony Martial,fr FRA,FW,Manchester Utd,24,1995,16.4,0,1,0,15,27,15,9,1,1,4,0,0,33,16,24,40.0,Matches,8b788c01
298,Martinelli,br BRA,FW,Arsenal,19,2001,6.5,0,0,0,9,4,1,12,8,1,0,0,0,22,7,13,35.0,Matches,48a5a5d6
299,Emiliano Martínez,ar ARG,GK,Aston Villa,27,1992,38.0,1,0,0,1,8,0,0,2,3,0,0,0,28,11,2,84.6,Matches,7956236f
300,Arthur Masuaku,cd COD,DFMF,West Ham,26,1993,11.2,2,0,0,10,8,1,41,8,12,0,1,0,62,8,14,36.4,Matches,57df7a11
301,Juan Mata,es ESP,FWMF,Manchester Utd,32,1988,5.7,0,0,0,1,4,2,13,3,0,0,0,0,25,1,2,33.3,Matches,29733c72
302,Jean-Philippe Mateta,fr FRA,FW,Crystal Palace,23,1997,2.5,0,0,0,3,1,5,1,0,1,0,0,0,5,13,13,50.0,Matches,50e6dc35
303,Nemanja Matić,rs SRB,MF,Manchester Utd,31,1988,12.3,2,0,0,14,6,0,4,22,11,0,0,0,116,19,10,65.5,Matches,eb7822d7
304,Joël Matip,cm CMR,DF,Liverpool,28,1991,7.7,2,0,0,11,4,0,0,7,9,0,0,0,43,23,11,67.6,Matches,b217ef29
305,Neal Maupay,fr FRA,FWMF,Brighton,23,1996,27.9,1,1,0,27,44,12,11,13,8,1,1,0,84,20,60,25.0,Matches,4bcf39f6
306,James McArthur,sct SCO,MF,Crystal Palace,32,1987,16.3,3,0,0,32,14,0,10,23,32,0,0,0,114,21,13,61.8,Matches,cee31595
307,Oliver McBurnie,sct SCO,FW,Sheffield Utd,24,1996,14.7,2,0,0,24,26,4,4,6,7,1,0,0,32,139,120,53.7,Matches,78b8ac63
308,Alex McCarthy,eng ENG,GK,Southampton,30,1989,30.0,2,0,0,0,2,0,0,0,0,0,0,0,37,4,1,80.0,Matches,36c2ca73
309,James McCarthy,ie IRL,MF,Crystal Palace,29,1990,9.1,1,0,0,6,4,0,11,8,12,0,0,0,59,9,6,60.0,Matches,64b08de7
310,John McGinn,sct SCO,MF,Aston Villa,25,1994,37.0,12,0,0,43,77,1,52,43,37,1,0,0,234,21,48,30.4,Matches,90f91999
311,David McGoldrick,ie IRL,FWMF,Sheffield Utd,32,1987,26.6,7,0,0,45,33,17,21,2,21,0,0,0,78,88,115,43.3,Matches,dbe56a33
312,Dwight McNeil,eng ENG,MF,Burnley,20,1999,34.1,1,0,0,11,40,2,242,32,24,0,0,0,216,18,26,40.9,Matches,fc15fb84
313,Scott McTominay,sct SCO,MF,Manchester Utd,23,1996,23.7,3,0,0,47,42,1,12,29,24,0,0,0,154,48,30,61.5,Matches,d93c2511
314,Ben Mee,eng ENG,DF,Burnley,30,1989,29.9,3,0,0,15,19,1,0,43,15,0,0,0,170,108,65,62.4,Matches,8df7a2fb
315,Hannibal Mejbri,tn TUN,MF,Manchester Utd,17,2003,0.1,0,0,0,0,1,0,0,0,0,0,0,0,0,0,0,,Matches,ca22ccb0
316,Benjamin Mendy,fr FRA,DF,Manchester City,26,1994,10.6,2,0,0,14,0,1,30,5,9,0,1,0,42,8,12,40.0,Matches,5271c8f1
317,Edouard Mendy,sn SEN,GK,Chelsea,28,1992,30.5,2,0,0,1,3,0,0,1,0,0,1,0,44,4,2,66.7,Matches,33887998
318,Nampalys Mendy,sn SEN,MF,Leicester City,28,1992,16.2,5,0,0,21,29,0,1,14,17,0,0,0,120,8,14,36.4,Matches,1598599e
319,Illan Meslier,fr FRA,GK,Leeds United,20,2000,35.0,0,0,0,1,9,0,0,0,0,0,1,1,22,15,1,93.8,Matches,6b625ac2
320,Luka Milivojević,rs SRB,MF,Crystal Palace,29,1991,26.2,8,1,0,38,33,0,38,35,34,0,0,0,157,33,19,63.5,Matches,2ce2508a
321,James Milner,eng ENG,MFDF,Liverpool,34,1986,11.9,3,0,0,19,11,0,34,14,19,0,0,0,74,24,17,58.5,Matches,2f90f6b8
322,Yerry Mina,co COL,DF,Everton,25,1994,21.5,2,0,0,22,11,0,0,24,14,0,0,0,93,65,31,67.7,Matches,6d5701f2
323,Takumi Minamino,jp JPN,MF,Southampton,25,1995,7.9,1,0,0,7,11,1,9,4,3,0,0,0,41,6,7,46.2,Matches,f833a830
324,Takumi Minamino,jp JPN,MFFW,Liverpool,25,1995,3.3,0,0,0,4,2,1,3,2,3,0,0,0,10,3,2,60.0,Matches,f833a830
325,Tyrone Mings,eng ENG,DF,Aston Villa,27,1993,35.5,6,1,1,21,18,3,5,41,16,0,0,1,209,90,35,72.0,Matches,8397a50c
326,Tyrick Mitchell,eng ENG,DF,Crystal Palace,20,1999,19.0,1,0,0,8,11,0,27,21,35,0,1,0,95,11,15,42.3,Matches,5cbd1eb0
327,Aleksandar Mitrović,rs SRB,FW,Fulham,25,1994,15.6,3,0,0,22,23,3,4,3,4,0,1,0,31,71,73,49.3,Matches,3925dbd6
328,Jakub Moder,pl POL,DFMF,Brighton,21,1999,7.2,0,0,0,12,3,2,11,3,7,0,0,0,35,7,12,36.8,Matches,f230bc30
329,Jayson Molumby,ie IRL,MF,Brighton,20,1999,0.0,0,0,0,0,0,0,0,0,0,0,0,0,0,0,0,,Matches,c908a1bc
330,Wesley Moraes,br BRA,FW,Aston Villa,23,1996,0.2,0,0,0,0,1,0,0,0,0,0,0,0,1,0,2,0.0,Matches,bfae110f
331,Wes Morgan,jm JAM,DF,Leicester City,36,1984,0.2,0,0,0,0,0,0,0,0,0,0,0,0,1,0,0,,Matches,80c31c97
332,Mason Mount,eng ENG,MF,Chelsea,21,1999,32.1,2,0,0,50,44,4,170,31,35,2,0,0,157,21,36,36.8,Matches,9674002f
333,Lucas Moura,br BRA,FWMF,Tottenham,27,1992,15.7,1,0,0,23,47,3,26,18,16,0,0,0,79,23,41,35.9,Matches,2b622f01
334,Lys Mousset,fr FRA,FWMF,Sheffield Utd,24,1996,3.3,0,0,0,7,2,4,1,0,0,0,0,0,5,4,10,28.6,Matches,d9cfca3d
335,João Moutinho,pt POR,MF,Wolves,33,1986,28.1,5,1,1,44,23,0,116,47,40,0,1,0,182,18,19,48.6,Matches,f5a00fa4
336,Joel Mumbongo,se SWE,FW,Burnley,21,1999,0.4,1,0,0,1,2,1,0,0,0,0,0,0,2,0,2,0.0,Matches,f8e588df
337,Jacob Murphy,eng ENG,DFMF,Newcastle Utd,25,1995,18.1,3,0,0,23,23,2,59,14,24,0,0,0,99,5,20,20.0,Matches,de112b84
338,Shkodran Mustafi,de GER,DF,Arsenal,28,1992,0.5,0,0,0,1,0,0,0,0,1,0,0,0,3,3,0,100.0,Matches,3f2d59fe
339,Marvelous Nakamba,zw ZIM,MF,Aston Villa,26,1994,8.3,3,0,0,8,10,0,1,17,14,0,0,0,58,6,8,42.9,Matches,de5b5570
340,Iliman Ndiaye,sn SEN,MF,Sheffield Utd,20,2000,0.1,0,0,0,0,0,0,0,0,1,0,0,0,1,0,0,,Matches,5ed97752
341,Wilfred Ndidi,ng NGA,MFDF,Leicester City,23,1996,24.2,6,0,0,54,16,0,5,61,63,0,1,0,227,56,31,64.4,Matches,6b47c5db
342,Tanguy Ndombele,fr FRA,MF,Tottenham,23,1996,23.2,3,0,0,26,61,0,7,19,20,0,0,0,122,10,18,35.7,Matches,5cdddffa
343,Reiss Nelson,eng ENG,FWMF,Arsenal,20,1999,0.8,0,0,0,2,1,0,11,1,0,0,0,0,5,0,0,,Matches,c5bdb6e3
344,Pedro Neto,pt POR,FWMF,Wolves,20,2000,28.3,4,0,0,24,42,4,205,31,9,0,0,0,128,19,32,37.3,Matches,7ba2eaa9
345,Rúben Neves,pt POR,MF,Wolves,23,1997,29.7,8,0,0,46,17,0,23,65,46,0,0,0,223,25,24,51.0,Matches,44bfb6c5
346,Eddie Nketiah,eng ENG,FW,Arsenal,21,1999,4.7,0,0,0,10,11,0,2,0,1,0,0,0,12,7,16,30.4,Matches,a53649b7
347,Niels Nkounkou,fr FRA,DFFW,Everton,19,2000,0.9,1,0,0,1,0,0,4,0,3,0,0,0,3,0,0,,Matches,f5b281e7
348,Dan Nlundulu,eng ENG,FWMF,Southampton,21,1999,1.2,0,0,0,6,0,1,0,0,0,0,0,0,2,5,7,41.7,Matches,30040f5d
349,Mark Noble,eng ENG,MF,West Ham,33,1987,7.9,1,0,0,9,8,1,7,13,4,0,0,0,52,3,2,60.0,Matches,ff527768
350,Will Norris,eng ENG,GK,Burnley,26,1993,2.0,0,0,0,0,0,0,0,0,0,0,0,0,2,0,0,,Matches,c73ada83
351,Oliver Norwood,nir NIR,MF,Sheffield Utd,29,1991,24.7,6,0,0,26,8,0,114,36,22,0,0,0,182,15,17,46.9,Matches,43439614
352,Jack O'Connell,eng ENG,DF,Sheffield Utd,26,1994,2.0,0,0,0,0,0,1,1,2,1,0,0,0,8,5,10,33.3,Matches,312626c1
353,Dara O'Shea,ie IRL,DF,West Brom,21,1999,23.4,3,0,0,13,17,0,11,45,25,0,1,0,101,70,42,62.5,Matches,1d042188
354,Michael Obafemi,ie IRL,FW,Southampton,20,2000,0.7,0,0,0,1,3,0,1,0,0,0,0,0,4,0,4,0.0,Matches,caa1a7f0
355,Denis Odoi,gh GHA,DF,Fulham,32,1988,3.0,1,0,0,7,4,1,5,5,3,0,0,0,19,6,5,54.5,Matches,f7750aa0
356,Angelo Ogbonna,it ITA,DF,West Ham,32,1988,27.7,5,0,0,28,9,1,3,30,13,0,0,0,125,63,46,57.8,Matches,74b2cd7e
357,Robin Olsen,se SWE,GK,Everton,30,1990,7.0,1,0,0,0,1,0,0,0,0,0,0,0,9,2,0,100.0,Matches,e7ee38c3
358,Josh Onomah,eng ENG,MF,Fulham,23,1997,4.2,1,0,0,12,0,0,2,2,8,0,0,0,18,4,7,36.4,Matches,6612cd8c
359,Divock Origi,be BEL,FW,Liverpool,25,1995,2.1,0,0,0,0,1,0,3,1,2,0,0,0,5,3,7,30.0,Matches,43a166b4
360,Ben Osborn,eng ENG,MFDF,Sheffield Utd,25,1994,17.8,1,0,0,10,15,4,68,12,18,0,0,0,95,12,17,41.4,Matches,79bc4c45
361,Owen Otasowie,us USA,MFFW,Wolves,19,2001,2.1,1,0,0,3,6,0,0,3,5,0,0,0,16,8,9,47.1,Matches,6956ff08
362,Alex Oxlade-Chamberlain,eng ENG,MFFW,Liverpool,26,1993,2.8,0,0,0,3,1,0,8,2,0,0,0,0,15,4,3,57.1,Matches,38c7feef
363,Emerson Palmieri,it ITA,DF,Chelsea,25,1994,1.0,0,0,0,3,0,0,2,1,3,0,0,0,7,3,0,100.0,Matches,e0bc6fdc
364,Thomas Partey,gh GHA,MF,Arsenal,27,1993,17.0,5,0,0,18,17,0,6,23,21,0,0,0,140,23,18,56.1,Matches,529f49ab
365,Rui Patrício,pt POR,GK,Wolves,32,1988,37.0,1,0,0,0,1,0,0,1,0,0,0,0,29,8,1,88.9,Matches,79b0d6a0
366,Bailey Peacock-Farrell,nir NIR,GK,Burnley,23,1996,4.0,0,0,0,0,1,0,0,0,0,0,0,0,2,0,0,,Matches,4879f8cb
367,Lee Peltier,eng ENG,DF,West Brom,33,1986,2.5,1,0,0,4,0,0,3,1,4,0,0,0,16,3,0,100.0,Matches,af341b88
368,Nicolas Pépé,ci CIV,FW,Arsenal,25,1995,18.0,1,1,0,11,26,4,57,12,15,0,0,0,80,36,30,54.5,Matches,57e3f0c7
369,Matheus Pereira,pt POR,MFFW,West Brom,24,1996,28.6,2,1,0,34,52,13,145,29,15,1,0,0,172,13,33,28.3,Matches,b04ee927
370,Ricardo Pereira,pt POR,DFFW,Leicester City,26,1993,10.7,3,0,0,18,8,0,15,15,22,0,0,0,53,11,13,45.8,Matches,75a72a99
371,Ayoze Pérez,es ESP,MFFW,Leicester City,27,1993,14.8,2,0,0,31,23,7,21,10,15,0,0,0,56,12,34,26.1,Matches,819aa8e7
372,Kalvin Phillips,eng ENG,MF,Leeds United,24,1995,27.0,10,0,0,46,31,0,77,45,38,0,0,0,214,30,34,46.9,Matches,4f565d77
373,Matt Phillips,sct SCO,MF,West Brom,29,1991,20.3,1,0,0,29,7,8,72,10,8,0,0,0,107,16,36,30.8,Matches,7bb5f40e
374,Nathaniel Phillips,eng ENG,DF,Liverpool,23,1997,16.2,2,0,0,20,9,0,1,20,14,0,0,0,83,95,47,66.9,Matches,515ebe8d
375,Jaden Philogene Bidace,eng ENG,FW,Aston Villa,18,2002,0.0,0,0,0,0,0,1,0,0,0,0,0,0,1,0,0,,Matches,19f4d211
376,Jordan Pickford,eng ENG,GK,Everton,26,1994,30.5,1,0,0,1,4,0,0,3,0,0,1,0,27,9,0,100.0,Matches,4806ec67
377,Erik Pieters,nl NED,DFMF,Burnley,31,1988,14.1,1,0,0,26,21,1,19,12,21,1,0,1,74,13,9,59.1,Matches,1ef37668
378,Daniel Podence,pt POR,MFFW,Wolves,24,1995,18.5,3,0,0,14,27,4,32,13,6,0,0,0,81,7,15,31.8,Matches,7fcc71d8
379,Paul Pogba,fr FRA,MFFW,Manchester Utd,27,1993,21.1,3,0,0,41,38,4,22,26,26,2,2,0,148,55,33,62.5,Matches,867239d3
380,Nick Pope,eng ENG,GK,Burnley,28,1992,32.0,1,0,0,2,5,0,0,2,1,0,2,0,40,7,4,63.6,Matches,4b40d9ca
381,Dennis Praet,be BEL,MF,Leicester City,26,1994,8.0,0,0,0,12,2,0,19,7,7,0,0,0,40,2,10,16.7,Matches,86695068
382,Davy Pröpper,nl NED,MF,Brighton,28,1991,2.4,0,0,0,1,0,0,3,1,5,0,0,0,15,3,4,42.9,Matches,fdd85f94
383,Christian Pulisic,us USA,FWMF,Chelsea,21,1998,19.3,2,0,0,13,33,4,35,12,11,0,0,0,60,19,42,31.1,Matches,1bf33a9a
384,Aaron Ramsdale,eng ENG,GK,Sheffield Utd,22,1998,38.0,1,0,0,1,5,0,0,2,1,0,1,0,25,8,3,72.7,Matches,466fb2c5
385,Jacob Ramsey,eng ENG,MF,Aston Villa,19,2001,7.0,0,0,0,13,11,2,8,4,5,0,0,0,38,7,9,43.8,Matches,1544f145
386,Kayne Ramsey,eng ENG,DF,Southampton,19,2000,1.0,1,0,0,1,0,0,0,0,2,0,0,0,6,0,1,0.0,Matches,dc31b84c
387,Darren Randolph,ie IRL,GK,West Ham,33,1987,3.0,0,0,0,0,1,0,0,0,0,0,0,0,2,1,0,100.0,Matches,6385ebfb
388,Raphinha,br BRA,MFFW,Leeds United,23,1996,26.2,3,0,0,13,31,14,165,29,17,0,0,0,117,9,36,20.0,Matches,3423f250
389,Marcus Rashford,eng ENG,FW,Manchester Utd,22,1997,32.4,4,0,0,25,42,27,36,8,9,2,0,0,111,25,19,56.8,Matches,a1d5bd30
390,Tim Ream,us USA,DF,Fulham,32,1987,7.0,0,0,0,3,0,0,0,6,5,0,0,0,35,11,10,52.4,Matches,28b40c9c
391,Nathan Redmond,eng ENG,MFFW,Southampton,26,1994,19.3,1,0,0,31,15,3,29,11,17,0,1,0,93,10,26,27.8,Matches,ab651565
392,Harrison Reed,eng ENG,MF,Fulham,25,1995,25.0,5,0,0,40,25,0,27,50,38,0,0,0,180,20,28,41.7,Matches,803ae100
393,Sergio Reguilón,es ESP,DF,Tottenham,23,1996,24.9,5,0,0,26,19,1,62,32,25,1,1,1,134,29,35,45.3,Matches,3353737a
394,Bobby Reid,jm JAM,MFFW,Fulham,27,1993,26.4,7,0,0,38,20,3,41,21,15,1,0,0,102,16,40,28.6,Matches,0f7533cd
395,Declan Rice,eng ENG,MF,West Ham,21,1999,32.0,2,0,0,21,13,2,30,59,35,0,1,0,233,43,30,58.9,Matches,1c7012b8
396,Lewis Richardson,eng ENG,FWMF,Burnley,17,2003,0.0,0,0,0,0,0,0,0,0,0,0,0,0,0,0,1,0.0,Matches,4fa62ae4
397,Richarlison,br BRA,FW,Everton,23,1997,31.8,4,1,0,33,73,25,37,14,32,1,0,0,164,39,73,34.8,Matches,fa031b34
398,Jaïro Riedewald,nl NED,MF,Crystal Palace,23,1996,20.2,4,0,0,21,6,0,2,29,15,0,0,0,98,12,9,57.1,Matches,7a1f2c08
399,Matt Ritchie,sct SCO,DFMF,Newcastle Utd,30,1989,15.0,2,0,0,12,19,1,105,12,3,1,0,1,63,12,17,41.4,Matches,71ef519e
400,Tyler Roberts,wls WAL,MFFW,Leeds United,21,1999,14.9,3,0,0,23,32,8,12,9,13,0,0,0,57,19,23,45.2,Matches,6c17e046
401,Andrew Robertson,sct SCO,DF,Liverpool,26,1994,37.6,2,0,0,23,10,8,294,21,34,0,1,0,229,29,26,52.7,Matches,2e4f5f03
402,Antonee Robinson,us USA,DF,Fulham,22,1997,24.0,4,1,0,20,8,1,101,37,28,0,0,0,135,36,18,66.7,Matches,289601e6
403,Callum Robinson,ie IRL,FWMF,West Brom,25,1995,17.3,0,0,0,3,19,8,40,7,5,2,0,0,77,18,45,28.6,Matches,e75750a3
404,Jack Robinson,eng ENG,DF,Sheffield Utd,26,1993,9.7,3,0,0,10,6,0,6,9,6,1,1,0,53,32,29,52.5,Matches,7399c7a8
405,Hal Robson-Kanu,wls WAL,FW,West Brom,31,1989,6.2,2,0,0,15,10,4,1,2,1,0,0,0,17,11,27,28.9,Matches,fb2dec57
406,Marek Rodák,sk SVK,GK,Fulham,23,1996,2.0,0,0,0,0,0,0,0,0,0,0,0,0,1,1,0,100.0,Matches,17acc2ed
407,Joe Rodon,wls WAL,DF,Tottenham,22,1997,8.1,0,0,0,2,8,1,0,21,9,0,0,0,36,21,13,61.8,Matches,8d62d31a
408,Rodri,es ESP,MF,Manchester City,24,1996,30.5,6,0,0,44,30,2,14,36,40,0,0,0,285,79,31,71.8,Matches,6434f10d
409,Rodrigo,es ESP,MFFW,Leeds United,29,1991,14.3,3,0,0,19,9,3,22,5,7,0,1,0,64,23,33,41.1,Matches,1fb1c435
410,James Rodríguez,co COL,FWMF,Everton,29,1991,19.6,4,0,0,17,40,6,88,15,17,1,0,0,123,6,8,42.9,Matches,715bf047
411,Jay Rodriguez,eng ENG,FW,Burnley,31,1989,14.1,3,0,0,31,18,14,4,2,16,0,0,0,56,42,73,36.5,Matches,4ab53cdb
412,Oriol Romeu,es ESP,MF,Southampton,28,1991,19.6,6,0,0,30,23,0,9,30,35,0,0,0,161,31,28,52.5,Matches,4b511457
413,John Ruddy,eng ENG,GK,Wolves,33,1986,1.0,0,0,0,0,0,0,0,0,0,0,0,0,0,1,0,100.0,Matches,da8b19e2
414,Antonio Rüdiger,de GER,DF,Chelsea,27,1993,19.0,0,0,0,16,11,1,3,18,23,0,0,1,119,42,20,67.7,Matches,18b896d6
415,Mathew Ryan,au AUS,GK,Arsenal,28,1992,3.0,0,0,0,0,0,0,0,0,0,0,0,0,2,1,1,50.0,Matches,4535e4bb
416,Mathew Ryan,au AUS,GK,Brighton,28,1992,11.0,1,0,0,1,0,0,0,0,0,0,1,0,5,1,0,100.0,Matches,4535e4bb
417,Allan Saint-Maximin,fr FRA,FWMF,Newcastle Utd,23,1997,17.3,0,0,0,10,45,5,21,4,9,0,1,0,75,6,9,40.0,Matches,2b16cb1a
418,Romain Saïss,ma MAR,DF,Wolves,30,1990,26.7,2,0,0,29,11,1,17,52,24,0,2,0,142,71,59,54.6,Matches,9fbbcf39
419,Bukayo Saka,eng ENG,FWMF,Arsenal,18,2001,28.4,1,0,0,28,64,15,148,25,16,1,0,1,115,13,42,23.6,Matches,bc7dc64d
420,Mamadou Sakho,fr FRA,DF,Crystal Palace,30,1990,3.1,0,0,0,2,1,0,0,3,2,0,1,0,14,5,6,45.5,Matches,87935cf3
421,Mohamed Salah,eg EGY,FW,Liverpool,28,1992,34.2,0,0,0,22,22,13,29,1,9,2,0,0,93,18,42,30.0,Matches,e342ad68
422,Mohammed Salisu,gh GHA,DF,Southampton,21,1999,9.4,1,0,0,10,4,0,1,17,21,0,0,0,49,21,20,51.2,Matches,0b33f6ad
423,Davinson Sánchez,co COL,DF,Tottenham,24,1996,16.5,1,0,0,22,8,0,0,14,20,0,3,1,74,49,32,60.5,Matches,da7b447d
424,Robert Sánchez,es ESP,GK,Brighton,22,1997,27.0,2,0,0,2,5,0,0,1,0,0,1,0,40,10,2,83.3,Matches,6a713852
425,Morgan Sanson,fr FRA,MF,Aston Villa,25,1994,3.3,3,0,0,6,8,2,16,4,4,0,0,0,19,5,3,62.5,Matches,6e7f1353
426,Romaine Sawyers,kn SKN,MF,West Brom,28,1991,16.5,2,0,0,18,14,0,3,18,18,0,0,1,127,13,5,72.2,Matches,77bb1522
427,Dane Scarlett,eng ENG,FW,Tottenham,16,2004,0.0,0,0,0,0,0,0,0,0,0,0,0,0,0,0,0,,Matches,21945a9e
428,Fabian Schär,ch SUI,DF,Newcastle Utd,28,1991,13.8,4,1,0,22,15,1,6,27,4,0,0,0,87,16,24,40.0,Matches,c8aa95da
429,Jeffrey Schlupp,gh GHA,MF,Crystal Palace,27,1992,15.9,3,0,0,25,17,0,30,22,16,0,0,0,65,30,45,40.0,Matches,3312f911
430,Kasper Schmeichel,dk DEN,GK,Leicester City,33,1986,38.0,0,0,0,0,4,0,0,0,0,0,0,1,23,10,0,100.0,Matches,53af52f3
431,Nélson Semedo,pt POR,DFMF,Wolves,26,1993,33.1,5,0,0,41,35,2,75,41,48,0,1,1,179,41,44,48.2,Matches,d04b94db
432,Femi Seriki,eng ENG,MF,Sheffield Utd,18,2002,0.0,0,0,0,0,0,0,0,0,0,0,0,0,0,0,0,,Matches,e4e0deaa
433,Jamie Shackleton,eng ENG,MFDF,Leeds United,20,1999,5.1,0,0,0,3,2,1,2,9,6,0,0,0,25,0,6,0.0,Matches,8d03ca5a
434,Xherdan Shaqiri,ch SUI,MFFW,Liverpool,28,1991,6.2,2,0,0,11,6,0,22,2,4,0,0,0,34,2,7,22.2,Matches,6421ec64
435,Billy Sharp,eng ENG,FW,Sheffield Utd,34,1986,8.2,1,0,0,14,14,11,8,0,1,0,0,0,14,11,28,28.2,Matches,e8c9f4e9
436,Luke Shaw,eng ENG,DF,Manchester Utd,25,1995,29.5,8,0,0,42,28,3,189,20,28,0,0,1,187,38,28,57.6,Matches,9c94165b
437,Jonjo Shelvey,eng ENG,MF,Newcastle Utd,28,1992,29.1,7,0,0,31,10,0,94,36,14,0,0,0,181,27,22,55.1,Matches,3727dd3c
438,Shola Shoretire,eng ENG,FW,Manchester Utd,16,2004,0.1,0,0,0,0,0,0,0,0,0,0,0,0,1,1,1,50.0,Matches,00f0482f
439,Gylfi Sigurðsson,is ISL,MFFW,Everton,30,1989,25.0,2,0,0,22,18,0,100,34,20,0,0,0,119,5,11,31.3,Matches,76dd1480
440,Bernardo Silva,pt POR,MFFW,Manchester City,25,1994,22.9,5,0,0,17,18,2,32,17,14,0,0,0,113,13,31,29.5,Matches,3eb22ec9
441,Fábio Silva,pt POR,FW,Wolves,18,2002,15.2,2,0,0,20,21,5,5,4,4,1,0,0,43,34,70,32.7,Matches,e7aa9d7c
442,Thiago Silva,br BRA,DF,Chelsea,35,1984,21.5,5,1,1,13,16,0,3,33,12,0,0,0,133,47,27,63.5,Matches,86e7deaf
443,Moussa Sissoko,fr FRA,MF,Tottenham,30,1989,17.6,3,0,0,22,9,0,9,23,16,0,0,0,113,16,22,42.1,Matches,2acd49b9
444,Islam Slimani,dz ALG,FW,Leicester City,32,1988,0.2,0,0,0,0,0,0,0,0,0,0,0,0,1,2,1,66.7,Matches,ffec9769
445,William Smallbone,ie IRL,MF,Southampton,20,2000,1.9,0,0,0,3,2,0,5,2,3,0,0,0,12,2,4,33.3,Matches,5e105217
446,Emile Smith Rowe,eng ENG,MFFW,Arsenal,20,2000,16.0,0,0,0,5,20,4,17,10,7,0,0,0,79,4,10,28.6,Matches,17695062
447,Robert Snodgrass,sct SCO,MFFW,West Brom,32,1987,5.8,2,0,0,8,13,1,8,1,12,0,0,0,38,9,13,40.9,Matches,9f4647e9
448,Robert Snodgrass,sct SCO,FWMF,West Ham,32,1987,0.1,0,0,0,0,1,0,0,0,0,0,0,0,0,0,0,,Matches,9f4647e9
449,Cédric Soares,pt POR,DF,Arsenal,28,1991,8.3,1,0,0,6,5,0,34,8,8,0,0,0,40,7,12,36.8,Matches,839c14e1
450,Tomáš Souček,cz CZE,MF,West Ham,25,1995,38.0,7,1,0,69,43,2,9,62,41,0,1,1,246,227,160,58.7,Matches,6613c819
451,Çağlar Söyüncü,tr TUR,DF,Leicester City,24,1996,20.2,2,0,0,18,15,0,10,28,17,0,0,0,91,61,36,62.9,Matches,21166ff4
452,Zack Steffen,us USA,GK,Manchester City,25,1995,1.0,0,0,0,1,0,0,0,0,0,0,0,0,0,0,0,,Matches,42130443
453,Dale Stephens,eng ENG,MF,Burnley,31,1989,2.9,1,0,0,8,2,0,0,8,6,0,0,0,21,5,2,71.4,Matches,653ee42d
454,Jack Stephens,eng ENG,DF,Southampton,26,1994,17.1,2,0,0,8,9,0,2,28,19,0,0,0,101,20,18,52.6,Matches,6adbc307
455,Raheem Sterling,eng ENG,FW,Manchester City,25,1994,28.2,4,0,0,36,41,9,20,15,10,2,0,0,99,9,21,30.0,Matches,b400bde0
456,Enda Stevens,ie IRL,DF,Sheffield Utd,30,1990,30.0,6,0,0,33,10,3,64,22,26,0,0,0,168,35,33,51.5,Matches,17d4507a
457,John Stones,eng ENG,DF,Manchester City,26,1994,21.5,0,1,0,7,9,1,1,18,10,0,0,0,106,38,19,66.7,Matches,5eecec3d
458,Pascal Struijk,nl NED,DFMF,Leeds United,20,1999,23.1,3,0,0,26,7,0,1,47,30,0,1,0,129,46,48,48.9,Matches,f4d296e4
459,Japhet Tanganga,eng ENG,DF,Tottenham,21,1999,5.4,2,0,0,11,7,0,4,3,4,0,0,0,28,12,14,46.2,Matches,e9971f2d
460,Matt Targett,eng ENG,DF,Aston Villa,24,1995,37.8,7,0,0,28,22,0,146,55,39,0,1,0,177,71,50,58.7,Matches,e514ab62
461,James Tarkowski,eng ENG,DF,Burnley,27,1992,36.0,6,0,0,27,29,3,6,44,39,0,0,0,160,165,71,69.9,Matches,15ea812b
462,Percy Tau,za RSA,FW,Brighton,26,1994,1.1,0,0,0,0,1,0,2,0,1,0,0,0,3,0,5,0.0,Matches,4d0eb7d2
463,Sidnei Tavares,pt POR,MF,Leicester City,18,2001,0.9,0,0,0,1,3,0,0,0,1,0,0,0,6,1,1,50.0,Matches,3add8ed8
464,Charlie Taylor,eng ENG,DF,Burnley,26,1993,27.0,1,0,0,9,34,1,105,29,28,0,0,0,140,39,30,56.5,Matches,cc2d7ad5
465,Neil Taylor,wls WAL,DF,Aston Villa,31,1989,0.2,1,0,0,1,0,0,0,0,1,0,0,0,2,0,0,,Matches,c2f9d19f
466,Allan Tchaptchet,fr FRA,DF,Southampton,18,2001,0.1,0,0,0,0,0,0,0,0,0,0,0,0,0,1,0,100.0,Matches,ab7d7882
467,Nathan Tella,eng ENG,FWMF,Southampton,21,1999,8.3,2,0,0,16,24,5,7,3,5,1,0,0,32,1,22,4.3,Matches,f1e94cd6
468,Alex Telles,br BRA,DF,Manchester Utd,27,1992,7.7,0,0,0,4,4,1,55,16,7,0,0,0,45,15,14,51.7,Matches,e73c9bb2
469,Kenny Tete,nl NED,DFMF,Fulham,24,1995,16.5,3,0,0,28,18,2,72,27,30,0,1,0,85,29,19,60.4,Matches,77d7c96f
470,William Thomas Fish,eng ENG,FW,Manchester Utd,17,2003,0.0,0,0,0,0,0,0,0,0,0,0,0,0,0,0,0,,Matches,b2ee9d2c
471,Luke Thomas,eng ENG,DF,Leicester City,19,2001,10.8,2,0,0,10,16,0,17,17,14,1,0,0,51,20,24,45.5,Matches,fc027d02
472,Youri Tielemans,be BEL,MF,Leicester City,23,1997,37.3,6,0,0,37,54,0,138,46,45,0,0,0,271,34,28,54.8,Matches,56f7a928
473,Kieran Tierney,sct SCO,DF,Arsenal,23,1997,25.5,4,0,0,14,18,0,125,16,15,1,0,0,115,16,42,27.6,Matches,fce2302c
474,James Tomkins,eng ENG,DF,Crystal Palace,31,1989,6.1,1,0,0,3,1,0,0,4,2,0,1,0,22,11,10,52.4,Matches,e7ca0439
475,Fikayo Tomori,eng ENG,DF,Chelsea,22,1997,0.5,0,0,0,1,0,0,0,2,1,0,0,0,5,0,0,,Matches,7edfbb8a
476,Ferrán Torres,es ESP,FWMF,Manchester City,20,2000,14.5,1,0,0,16,17,5,33,3,5,1,0,0,41,14,20,41.2,Matches,9e1035f8
477,Cenk Tosun,tr TUR,FW,Everton,29,1991,0.5,1,0,0,1,0,0,0,0,0,0,0,0,0,0,4,0.0,Matches,9a104dee
478,Andros Townsend,eng ENG,MFFW,Crystal Palace,29,1991,25.1,0,0,0,28,54,2,155,41,41,0,0,0,177,2,19,9.5,Matches,b28bbd58
479,Conor Townsend,eng ENG,DF,West Brom,27,1993,24.8,0,0,0,15,25,2,62,36,28,0,2,0,135,42,34,55.3,Matches,4dc4f138
480,Adama Traoré,es ESP,FWMF,Wolves,24,1996,29.4,4,0,0,47,86,7,150,7,16,1,0,0,104,73,76,49.0,Matches,9a28eba4
481,Bertrand Traoré,bf BFA,FW,Aston Villa,24,1995,25.7,1,0,0,31,40,7,102,15,10,1,0,0,119,32,31,50.8,Matches,c47541e0
482,Trézéguet,eg EGY,FW,Aston Villa,25,1994,13.0,0,0,0,39,19,4,26,19,18,1,0,0,65,28,45,38.4,Matches,3ae14ed1
483,Leandro Trossard,be BEL,MFFW,Brighton,25,1994,29.0,2,0,0,27,32,5,83,26,14,0,0,0,146,4,22,15.4,Matches,38ceb24a
484,Kostas Tsimikas,gr GRE,DFFW,Liverpool,24,1996,0.1,0,0,0,1,0,0,2,0,0,0,0,0,0,0,2,0.0,Matches,f315ca93
485,Axel Tuanzebe,eng ENG,DF,Manchester Utd,22,1997,4.5,2,0,0,6,2,0,0,3,7,0,0,1,30,6,5,54.5,Matches,2baec6ce
486,Cengiz Ünder,tr TUR,FWMF,Leicester City,23,1997,3.1,0,0,0,1,3,2,16,2,1,0,0,0,13,0,2,0.0,Matches,1880614f
487,Yan Valery,tn TUN,DFMF,Southampton,21,1999,1.1,0,0,0,1,1,0,4,2,3,0,0,0,7,2,3,40.0,Matches,531a4aa8
488,Virgil van Dijk,nl NED,DF,Liverpool,29,1991,4.1,1,0,0,4,2,1,0,5,2,0,0,0,19,12,6,66.7,Matches,e06683ca
489,Jamie Vardy,eng ENG,FW,Leicester City,33,1987,31.6,1,0,0,26,25,36,20,4,12,5,0,0,45,50,68,42.4,Matches,45963054
490,Joël Veltman,nl NED,DF,Brighton,28,1992,25.3,3,0,0,34,39,0,63,33,33,0,0,0,140,42,38,52.5,Matches,dad4b285
491,Jannik Vestergaard,dk DEN,DF,Southampton,27,1992,28.6,3,1,0,19,11,0,5,42,31,1,0,0,146,98,54,64.5,Matches,1900032e
492,Rúben Vinagre,pt POR,MFDF,Wolves,21,1999,1.9,0,0,0,2,0,0,4,2,5,0,0,0,12,1,3,25.0,Matches,b937e490
493,Carlos Vinícius,br BRA,FW,Tottenham,25,1995,3.4,2,0,0,11,3,2,2,2,1,0,0,0,7,14,16,46.7,Matches,8b529245
494,João Virgínia,pt POR,GK,Everton,20,1999,0.5,0,0,0,0,0,0,0,0,0,0,0,0,0,0,0,,Matches,728e9b2e
495,Vitinha,pt POR,MF,Wolves,20,2000,5.8,0,0,0,8,5,1,14,3,3,0,0,0,32,0,1,0.0,Matches,3b029691
496,Jake Vokins,eng ENG,DF,Southampton,20,2000,0.7,0,0,0,2,0,1,3,0,0,0,0,0,0,0,0,,Matches,d484c261
497,Matěj Vydra,cz CZE,FW,Burnley,28,1992,15.2,0,0,0,6,13,12,3,6,5,0,0,0,41,35,89,28.2,Matches,0d4ceb32
498,Theo Walcott,eng ENG,MFFW,Southampton,31,1989,18.0,0,0,0,13,30,8,29,14,11,0,0,0,61,11,24,31.4,Matches,1ecb65be
499,Theo Walcott,eng ENG,FW,Everton,31,1989,0.1,0,0,0,0,0,0,0,0,0,0,0,0,0,0,0,,Matches,1ecb65be
500,Kyle Walker,eng ENG,DF,Manchester City,30,1990,21.6,1,0,0,25,11,1,38,14,19,0,3,0,114,27,14,65.9,Matches,86dd77d1
501,Kyle Walker-Peters,eng ENG,DF,Southampton,23,1997,29.4,4,0,0,33,42,7,35,38,53,1,1,0,189,16,41,28.1,Matches,984a5a64
502,Aaron Wan-Bissaka,eng ENG,DF,Manchester Utd,22,1997,34.0,3,0,0,31,14,1,60,62,54,0,0,0,182,38,37,50.7,Matches,9e525177
503,Joel Ward,eng ENG,DF,Crystal Palace,30,1989,25.1,5,0,0,32,12,1,27,41,25,0,1,0,134,48,42,53.3,Matches,8a7ff278
504,James Ward-Prowse,eng ENG,MF,Southampton,25,1994,38.0,5,0,0,45,27,0,251,42,49,0,1,0,288,47,64,42.3,Matches,3515d404
505,Ollie Watkins,eng ENG,FW,Aston Villa,24,1995,37.0,4,1,1,47,49,31,22,7,17,0,0,0,77,136,154,46.9,Matches,aed3a70f
506,Caleb Watts,au AUS,MF,Southampton,18,2002,0.4,1,0,0,0,1,0,1,0,1,0,0,0,2,1,3,25.0,Matches,c7170b46
507,Adam Webster,eng ENG,DF,Brighton,25,1995,28.8,4,0,0,24,15,1,1,47,16,0,0,0,146,77,52,59.7,Matches,c40b6180
508,Danny Welbeck,eng ENG,FW,Brighton,29,1990,17.2,0,0,0,19,17,5,3,7,6,2,0,0,31,21,43,32.8,Matches,ce5143da
509,Timo Werner,de GER,FWMF,Chelsea,24,1996,28.9,2,0,0,28,32,27,35,8,9,5,0,0,79,10,35,22.2,Matches,49fe9070
510,Ashley Westwood,eng ENG,MF,Burnley,30,1990,37.9,7,0,0,35,42,0,182,44,15,0,0,0,244,14,22,38.9,Matches,495945ef
511,Ben White,eng ENG,DFMF,Brighton,22,1997,35.5,5,1,1,30,9,1,22,62,26,0,0,0,186,49,49,50.0,Matches,35e413f1
512,Georginio Wijnaldum,nl NED,MF,Liverpool,29,1990,32.7,1,0,0,15,24,0,6,26,7,0,0,0,198,39,37,51.3,Matches,eb58eef0
513,Brandon Williams,eng ENG,DF,Manchester Utd,19,2000,2.1,0,0,0,2,3,0,1,1,0,0,0,0,12,0,1,0.0,Matches,5e74d6c8
514,Neco Williams,wls WAL,DF,Liverpool,19,2001,2.8,1,0,0,3,6,0,24,6,5,0,1,0,16,2,5,28.6,Matches,dd323728
515,Rhys Williams,eng ENG,DF,Liverpool,19,2001,7.3,0,0,0,4,2,0,0,6,4,0,0,0,34,30,8,78.9,Matches,012c975a
516,Willian,br BRA,FW,Arsenal,31,1988,15.6,0,0,0,5,21,4,104,8,7,0,0,0,47,9,16,36.0,Matches,8b9ebd03
517,Joe Willock,eng ENG,MF,Arsenal,20,1999,2.6,1,0,0,6,4,0,6,3,3,0,0,0,14,8,4,66.7,Matches,a3b03921
518,Joe Willock,eng ENG,MF,Newcastle Utd,20,1999,10.9,0,0,0,9,16,0,13,17,13,1,1,0,57,11,18,37.9,Matches,a3b03921
519,Callum Wilson,eng ENG,FW,Newcastle Utd,28,1992,23.2,2,0,0,40,41,22,12,7,5,2,0,0,55,43,93,31.6,Matches,c596fcb0
520,Harry Winks,eng ENG,MF,Tottenham,24,1996,9.6,5,0,0,11,12,0,2,11,9,0,0,0,60,7,5,58.3,Matches,2f7acede
521,Chris Wood,nz NZL,FW,Burnley,28,1991,30.5,0,0,0,38,22,24,7,1,7,1,0,0,55,153,193,44.2,Matches,4e9a0555
522,Granit Xhaka,ch SUI,MFDF,Arsenal,27,1992,28.0,7,1,0,39,37,1,12,24,26,0,0,0,203,39,35,52.7,Matches,e61b8aee
523,Andriy Yarmolenko,ua UKR,FWMF,West Ham,30,1989,4.2,3,0,0,8,6,5,16,1,4,0,0,0,27,4,2,66.7,Matches,849c826a
524,DeAndre Yedlin,us USA,DF,Newcastle Utd,27,1993,4.8,0,0,0,4,4,1,13,7,4,0,0,0,16,4,1,80.0,Matches,ae0a7ddf
525,Okay Yokuşlu,tr TUR,MF,West Brom,26,1994,14.6,4,0,0,25,28,1,2,35,25,0,2,0,124,41,27,60.3,Matches,e49ce451
526,Wilfried Zaha,ci CIV,FW,Crystal Palace,27,1992,29.0,6,0,0,32,88,22,41,9,18,1,0,0,102,9,26,25.7,Matches,b2bc3b1f
527,Andre-Frank Zambo Anguissa,cm CMR,MF,Fulham,24,1995,28.7,6,0,0,44,27,0,13,56,37,0,0,0,220,63,39,61.8,Matches,6bb2c084
528,Andi Zeqiri,ch SUI,FWDF,Brighton,21,1999,1.9,0,0,0,2,2,0,6,0,2,0,0,0,7,2,4,33.3,Matches,d01231f0
529,Oleksandr Zinchenko,ua UKR,DF,Manchester City,23,1996,16.4,0,0,0,9,4,1,39,23,15,0,0,0,96,29,15,65.9,Matches,51cf8561
530,Hakim Ziyech,ma MAR,MFFW,Chelsea,27,1993,13.0,3,0,0,19,15,4,64,10,10,0,0,0,68,5,18,21.7,Matches,6622454d
531,Kurt Zouma,fr FRA,DF,Chelsea,25,1994,22.5,3,0,0,17,6,0,0,28,10,0,0,0,97,84,38,68.9,Matches,ce4246f5
532,Martin Ødegaard,no NOR,MF,Arsenal,21,1998,9.6,0,0,0,1,9,1,36,2,3,0,0,0,40,2,13,13.3,Matches,79300479