Rk,Player,Nation,Pos,Squad,Age,Born,MP,Min,Mn/MP,Min%,90s,Starts,Mn/Start,Compl,Subs,Mn/Sub,unSub,PPM,onG,onGA,+/-,+/-90,On-Off,onxG,onxGA,xG+/-,xG+/-90,On-Off,Matches
1,Brenden Aaronson,us USA,"MF,FW",Leeds United,21,2000,36,"2,372",66,69.4,26.4,28,78,8,8,22,2,0.86,35,58,-23,-0.87,-0.27,33.3,49.8,-16.5,-0.63,-0.35,Matches
2,George Abbott,eng ENG,MF,Tottenham,16,2005,1,1,1,0,0,0,,0,1,1,1,3,1,0,1,90,89.84,0.3,0,0.3,28.39,28.2,Matches
3,Terry Ablade,fi FIN,FW,Fulham,20,2001,0,,,,,0,,0,0,,2,,,,,,,,,,,,Matches
4,Che Adams,sct SCO,FW,Southampton,26,1996,28,"1,992",71,58.2,22.1,23,82,13,5,22,1,0.71,18,41,-23,-1.04,-0.16,24.1,33.2,-9.2,-0.41,0.48,Matches
5,Tyler Adams,us USA,MF,Leeds United,23,1999,24,"2,156",90,63,24,24,90,23,0,,0,0.96,28,36,-8,-0.33,1.23,30.2,33,-2.9,-0.12,1.09,Matches
6,Tosin Adarabioyo,eng ENG,DF,Fulham,24,1997,25,"2,085",83,61,23.2,23,90,23,2,8,13,1.44,36,39,-3,-0.13,-0.47,26.5,42.8,-16.3,-0.7,-0.62,Matches
7,Omotayo Adaramola,ie IRL,DF,Crystal Palace,18,2003,0,,,,,0,,0,0,,2,,,,,,,,,,,,Matches
8,Adrián,es ESP,GK,Liverpool,35,1987,0,,,,,0,,0,0,,12,,,,,,,,,,,,Matches
9,Daniel Adu-Adjei,eng ENG,FW,Bournemouth,17,2005,0,,,,,0,,0,0,,3,,,,,,,,,,,,Matches
10,Nayef Aguerd,ma MAR,DF,West Ham,26,1996,18,"1,595",89,46.6,17.7,17,89,16,1,76,3,1.06,23,28,-5,-0.28,0.11,24.2,28.6,-4.5,-0.25,-0.28,Matches
11,Naouirou Ahamada,fr FRA,"MF,FW",Crystal Palace,20,2002,8,94,12,2.7,1,0,,0,8,12,3,0.38,0,2,-2,-1.91,-1.73,1.1,1.8,-0.7,-0.69,-0.47,Matches
12,Rayan Aït Nouri,dz ALG,DF,Wolves,21,2001,21,"1,076",51,31.5,12,9,81,4,12,29,7,1,8,18,-10,-0.84,-0.18,11.6,18.7,-7.1,-0.6,0.01,Matches
13,Kristoffer Ajer,no NOR,DF,Brentford,24,1998,9,763,85,22.3,8.5,9,85,6,0,,10,1.11,7,14,-7,-0.83,-1.47,9.4,11.1,-1.6,-0.19,-0.48,Matches
14,Manuel Akanji,ch SUI,DF,Manchester City,27,1995,29,"2,287",79,66.9,25.4,24,88,22,5,36,1,2.52,63,23,40,1.57,-0.09,51.6,21.1,30.5,1.2,-0.07,Matches
15,Nathan Aké,nl NED,DF,Manchester City,27,1995,26,"1,873",72,54.8,20.8,22,82,16,4,16,4,2.23,53,15,38,1.83,0.49,44.8,16.2,28.6,1.37,0.33,Matches
16,Marc Albrighton,eng ENG,"FW,MF",Leicester City,32,1989,6,237,40,6.9,2.6,1,67,0,5,34,13,1.67,4,3,1,0.38,0.89,4.9,4.3,0.6,0.24,0.62,Matches
17,Thiago Alcántara,es ESP,MF,Liverpool,31,1991,18,"1,254",70,36.7,13.9,14,82,9,4,25,0,1.72,22,23,-1,-0.07,-1.28,24.4,20.7,3.7,0.26,-0.49,Matches
18,Carlos Alcaraz,ar ARG,"MF,FW",Southampton,19,2002,18,"1,029",57,30.1,11.4,13,70,2,5,24,2,0.72,15,25,-10,-0.87,0.14,12.2,22.7,-10.5,-0.92,-0.44,Matches
19,Kyle Alex John,eng ENG,DF,Everton,21,2001,0,,,,,0,,0,0,,2,,,,,,,,,,,,Matches
20,Trent Alexander-Arnold,eng ENG,DF,Liverpool,23,1998,37,"2,923",79,85.5,32.5,34,85,23,3,16,1,1.78,70,44,26,0.8,0.44,64.2,42.6,21.6,0.66,0.65,Matches
21,Alisson,br BRA,GK,Liverpool,29,1992,37,"3,330",90,97.4,37,37,90,37,0,,0,1.78,71,43,28,0.76,0.76,68.6,49.1,19.5,0.53,-1.64,Matches
22,Allan,br BRA,"DF,MF",Everton,31,1991,0,,,,,0,,0,0,,5,,,,,,,,,,,,Matches
23,Dele Alli,eng ENG,MF,Everton,26,1996,2,40,20,1.2,0.4,0,,0,2,20,1,0,1,1,0,0,0.61,1,1.7,-0.7,-1.57,-1.04,Matches
24,Miguel Almirón,py PAR,FW,Newcastle Utd,28,1994,34,"2,491",73,72.8,27.7,29,81,6,5,26,0,1.74,43,22,21,0.76,-0.6,45.9,27.5,18.3,0.66,-0.7,Matches
25,Julián Álvarez,ar ARG,"FW,MF",Manchester City,22,2000,31,"1,465",47,42.8,16.3,13,85,8,18,20,6,2.42,37,16,21,1.29,-0.55,32.3,17.3,15,0.92,-0.53,Matches
26,Steven Alzate,co COL,MF,Brighton,23,1998,0,,,,,0,,0,0,,5,,,,,,,,,,,,Matches
27,Daniel Amartey,gh GHA,DF,Leicester City,27,1994,20,"1,610",81,47.1,17.9,18,87,16,2,22,15,0.8,20,27,-7,-0.39,0.11,20,27.6,-7.6,-0.42,-0.17,Matches
28,Samuel Amo-Ameyaw,eng ENG,MF,Southampton,16,2006,1,4,4,0.1,0,0,,0,1,4,0,1,0,0,0,0,0.97,0.1,0.7,-0.6,-13.93,-13.34,Matches
29,Ethan Ampadu,wls WAL,"DF,MF",Chelsea,21,2000,0,,,,,0,,0,0,,3,,,,,,,,,,,,Matches
30,Joseph Anang,eng ENG,GK,West Ham,22,2000,0,,,,,0,,0,0,,7,,,,,,,,,,,,Matches
31,Joachim Andersen,dk DEN,DF,Crystal Palace,26,1996,32,"2,782",87,81.3,30.9,32,87,30,0,,0,1.31,35,37,-2,-0.06,0.92,34,35.4,-1.3,-0.04,1.01,Matches
32,Elliot Anderson,sct SCO,"MF,FW",Newcastle Utd,19,2002,22,410,19,12,4.6,3,58,0,19,12,12,1.82,8,7,1,0.22,-0.8,11.7,5.5,6.2,1.37,0.59,Matches
33,Jaidon Anthony,eng ENG,"MF,FW",Bournemouth,22,1999,30,"1,257",42,36.8,14,11,76,4,19,22,8,0.97,9,29,-20,-1.43,-0.85,13.6,26,-12.4,-0.89,-0.35,Matches
34,Michail Antonio,jm JAM,FW,West Ham,32,1990,33,"1,829",55,53.5,20.3,21,75,2,12,22,1,1.09,23,29,-6,-0.3,0.1,25.9,29.3,-3.4,-0.17,-0.14,Matches
35,Antony,br BRA,FW,Manchester Utd,22,2000,25,"1,802",72,52.7,20,23,76,6,2,30,0,1.88,29,21,8,0.4,0.01,32.5,25.2,7.3,0.36,-0.19,Matches
36,Cameron Archer,eng ENG,"FW,MF",Aston Villa,21,2001,6,49,8,1.4,0.5,0,,0,6,8,8,1.17,0,1,-1,-1.84,-2,0.2,0.4,-0.1,-0.25,-0.19,Matches
37,Alphonse Areola,fr FRA,GK,West Ham,29,1993,5,309,62,9,3.4,2,90,2,3,43,30,0.8,5,7,-2,-0.58,-0.26,5.3,7.5,-2.2,-0.64,-0.59,Matches
38,Joe Aribo,ng NGA,"MF,FW",Southampton,26,1996,21,"1,224",58,35.8,13.6,13,77,3,8,28,8,0.57,13,24,-11,-0.81,0.26,13.5,16.6,-3.1,-0.23,0.6,Matches
39,Adam Armstrong,eng ENG,"FW,MF",Southampton,25,1997,30,"1,335",45,39,14.8,14,73,0,16,20,4,0.8,17,24,-7,-0.47,0.82,13.8,24,-10.2,-0.69,-0.13,Matches
40,Stuart Armstrong,sct SCO,"MF,FW",Southampton,30,1992,32,"1,408",44,41.2,15.6,14,70,0,18,24,3,0.56,12,34,-22,-1.41,-0.74,16.3,28.9,-12.6,-0.81,-0.33,Matches
41,Kepa Arrizabalaga,es ESP,GK,Chelsea,27,1994,29,"2,565",88,75,28.5,29,88,28,0,,7,1.14,27,33,-6,-0.21,0.11,39.2,39.1,0.1,0,0.34,Matches
42,Harrison Ashby,sct SCO,DF,West Ham,20,2001,0,,,,,0,,0,0,,3,,,,,,,,,,,,Matches
43,Harrison Ashby,sct SCO,DF,Newcastle Utd,20,2001,0,,,,,0,,0,0,,2,,,,,,,,,,,,Matches
44,Pierre-Emerick Aubameyang,ga GAB,FW,Chelsea,33,1989,15,554,37,16.2,6.2,5,62,0,10,24,5,1.07,3,8,-5,-0.81,-0.69,6,8.5,-2.5,-0.41,-0.39,Matches
45,Ludwig Augustinsson,se SWE,DF,Aston Villa,28,1994,3,77,26,2.3,0.9,1,44,0,2,17,9,1.67,1,0,1,1.17,1.06,2.5,0.8,1.6,1.92,2.02,Matches
46,Serge Aurier,ci CIV,DF,Nott'ham Forest,29,1992,24,"1,943",81,56.8,21.6,22,84,16,2,45,0,1.38,24,31,-7,-0.32,1.08,22.7,32.7,-10,-0.46,0.45,Matches
47,Brandon Austin,eng ENG,GK,Tottenham,23,1999,0,,,,,0,,0,0,,15,,,,,,,,,,,,Matches
48,Taiwo Awoniyi,ng NGA,FW,Nott'ham Forest,24,1997,27,"1,404",52,41.1,15.6,17,71,0,10,19,2,0.93,19,29,-10,-0.64,0.25,17.9,25.9,-8.1,-0.52,0.24,Matches
49,Yasin Ayari,se SWE,MF,Brighton,18,2003,3,67,22,2,0.7,1,45,0,2,11,12,2,2,2,0,0,-0.51,2.7,1.5,1.3,1.72,1.13,Matches
50,André Ayew,gh GHA,"FW,MF",Nott'ham Forest,32,1989,13,316,24,9.2,3.5,1,78,0,12,20,5,0.69,5,10,-5,-1.42,-0.7,4.7,7.2,-2.6,-0.73,-0.09,Matches
51,Jordan Ayew,gh GHA,"FW,MF",Crystal Palace,30,1991,38,"2,714",71,79.4,30.2,31,82,17,7,24,0,1.18,32,41,-9,-0.3,-0.3,29.7,40.2,-10.5,-0.35,-0.57,Matches
52,Luke Ayling,eng ENG,DF,Leeds United,30,1991,29,"2,054",71,60.1,22.8,22,89,21,7,14,4,0.79,27,48,-21,-0.92,-0.33,27.7,43.5,-15.8,-0.69,-0.43,Matches
53,César Azpilicueta,es ESP,DF,Chelsea,32,1989,25,"1,527",61,44.6,17,16,82,12,9,23,6,1.12,17,21,-4,-0.24,0,22.5,27.1,-4.6,-0.27,-0.34,Matches
54,Loïc Bade,fr FRA,DF,Nott'ham Forest,22,2000,0,,,,,0,,0,0,,1,,,,,,,,,,,,Matches
55,Benoît Badiashile,fr FRA,DF,Chelsea,21,2001,11,905,82,26.5,10.1,10,90,10,1,5,7,1.55,11,9,2,0.2,0.59,14,12.3,1.7,0.17,0.34,Matches
56,Leon Bailey,jm JAM,"FW,MF",Aston Villa,24,1997,33,"1,967",60,57.5,21.9,26,70,4,7,21,0,1.61,27,32,-5,-0.23,-0.85,30.7,35.5,-4.8,-0.22,-0.38,Matches
57,Stefan Bajcetic,es ESP,MF,Liverpool,17,2004,11,526,48,15.4,5.8,6,78,0,5,12,10,2.09,11,4,7,1.2,0.54,12.5,6.6,6,1.02,0.53,Matches
58,Dominic Ballard,eng ENG,"FW,MF",Southampton,17,2005,2,26,13,0.8,0.3,0,,0,2,13,0,0.5,0,0,0,0,0.98,0.1,1.2,-1,-3.63,-3.04,Matches
59,Kofi Balmer,nir NIR,DF,Crystal Palace,21,2000,0,,,,,0,,0,0,,3,,,,,,,,,,,,Matches
60,Patrick Bamford,eng ENG,FW,Leeds United,28,1993,28,"1,515",54,44.3,16.8,18,70,2,10,26,0,0.82,23,31,-8,-0.48,0.56,21.9,28.1,-6.2,-0.37,0.28,Matches
61,Mauro Bandeira,pt POR,MF,Arsenal,18,2003,0,,,,,0,,0,0,,2,,,,,,,,,,,,Matches
62,Shandon Baptiste,gd GRN,MF,Brentford,24,1998,23,618,27,18.1,6.9,4,68,0,19,18,5,1.35,12,6,6,0.87,0.68,9.8,8.1,1.6,0.24,0.07,Matches
63,Harvey Barnes,eng ENG,"FW,MF",Leicester City,24,1997,34,"2,711",80,79.3,30.1,32,83,21,2,27,0,0.88,41,51,-10,-0.33,0.56,39.4,50.9,-11.5,-0.38,-0.22,Matches
64,Gavin Bazunu,ie IRL,GK,Southampton,20,2002,32,"2,880",90,84.2,32,32,90,32,0,,6,0.75,27,56,-29,-0.91,0.43,30.5,46.1,-15.6,-0.49,0.8,Matches
65,Mads Bech Sørensen,dk DEN,"DF,MF",Brentford,23,1999,4,21,5,0.6,0.2,0,,0,4,5,3,2,1,0,1,4.29,3.99,0.3,0.3,0,0.15,-0.03,Matches
66,Jan Bednarek,pl POL,DF,Southampton,26,1996,20,"1,672",84,48.9,18.6,20,84,17,0,,3,0.55,16,39,-23,-1.24,-0.52,16.9,35,-18.2,-0.98,-0.71,Matches
67,Jan Bednarek,pl POL,DF,Aston Villa,26,1996,3,100,33,2.9,1.1,1,45,0,2,28,10,1.33,0,1,-1,-0.9,-1.06,2.4,1.1,1.3,1.17,1.27,Matches
68,Donny van de Beek,nl NED,MF,Manchester Utd,25,1997,7,167,24,4.9,1.9,2,55,0,5,12,4,1.71,3,3,0,0,-0.42,2.4,1.5,0.9,0.46,0,Matches
69,Asmir Begović,ba BIH,GK,Everton,35,1987,1,90,90,2.6,1,1,90,1,0,,37,3,1,0,1,1,1.65,0.4,1,-0.7,-0.67,-0.14,Matches
70,Armel Bella Kotchap,de GER,DF,Southampton,20,2001,24,"1,879",78,54.9,20.9,24,78,18,0,,2,0.71,18,39,-21,-1.01,-0.07,20.1,35.2,-15.1,-0.73,-0.25,Matches
71,Rhys Bennett,eng ENG,DF,Manchester Utd,18,2003,0,,,,,0,,0,0,,1,,,,,,,,,,,,Matches
72,Saïd Benrahma,dz ALG,"FW,MF",West Ham,26,1995,35,"2,069",59,60.5,23,22,77,8,13,28,3,0.89,25,32,-7,-0.3,0.1,32.3,32.7,-0.5,-0.02,0.2,Matches
73,Rodrigo Bentancur,uy URU,MF,Tottenham,25,1997,18,"1,500",83,43.9,16.7,17,86,10,1,33,0,1.89,33,24,9,0.54,0.63,26.4,19.6,6.8,0.41,0.38,Matches
74,Daniel Bentley,eng ENG,GK,Wolves,29,1993,2,180,90,5.3,2,2,90,2,0,,16,0.5,1,3,-2,-1,-0.31,1.9,5.1,-3.2,-1.62,-1.07,Matches
75,Victor Bernth Kristiansen,dk DEN,DF,Leicester City,19,2002,12,892,74,26.1,9.9,11,81,7,1,3,2,0.92,14,21,-7,-0.71,-0.35,13.8,17.3,-3.5,-0.35,-0.02,Matches
76,Marcus Bettinelli,eng ENG,GK,Chelsea,30,1992,0,,,,,0,,0,0,,17,,,,,,,,,,,,Matches
77,Owen Bevan,wls WAL,DF,Bournemouth,18,2003,1,9,9,0.3,0.1,0,,0,1,9,0,0,0,1,-1,-10,-9.13,0,0.3,-0.3,-2.78,-2.12,Matches
78,Giulian Biancone,fr FRA,DF,Nott'ham Forest,22,2000,2,17,9,0.5,0.2,0,,0,2,9,8,0.5,0,1,-1,-5.29,-4.53,0.3,0.5,-0.3,-1.38,-0.73,Matches
79,Philip Billing,dk DEN,"MF,FW",Bournemouth,26,1996,36,"2,764",77,80.8,30.7,34,79,11,2,36,0,1.06,32,54,-22,-0.72,0.93,31.5,48.9,-17.3,-0.56,0.52,Matches
80,Nathan Bishop,eng ENG,GK,Manchester Utd,22,1999,0,,,,,0,,0,0,,4,,,,,,,,,,,,Matches
81,Yves Bissouma,ml MLI,MF,Tottenham,25,1996,23,"1,010",44,29.5,11.2,10,81,4,13,15,2,1.57,20,20,0,0,-0.26,15.5,13.8,1.7,0.15,-0.06,Matches
82,Lamare Bogarde,nl NED,MF,Aston Villa,18,2004,0,,,,,0,,0,0,,3,,,,,,,,,,,,Matches
83,Willy Boly,ci CIV,DF,Wolves,31,1991,0,,,,,0,,0,0,,3,,,,,,,,,,,,Matches
84,Willy Boly,ci CIV,DF,Nott'ham Forest,31,1991,11,685,62,20,7.6,9,74,5,2,11,9,1.64,6,10,-4,-0.53,0.33,6.8,10.2,-3.5,-0.46,0.25,Matches
85,Sven Botman,nl NED,DF,Newcastle Utd,22,2000,36,"3,127",87,91.4,34.7,35,89,33,1,1,2,1.94,64,30,34,0.98,0.67,66.8,37.1,29.7,0.86,0.03,Matches
86,Jarrod Bowen,eng ENG,"FW,MF",West Ham,25,1996,38,"3,233",85,94.5,35.9,36,89,30,2,19,0,1.05,40,50,-10,-0.28,1.17,46.7,47.9,-1.2,-0.03,1.24,Matches
87,Sammy Braybrooke,eng ENG,MF,Leicester City,18,2004,0,,,,,0,,0,0,,3,,,,,,,,,,,,Matches
88,James Bree,eng ENG,DF,Southampton,24,1997,5,367,73,10.7,4.1,4,84,2,1,32,1,0.2,6,12,-6,-1.47,-0.56,4,9.4,-5.4,-1.32,-0.8,Matches
89,Armando Broja,al ALB,FW,Chelsea,20,2001,12,294,25,8.6,3.3,2,67,0,10,16,1,1.5,5,5,0,0,0.26,2.8,4.4,-1.6,-0.49,-0.44,Matches
90,David Brooks,wls WAL,"FW,MF",Bournemouth,25,1997,6,173,29,5.1,1.9,2,55,0,4,16,5,0,0,4,-4,-2.08,-1.25,1,4.5,-3.5,-1.83,-1.23,Matches
91,Lewis Brunt,eng ENG,DF,Leicester City,21,2000,1,23,23,0.7,0.3,0,,0,1,23,6,0,0,1,-1,-3.91,-3.49,0,0.8,-0.8,-3.31,-3,Matches
92,Emi Buendía,ar ARG,"MF,FW",Aston Villa,25,1996,38,"2,412",63,70.5,26.8,27,79,8,11,26,0,1.61,40,34,6,0.22,0.31,36.9,37.2,-0.3,-0.01,0.16,Matches
93,Hugo Bueno,es ESP,DF,Wolves,19,2002,21,"1,310",62,38.3,14.6,16,75,7,5,21,9,1.05,12,29,-17,-1.17,-0.74,13.3,23,-9.7,-0.67,-0.1,Matches
94,Facundo Buonanotte,ar ARG,"FW,MF",Brighton,17,2004,13,565,43,16.5,6.3,6,69,1,7,22,6,1.54,11,12,-1,-0.16,-0.79,11.6,11.9,-0.3,-0.05,-0.79,Matches
95,Dan Burn,eng ENG,DF,Newcastle Utd,30,1992,38,"3,111",82,91,34.6,35,87,27,3,17,0,1.87,64,30,34,0.98,0.69,66.2,35.2,31,0.9,0.48,Matches
96,Jack Butland,eng ENG,GK,Manchester Utd,29,1993,0,,,,,0,,0,0,,12,,,,,,,,,,,,Matches
97,Jack Butland,eng ENG,GK,Crystal Palace,29,1993,0,,,,,0,,0,0,,2,,,,,,,,,,,,Matches
98,Nathan Butler-Oyedeji,eng ENG,FW,Arsenal,19,2003,0,,,,,0,,0,0,,1,,,,,,,,,,,,Matches
99,Willy Caballero,ar ARG,GK,Southampton,40,1981,0,,,,,0,,0,0,,11,,,,,,,,,,,,Matches
100,Cafú,pt POR,MF,Nott'ham Forest,29,1993,1,7,7,0.2,0.1,0,,0,1,7,1,3,0,0,0,0,0.79,0,0.2,-0.2,-2.58,-1.93,Matches
101,Moisés Caicedo,ec ECU,MF,Brighton,20,2001,37,"3,139",85,91.8,34.9,34,89,30,3,35,0,1.68,62,47,15,0.43,-0.85,65.3,44.9,20.4,0.59,-0.28,Matches
102,Tom Cairney,sct SCO,MF,Fulham,31,1991,33,988,30,28.9,11,6,78,0,27,19,0,1.36,18,13,5,0.46,0.57,16,20.1,-4.1,-0.38,0.12,Matches
103,Duje Ćaleta-Car,hr CRO,DF,Southampton,25,1996,13,946,73,27.7,10.5,9,86,7,4,44,13,0.69,8,15,-7,-0.67,0.43,9.2,14.7,-5.6,-0.53,0.11,Matches
104,Dominic Calvert-Lewin,eng ENG,FW,Everton,25,1997,17,"1,165",69,34.1,12.9,15,75,4,2,20,0,0.82,12,22,-10,-0.77,-0.25,16.2,22.7,-6.4,-0.49,0.07,Matches
105,Chem Campbell,wls WAL,"FW,MF",Wolves,19,2002,5,74,15,2.2,0.8,0,,0,5,15,9,0,0,2,-2,-2.43,-1.76,0.2,1,-0.8,-1.01,-0.42,Matches
106,João Cancelo,pt POR,DF,Manchester City,28,1994,17,"1,274",75,37.3,14.2,16,78,10,1,23,3,2.24,36,15,21,1.48,-0.19,24.8,11.3,13.4,0.95,-0.44,Matches
107,Thomas Cannon,ie IRL,FW,Everton,19,2002,2,25,13,0.7,0.3,0,,0,2,13,0,0,0,1,-1,-3.6,-3.02,0.8,0.4,0.4,1.28,1.84,Matches
108,Sergi Canós,es ESP,"FW,DF",Brentford,25,1997,5,77,15,2.3,0.9,0,,0,5,15,7,1.6,0,2,-2,-2.34,-2.71,0.8,1.7,-1,-1.13,-1.35,Matches
109,Diego Carlos,br BRA,DF,Aston Villa,29,1993,3,205,68,6,2.3,2,90,1,1,26,11,1,2,3,-1,-0.44,-0.61,3.6,1.9,1.7,0.74,0.85,Matches
110,Scott Carson,eng ENG,GK,Manchester City,36,1985,0,,,,,0,,0,0,,5,,,,,,,,,,,,Matches
111,Fabio Carvalho,pt POR,"MF,FW",Liverpool,19,2002,13,347,27,10.1,3.9,4,52,0,9,16,18,1.69,10,3,7,1.82,1.2,7.2,4.9,2.3,0.6,0.03,Matches
112,Casemiro,br BRA,MF,Manchester Utd,30,1992,28,"2,124",76,62.1,23.6,24,85,18,4,22,0,2.11,37,21,16,0.68,0.75,45.6,26,19.7,0.83,1,Matches
113,Kaelan Casey,eng ENG,DF,West Ham,17,2004,0,,,,,0,,0,0,,1,,,,,,,,,,,,Matches
114,Matty Cash,pl POL,DF,Aston Villa,24,1997,26,"1,820",70,53.2,20.2,20,85,15,6,21,1,1.46,28,29,-1,-0.05,-0.39,28.7,27.4,1.3,0.06,0.26,Matches
115,Timothy Castagne,be BEL,DF,Leicester City,26,1995,37,"3,254",88,95.1,36.2,36,89,33,1,45,1,0.92,49,63,-14,-0.39,1.24,48.5,60.1,-11.6,-0.32,0.3,Matches
116,Jonny Castro,es ESP,DF,Wolves,28,1994,18,"1,261",70,36.9,14,14,84,9,4,22,8,1,8,20,-12,-0.86,-0.23,16,17.2,-1.1,-0.08,0.83,Matches
117,Julio César Enciso,py PAR,"FW,MF",Brighton,18,2004,20,806,40,23.6,9,7,67,1,13,26,11,1.75,21,12,9,1,0.66,21.4,14.7,6.7,0.75,0.18,Matches
118,Nathaniel Chalobah,eng ENG,MF,Fulham,27,1994,4,12,3,0.4,0.1,1,7,0,3,2,10,1.5,0,0,0,0,-0.05,0.1,0.4,-0.3,-1.94,-1.49,Matches
119,Trevoh Chalobah,eng ENG,DF,Chelsea,23,1999,25,"1,608",64,47,17.9,18,86,15,7,8,10,1.2,20,24,-4,-0.22,0.02,23.1,31.6,-8.5,-0.48,-0.75,Matches
120,Calum Chambers,eng ENG,"DF,MF",Aston Villa,27,1995,14,353,25,10.3,3.9,2,90,2,12,14,22,2.07,4,4,0,0,-0.15,3.5,5.6,-2.1,-0.53,-0.53,Matches
121,Luke Chambers,eng ENG,DF,Liverpool,18,2004,0,,,,,0,,0,0,,1,,,,,,,,,,,,Matches
122,Shea Charles,nir NIR,DF,Manchester City,18,2003,1,28,28,0.8,0.3,0,,0,1,28,1,0,0,1,-1,-3.21,-4.86,0.8,0.7,0.1,0.38,-0.85,Matches
123,Jeremiah Chilokoa-Mullen,sct SCO,DF,Leeds United,18,2004,0,,,,,0,,0,0,,3,,,,,,,,,,,,Matches
124,Ben Chilwell,eng ENG,"DF,MF",Chelsea,25,1996,23,"1,408",61,41.2,15.6,15,85,10,8,17,2,1.26,16,19,-3,-0.19,0.08,20.2,18.4,1.7,0.11,0.33,Matches
125,Ryan Christie,sct SCO,"MF,FW",Bournemouth,27,1995,32,"1,834",57,53.6,20.4,22,74,5,10,20,6,1.09,19,35,-16,-0.79,0.24,21.2,30.8,-9.6,-0.47,0.42,Matches
126,Carney Chukwuemeka,eng ENG,"MF,FW",Chelsea,18,2003,14,354,25,10.4,3.9,2,72,0,12,18,7,1.29,2,7,-5,-1.27,-1.15,6,8.2,-2.2,-0.57,-0.54,Matches
127,Bobby Clark,eng ENG,MF,Liverpool,17,2005,1,8,8,0.2,0.1,0,,0,1,8,5,3,1,0,1,11.25,10.54,0.3,0,0.3,3.13,2.57,Matches
128,Nathaniel Clyne,eng ENG,DF,Crystal Palace,31,1991,22,"1,640",75,48,18.2,19,84,14,3,17,8,0.77,13,23,-10,-0.55,-0.6,15.7,25.7,-10.1,-0.55,-0.62,Matches
129,Conor Coady,eng ENG,"DF,MF",Wolves,29,1993,0,,,,,0,,0,0,,1,,,,,,,,,,,,Matches
130,Conor Coady,eng ENG,DF,Everton,29,1993,24,"2,096",87,61.3,23.3,23,90,22,1,36,11,1,16,28,-12,-0.52,0.23,24.2,36,-11.8,-0.51,0.09,Matches
131,Jack Colback,eng ENG,MF,Nott'ham Forest,32,1989,11,497,45,14.5,5.5,4,77,2,7,27,7,1.36,3,11,-8,-1.45,-0.77,4.7,9.7,-5,-0.91,-0.3,Matches
132,Séamus Coleman,ie IRL,DF,Everton,33,1988,23,"1,656",72,48.4,18.4,20,77,9,3,37,7,0.91,15,25,-10,-0.54,0.12,22.6,32.6,-10,-0.54,0,Matches
133,Nathan Collins,ie IRL,DF,Wolves,21,2001,26,"1,814",70,53,20.2,19,87,18,7,23,9,1.04,16,36,-20,-0.99,-0.6,21.5,32.4,-10.9,-0.54,0.14,Matches
134,Levi Colwill,eng ENG,DF,Brighton,19,2003,17,"1,220",72,35.7,13.6,13,88,11,4,19,11,1.71,29,21,8,0.59,0.14,26.3,22.3,4.1,0.3,-0.48,Matches
135,Lewis Cook,eng ENG,MF,Bournemouth,25,1997,28,"1,720",61,50.3,19.1,18,84,14,10,21,5,0.89,18,39,-21,-1.1,-0.41,15.8,31.7,-16,-0.84,-0.34,Matches
136,Steve Cook,eng ENG,DF,Nott'ham Forest,31,1991,12,957,80,28,10.6,11,86,8,1,12,7,0.83,7,21,-14,-1.32,-0.73,10.5,14.9,-4.5,-0.42,0.33,Matches
137,Liam Cooper,sct SCO,DF,Leeds United,30,1991,18,"1,426",79,41.7,15.8,16,85,14,2,31,7,0.56,20,32,-12,-0.76,0.06,20.9,26.3,-5.4,-0.34,0.31,Matches
138,Maxwel Cornet,ci CIV,FW,West Ham,25,1996,14,245,18,7.2,2.7,2,46,0,12,13,6,0.79,2,5,-3,-1.1,-0.82,3.1,4.4,-1.3,-0.48,-0.41,Matches
139,Diego Costa,es ESP,FW,Wolves,33,1988,23,"1,241",54,36.3,13.8,16,68,1,7,22,2,1.26,15,17,-2,-0.15,0.89,11.8,21.1,-9.3,-0.67,-0.11,Matches
140,Vladimír Coufal,cz CZE,DF,West Ham,29,1992,27,"2,136",79,62.5,23.7,24,85,18,3,33,7,1,27,35,-8,-0.34,0.01,31.1,30.6,0.5,0.02,0.33,Matches
141,Philippe Coutinho,br BRA,"MF,FW",Aston Villa,30,1992,20,788,39,23,8.8,7,72,1,13,22,2,1.1,9,9,0,0,-0.17,9.3,8.3,0.9,0.1,0.21,Matches
142,Conor Coventry,ie IRL,"MF,FW",West Ham,22,2000,1,1,1,0,0,0,,0,1,1,10,0,0,0,0,0,0.34,0,0,0,0,0.1,Matches
143,Matthew Cox,eng ENG,GK,Brentford,19,2003,0,,,,,0,,0,0,,21,,,,,,,,,,,,Matches
144,Matthew Craig,sct SCO,MF,Tottenham,19,2003,1,14,14,0.4,0.2,0,,0,1,14,2,3,1,0,1,6.43,6.27,0.7,0.1,0.6,3.55,3.37,Matches
145,Tristan Crama,fr FRA,MF,Brentford,20,2001,0,,,,,0,,0,0,,4,,,,,,,,,,,,Matches
146,Aaron Cresswell,eng ENG,DF,West Ham,32,1989,28,"2,235",80,65.4,24.8,24,88,20,4,29,8,1.11,26,32,-6,-0.24,0.29,32.3,32.9,-0.6,-0.03,0.22,Matches
147,Marc Cucurella,es ESP,DF,Chelsea,24,1998,24,"1,671",70,48.9,18.6,21,77,10,3,15,3,1.21,17,20,-3,-0.16,0.15,23.6,26,-2.4,-0.13,-0.1,Matches
148,Luke Cundle,eng ENG,MF,Wolves,20,2002,0,,,,,0,,0,0,,3,,,,,,,,,,,,Matches
149,Matheus Cunha,br BRA,FW,Wolves,23,1999,17,965,57,28.2,10.7,12,70,1,5,26,3,1.65,13,12,1,0.09,1.12,10.8,17,-6.2,-0.58,0.04,Matches
150,Michael DaCosta,es ESP,FW,Bournemouth,17,2005,0,,,,,0,,0,0,,1,,,,,,,,,,,,Matches
151,Patson Daka,zm ZAM,FW,Leicester City,23,1998,30,"1,187",40,34.7,13.2,13,65,2,17,20,7,0.83,20,24,-4,-0.3,0.22,18.8,20.4,-1.6,-0.12,0.33,Matches
152,Diogo Dalot,pt POR,DF,Manchester Utd,23,1999,26,"2,154",83,63,23.9,24,89,21,2,13,6,1.77,32,34,-2,-0.08,-1.29,37.6,34.6,2.9,0.12,-0.9,Matches
153,Mikkel Damsgaard,dk DEN,"MF,FW",Brentford,22,2000,26,988,38,28.9,11,9,66,0,17,23,9,1.5,19,14,5,0.46,0.2,19,14.6,4.4,0.4,0.31,Matches
154,Danilo,br BRA,MF,Nott'ham Forest,21,2001,13,976,75,28.5,10.8,12,78,5,1,46,3,1.23,17,17,0,0,1.1,11.8,20.1,-8.3,-0.77,-0.15,Matches
155,Arnaut Danjuma,nl NED,"FW,MF",Tottenham,25,1997,9,169,19,4.9,1.9,1,65,0,8,13,8,0.78,6,5,1,0.53,0.37,4.3,2.5,1.8,0.95,0.79,Matches
156,Karl Darlow,eng ENG,GK,Newcastle Utd,31,1990,0,,,,,0,,0,0,,7,,,,,,,,,,,,Matches
157,Josh Dasilva,eng ENG,MF,Brentford,23,1998,36,"1,389",39,40.6,15.4,14,68,0,22,20,2,1.47,28,17,11,0.71,0.67,24.4,18,6.4,0.42,0.4,Matches
158,David Datro Fofana,ci CIV,FW,Chelsea,19,2002,3,70,23,2,0.8,1,45,0,2,13,6,0.33,1,1,0,0,0.24,1.1,1.6,-0.5,-0.7,-0.64,Matches
159,Ben Davies,wls WAL,DF,Tottenham,29,1993,31,"2,288",74,66.9,25.4,26,87,20,5,7,2,1.61,44,33,11,0.43,0.75,35.4,26.4,9,0.35,0.48,Matches
160,Harvey Davies,eng ENG,GK,Liverpool,18,2003,0,,,,,0,,0,0,,3,,,,,,,,,,,,Matches
161,Tom Davies,eng ENG,MF,Everton,24,1998,19,538,28,15.7,6,4,66,1,15,18,15,1,3,9,-6,-1,-0.47,6.1,11.5,-5.4,-0.91,-0.44,Matches
162,Craig Dawson,eng ENG,DF,West Ham,32,1990,8,720,90,21.1,8,8,90,8,0,,1,0.88,9,13,-4,-0.5,-0.2,9.8,10.8,-1,-0.12,-0.03,Matches
163,Craig Dawson,eng ENG,DF,Wolves,32,1990,17,"1,414",83,41.3,15.7,17,83,14,0,,1,1.41,16,18,-2,-0.13,0.99,14.8,25.2,-10.4,-0.66,-0.1,Matches
164,Kevin De Bruyne,be BEL,MF,Manchester City,31,1991,32,"2,417",76,70.7,26.9,28,84,16,4,20,3,2.31,69,23,46,1.71,0.37,58.7,19.4,39.3,1.46,0.81,Matches
165,Liam Delap,eng ENG,FW,Manchester City,19,2003,0,,,,,0,,0,0,,1,,,,,,,,,,,,Matches
166,Siriki Dembélé,ci CIV,"FW,MF",Bournemouth,25,1996,6,110,18,3.2,1.2,0,,0,6,18,9,0.17,0,2,-2,-1.64,-0.77,1.4,2.4,-1,-0.82,-0.16,Matches
167,Sepp van den Berg,nl NED,"DF,MF",Liverpool,20,2001,0,,,,,0,,0,0,,4,,,,,,,,,,,,Matches
168,Leander Dendoncker,be BEL,MF,Aston Villa,27,1995,20,697,35,20.4,7.7,7,75,2,13,13,7,1.55,13,11,2,0.26,0.16,10.7,11,-0.4,-0.05,0.02,Matches
169,Leander Dendoncker,be BEL,MF,Wolves,27,1995,4,214,54,6.3,2.4,2,90,2,2,17,1,0.5,1,3,-2,-0.84,-0.14,2.4,3.6,-1.2,-0.49,0.13,Matches
170,Emmanuel Dennis,ng NGA,"FW,MF",Nott'ham Forest,24,1997,19,720,38,21.1,8,6,72,0,13,22,12,0.26,7,17,-10,-1.25,-0.58,8.1,13.3,-5.2,-0.64,0.02,Matches
171,Will Dennis,eng ENG,GK,Bournemouth,22,2000,0,,,,,0,,0,0,,1,,,,,,,,,,,,Matches
172,Halil Dervişoğlu,tr TUR,MF,Brentford,22,1999,1,8,8,0.2,0.1,0,,0,1,8,1,1,1,0,1,11.25,10.96,0.1,0.1,0,-0.25,-0.43,Matches
173,Alfie Devine,eng ENG,MF,Tottenham,17,2004,0,,,,,0,,0,0,,5,,,,,,,,,,,,Matches
174,Kiernan Dewsbury-Hall,eng ENG,MF,Leicester City,23,1998,31,"2,306",74,67.4,25.6,28,80,16,3,26,2,1,38,40,-2,-0.08,1.13,30.5,39.2,-8.7,-0.34,-0.01,Matches
175,Ibrahima Diallo,fr FRA,MF,Southampton,23,1999,18,819,46,23.9,9.1,11,67,4,7,12,12,0.83,5,19,-14,-1.54,-0.74,6.2,14.2,-8,-0.88,-0.35,Matches
176,Rúben Dias,pt POR,DF,Manchester City,25,1997,26,"1,998",77,58.4,22.2,22,87,19,4,23,6,2.65,65,16,49,2.21,1.45,47,17,30,1.35,0.31,Matches
177,Luis Díaz,co COL,FW,Liverpool,25,1997,17,996,59,29.1,11.1,11,76,5,6,26,0,1.94,28,11,17,1.54,1.13,22,11.8,10.2,0.92,0.5,Matches
178,Matt Dibley-Dias,eng ENG,MF,Fulham,18,2004,0,,,,,0,,0,0,,2,,,,,,,,,,,,Matches
179,Eric Dier,eng ENG,DF,Tottenham,28,1994,33,"2,818",85,82.4,31.3,31,90,30,2,19,3,1.73,62,52,10,0.32,0.77,48.4,43.3,5.1,0.16,-0.18,Matches
180,Lucas Digne,fr FRA,DF,Aston Villa,29,1993,28,"1,502",54,43.9,16.7,18,75,10,10,15,4,1.46,22,25,-3,-0.18,-0.56,19.9,25.7,-5.8,-0.35,-0.52,Matches
181,Issa Diop,fr FRA,DF,Fulham,25,1997,25,"2,012",80,58.8,22.4,21,89,19,4,34,12,1.28,33,26,7,0.31,0.63,28.9,35.9,-6.9,-0.31,0.37,Matches
182,Moussa Djenepo,ml MLI,"DF,FW",Southampton,24,1998,16,710,44,20.8,7.9,7,77,2,9,19,10,0.63,7,14,-7,-0.89,0.11,6.9,11,-4.1,-0.52,0.12,Matches
183,Ben Doak,sct SCO,FW,Liverpool,16,2005,2,26,13,0.8,0.3,0,,0,2,13,2,1.5,0,1,-1,-3.46,-4.23,0.1,0.8,-0.6,-2.17,-2.76,Matches
184,Matt Doherty,ie IRL,"DF,MF",Tottenham,30,1992,12,667,56,19.5,7.4,7,82,2,5,18,9,1.33,12,9,3,0.4,0.27,9,8.6,0.4,0.06,-0.17,Matches
185,Gabriel Dos Santos,br BRA,DF,Arsenal,24,1997,38,"3,409",90,99.7,37.9,38,90,36,0,,0,2.21,88,43,45,1.19,1.19,71.8,41.4,30.4,0.8,5.3,Matches
186,Abdoulaye Doucouré,ml MLI,MF,Everton,29,1993,25,"1,533",61,44.8,17,17,84,14,8,13,4,1.2,18,26,-8,-0.47,0.25,24,29.5,-5.5,-0.32,0.4,Matches
187,Cheick Doucouré,ml MLI,MF,Crystal Palace,22,2000,34,"2,769",81,81,30.8,34,81,16,0,,1,1.24,36,41,-5,-0.16,0.39,33.3,38.7,-5.4,-0.18,0.29,Matches
188,Flynn Downes,eng ENG,MF,West Ham,23,1999,21,762,36,22.3,8.5,7,82,2,14,14,16,1.19,2,14,-12,-1.42,-1.38,7.4,13.5,-6.2,-0.73,-0.81,Matches
189,Kami Doyle,eng ENG,MF,Southampton,16,2005,1,7,7,0.2,0.1,0,,0,1,7,1,0,0,0,0,0,0.98,0,0.3,-0.3,-4.14,-3.54,Matches
190,Cody Drameh,eng ENG,DF,Leeds United,20,2001,1,69,69,2,0.8,1,69,0,0,,5,0,1,3,-2,-2.61,-1.86,0.5,1.3,-0.8,-1.05,-0.54,Matches
191,Amario Duberry,eng ENG,FW,Arsenal,17,2005,0,,,,,0,,0,0,,5,,,,,,,,,,,,Matches
192,Martin Dúbravka,sk SVK,GK,Manchester Utd,33,1989,0,,,,,0,,0,0,,4,,,,,,,,,,,,Matches
193,Martin Dúbravka,sk SVK,GK,Newcastle Utd,33,1989,2,157,79,4.6,1.7,1,90,1,1,67,22,0.5,1,1,0,0,-0.97,3.5,3.2,0.3,0.18,-0.7,Matches
194,Shane Duffy,ie IRL,"DF,FW",Fulham,30,1992,5,20,4,0.6,0.2,0,,0,5,4,25,2,0,4,-4,-18,-18.16,0.3,1.5,-1.2,-5.61,-5.18,Matches
195,Paul Dummett,wls WAL,DF,Newcastle Utd,30,1991,0,,,,,0,,0,0,,16,,,,,,,,,,,,Matches
196,Lewis Dunk,eng ENG,DF,Brighton,30,1991,36,"3,239",90,94.7,36,36,90,35,0,,2,1.69,70,50,20,0.56,1.05,69.7,45.4,24.3,0.67,1.24,Matches
197,Jhon Durán,co COL,"FW,MF",Aston Villa,18,2003,12,136,11,4,1.5,0,,0,12,11,5,1.42,3,4,-1,-0.66,-0.83,1.7,3.8,-2.2,-1.45,-1.45,Matches
198,Malcolm Ebiowei,eng ENG,"MF,FW",Crystal Palace,18,2003,3,34,11,1,0.4,0,,0,3,11,14,0,0,1,-1,-2.65,-2.43,0.3,0.2,0.1,0.39,0.62,Matches
199,Ederson,br BRA,GK,Manchester City,28,1993,35,"3,150",90,92.1,35,35,90,35,0,,3,2.34,89,32,57,1.63,0.3,73.4,28.3,45.1,1.29,0.81,Matches
200,Odsonne Édouard,fr FRA,FW,Crystal Palace,24,1998,35,"1,803",52,52.7,20,20,75,2,15,20,2,1.2,23,25,-2,-0.1,0.29,20.6,23.6,-3,-0.15,0.17,Matches
201,Samuel Edozie,eng ENG,"FW,MF",Southampton,19,2003,17,567,33,16.6,6.3,5,69,0,12,19,2,0.29,5,9,-4,-0.63,0.41,8.1,7.3,0.8,0.13,0.89,Matches
202,Anthony Elanga,se SWE,FW,Manchester Utd,20,2002,16,426,27,12.5,4.7,5,59,0,11,12,11,2.13,8,2,6,1.27,1,9.5,4.7,4.8,1.01,0.63,Matches
203,Harvey Elliott,eng ENG,"MF,FW",Liverpool,19,2003,32,"1,613",50,47.2,17.9,18,72,4,14,22,5,1.66,36,20,16,0.89,0.3,33.7,25.4,8.3,0.46,-0.2,Matches
204,Mohamed Elneny,eg EGY,MF,Arsenal,30,1992,5,113,23,3.3,1.3,1,90,1,4,6,4,3,2,2,0,0,-1.22,2.6,1.3,1.4,1.09,0.32,Matches
205,Mohamed Elyounoussi,no NOR,"MF,FW",Southampton,27,1994,33,"2,168",66,63.4,24.1,27,75,9,6,23,4,0.73,22,45,-23,-0.95,0.05,22.3,35.8,-13.5,-0.56,0.14,Matches
206,Emerson,br BRA,DF,Tottenham,23,1999,26,"1,735",67,50.7,19.3,20,82,12,6,15,2,1.73,34,26,8,0.41,0.47,27.7,21.2,6.5,0.34,0.29,Matches
207,Christian Eriksen,dk DEN,MF,Manchester Utd,30,1992,28,"2,048",73,59.9,22.8,25,80,7,3,14,1,2.14,33,25,8,0.35,-0.11,36.6,26,10.7,0.47,0.03,Matches
208,Pervis Estupiñán,ec ECU,DF,Brighton,24,1998,35,"2,675",76,78.2,29.7,31,83,20,4,25,1,1.63,59,43,16,0.54,0.18,58.3,40.7,17.6,0.59,-0.08,Matches
209,Jonny Evans,nir NIR,DF,Leicester City,34,1988,13,"1,051",81,30.7,11.7,12,88,10,1,1,3,0.62,17,28,-11,-0.94,-0.71,12,19.6,-7.6,-0.65,-0.45,Matches
210,Eberechi Eze,eng ENG,"MF,FW",Crystal Palace,24,1998,38,"2,636",69,77.1,29.3,30,82,15,8,23,0,1.18,38,35,3,0.1,1.48,31.9,31.7,0.2,0.01,1.04,Matches
211,Łukasz Fabiański,pl POL,GK,West Ham,37,1985,36,"3,111",86,91,34.6,36,86,33,0,,0,1.08,37,48,-11,-0.32,0.26,43.9,45.5,-1.7,-0.05,0.59,Matches
212,Fabinho,br BRA,MF,Liverpool,28,1993,36,"2,671",74,78.1,29.7,31,82,20,5,23,0,1.78,59,34,25,0.84,0.48,52.7,38.4,14.3,0.48,-0.4,Matches
213,Wout Faes,be BEL,DF,Leicester City,24,1998,31,"2,786",90,81.5,31,31,90,30,0,,0,1.03,42,51,-9,-0.29,0.84,43.2,52.4,-9.2,-0.3,0.21,Matches
214,Felipe,br BRA,DF,Nott'ham Forest,33,1989,16,"1,418",89,41.5,15.8,15,89,13,1,84,1,0.81,20,32,-12,-0.76,0.05,15.2,31.2,-16,-1.02,-0.62,Matches
215,João Félix,pt POR,"FW,MF",Chelsea,22,1999,16,941,59,27.5,10.5,11,75,3,5,22,1,0.88,11,15,-4,-0.38,-0.2,17.7,13.4,4.3,0.41,0.68,Matches
216,Evan Ferguson,ie IRL,FW,Brighton,17,2004,19,950,50,27.8,10.6,10,70,1,9,28,2,1.63,21,12,9,0.85,0.49,23.3,13.1,10.2,0.97,0.5,Matches
217,Bruno Fernandes,pt POR,"MF,FW",Manchester Utd,27,1994,37,"3,316",90,97,36.8,37,90,33,0,,0,2.03,57,39,18,0.49,3.08,65.9,49.2,16.7,0.45,-0.04,Matches
218,Enzo Fernández,ar ARG,MF,Chelsea,21,2001,18,"1,547",86,45.2,17.2,18,86,14,0,,0,0.83,16,25,-9,-0.52,-0.52,24.8,24.1,0.7,0.04,0.22,Matches
219,Ryan Finnigan,eng ENG,MF,Southampton,18,2003,0,,,,,0,,0,0,,2,,,,,,,,,,,,Matches
220,Roberto Firmino,br BRA,"FW,MF",Liverpool,30,1991,25,"1,213",49,35.5,13.5,13,73,3,12,22,0,1.64,28,17,11,0.82,0.12,24,19.6,4.3,0.32,-0.39,Matches
221,Junior Firpo,es ESP,DF,Leeds United,25,1996,19,"1,368",72,40,15.2,14,86,10,5,32,11,0.74,17,33,-16,-1.05,-0.44,17,30.9,-13.9,-0.92,-0.66,Matches
222,Phil Foden,eng ENG,FW,Manchester City,22,2000,32,"1,842",58,53.9,20.5,22,77,11,10,15,1,2.31,49,16,33,1.61,0.02,39.6,17.7,22,1.07,-0.33,Matches
223,Wesley Fofana,fr FRA,DF,Leicester City,21,2000,2,180,90,5.3,2,2,90,2,0,,0,0.5,4,6,-2,-1,-0.58,1.1,3.5,-2.4,-1.22,-0.93,Matches
224,Wesley Fofana,fr FRA,DF,Chelsea,21,2000,15,"1,183",79,34.6,13.1,12,85,7,3,54,1,1,13,18,-5,-0.38,-0.22,17.9,18.9,-0.9,-0.07,0.02,Matches
225,Pablo Fornals,es ESP,"FW,MF",West Ham,26,1996,32,"1,503",47,43.9,16.7,17,75,3,15,16,6,1.09,18,28,-10,-0.6,-0.46,19.7,24.6,-5,-0.3,-0.35,Matches
226,Adam Forshaw,eng ENG,MF,Leeds United,30,1991,12,479,40,14,5.3,5,68,1,7,20,4,0.5,4,13,-9,-1.69,-1.05,4.4,12.2,-7.7,-1.44,-1.07,Matches
227,Fraser Forster,eng ENG,GK,Tottenham,34,1988,14,"1,215",87,35.5,13.5,13,90,13,1,45,24,1.29,26,24,2,0.15,-0.06,21.4,18.8,2.6,0.19,0,Matches
228,Tyrese Francois,au AUS,FW,Fulham,22,2000,1,1,1,0,0,0,,0,1,1,6,1,0,0,0,0,-0.05,0,0,0,0,0.46,Matches
229,Nathan Fraser,ie IRL,FW,Wolves,17,2005,0,,,,,0,,0,0,,1,,,,,,,,,,,,Matches
230,Ryan Fraser,sct SCO,FW,Newcastle Utd,28,1994,8,313,39,9.2,3.5,3,67,0,5,22,8,1.63,3,3,0,0,-1.01,5.8,3.3,2.5,0.71,-0.15,Matches
231,Fred,br BRA,MF,Manchester Utd,29,1993,35,"1,249",36,36.5,13.9,12,74,6,23,16,3,1.97,24,22,2,0.14,-0.39,27.7,22.2,5.6,0.4,-0.08,Matches
232,Ryan Fredericks,eng ENG,DF,Bournemouth,29,1992,12,533,44,15.6,5.9,5,74,1,7,23,2,1,11,11,0,0,1.06,6.7,10,-3.3,-0.55,0.14,Matches
233,Remo Freuler,ch SUI,MF,Nott'ham Forest,30,1992,28,"2,161",77,63.2,24,24,84,16,4,38,8,0.82,17,47,-30,-1.25,-1.25,22.9,41.5,-18.5,-0.77,-0.31,Matches
234,Leo Fuhr Hjelde,no NOR,DF,Leeds United,18,2003,0,,,,,0,,0,0,,5,,,,,,,,,,,,Matches
235,James Furlong,ie IRL,"DF,MF",Brighton,20,2002,0,,,,,0,,0,0,,1,,,,,,,,,,,,Matches
236,Cody Gakpo,nl NED,"FW,MF",Liverpool,23,1999,21,"1,458",69,42.6,16.2,17,81,6,4,22,0,1.86,32,19,13,0.8,0.11,32.9,19.2,13.7,0.84,0.48,Matches
237,Conor Gallagher,eng ENG,MF,Chelsea,22,2000,35,"1,621",46,47.4,18,18,73,8,17,18,2,1.23,15,22,-7,-0.39,-0.29,21.2,26.1,-4.9,-0.27,-0.36,Matches
238,Idrissa Gana Gueye,sn SEN,MF,Everton,32,1989,33,"2,577",78,75.4,28.6,32,80,14,1,29,0,1,25,45,-20,-0.7,-0.38,32.7,49,-16.3,-0.57,-0.11,Matches
239,Alejandro Garnacho,ar ARG,"FW,MF",Manchester Utd,18,2004,19,569,30,16.6,6.3,5,56,0,14,21,9,2.05,16,13,3,0.47,0.1,16.9,8.2,8.6,1.37,1.09,Matches
240,James Garner,eng ENG,MF,Manchester Utd,21,2001,0,,,,,0,,0,0,,2,,,,,,,,,,,,Matches
241,James Garner,eng ENG,"MF,DF",Everton,21,2001,16,804,50,23.5,8.9,7,88,6,9,21,5,0.88,12,13,-1,-0.11,0.64,13.3,15.3,-2.1,-0.23,0.41,Matches
242,Jean-Philippe Gbamin,ci CIV,"DF,MF",Everton,26,1995,0,,,,,0,,0,0,,2,,,,,,,,,,,,Matches
243,David de Gea,es ESP,GK,Manchester Utd,31,1990,38,"3,420",90,100,38,38,90,38,0,,0,1.97,58,43,15,0.39,,67.7,50.4,17.3,0.45,,Matches
244,Joe Gelhardt,eng ENG,FW,Leeds United,20,2002,15,212,14,6.2,2.4,1,58,0,14,11,2,0.8,6,3,3,1.27,2.2,3.7,2.7,1,0.43,1.02,Matches
245,Saman Ghoddos,ir IRN,"MF,FW",Brentford,28,1993,15,139,9,4.1,1.5,0,,0,15,9,19,1.53,3,5,-2,-1.29,-1.68,2.6,4.4,-1.8,-1.16,-1.4,Matches
246,Morgan Gibbs-White,eng ENG,"FW,MF",Wolves,22,2000,2,180,90,5.3,2,2,90,2,0,,0,0.5,1,2,-1,-0.5,0.22,2.2,2.3,0,-0.02,0.62,Matches
247,Morgan Gibbs-White,eng ENG,"MF,FW",Nott'ham Forest,22,2000,35,"2,971",85,86.9,33,34,87,26,1,30,0,1,37,59,-22,-0.67,0.94,36,54.7,-18.7,-0.57,0.69,Matches
248,Bryan Gil,es ESP,"MF,FW",Tottenham,21,2001,4,148,37,4.3,1.6,2,69,0,2,5,12,1.5,5,1,4,2.43,2.35,2.3,1,1.3,0.79,0.62,Matches
249,Alfie Gilchrist,eng ENG,DF,Chelsea,18,2003,0,,,,,0,,0,0,,1,,,,,,,,,,,,Matches
250,Mark Gillespie,eng ENG,GK,Newcastle Utd,30,1992,0,,,,,0,,0,0,,1,,,,,,,,,,,,Matches
251,Billy Gilmour,sct SCO,MF,Chelsea,21,2001,0,,,,,0,,0,0,,1,,,,,,,,,,,,Matches
252,Billy Gilmour,sct SCO,MF,Brighton,21,2001,14,507,36,14.8,5.6,7,68,2,7,5,16,1.79,14,8,6,1.07,0.66,12.5,9.8,2.7,0.48,-0.15,Matches
253,Degnand Gnonto,it ITA,"FW,MF",Leeds United,18,2003,24,"1,354",56,39.6,15,14,79,7,10,26,5,0.75,17,28,-11,-0.73,0.1,16.3,25.1,-8.7,-0.58,-0.1,Matches
254,Ben Godfrey,eng ENG,DF,Everton,24,1998,13,802,62,23.5,8.9,10,75,6,3,18,5,0.62,10,18,-8,-0.9,-0.38,10,17.4,-7.4,-0.83,-0.38,Matches
255,Martial Godo,eng ENG,MF,Fulham,19,2003,0,,,,,0,,0,0,,1,,,,,,,,,,,,Matches
256,André Gomes,pt POR,MF,Everton,29,1993,0,,,,,0,,0,0,,1,,,,,,,,,,,,Matches
257,Claudio Gomes,fr FRA,MF,Manchester City,22,2000,0,,,,,0,,0,0,,2,,,,,,,,,,,,Matches
258,João Gomes,br BRA,MF,Wolves,21,2001,11,653,59,19.1,7.3,7,80,4,4,23,6,1.18,10,18,-8,-1.1,-0.48,8.5,14.9,-6.4,-0.89,-0.35,Matches
259,Toti Gomes,pt POR,DF,Wolves,23,1999,17,984,58,28.8,10.9,10,85,7,7,19,11,1.41,10,14,-4,-0.37,0.48,10.1,21.3,-11.2,-1.03,-0.59,Matches
260,Joe Gomez,eng ENG,DF,Liverpool,25,1997,21,"1,466",70,42.9,16.3,15,90,15,6,19,12,1.67,28,16,12,0.74,0,30.4,24.6,5.8,0.36,-0.38,Matches
261,Sergio Gómez,es ESP,"DF,MF",Manchester City,21,2000,12,349,29,10.2,3.9,2,84,1,10,18,20,2.58,5,6,-1,-0.26,-2.07,6.1,6.7,-0.6,-0.14,-1.52,Matches
262,Charlie Goode,eng ENG,DF,Brentford,26,1995,0,,,,,0,,0,0,,1,,,,,,,,,,,,Matches
263,Owen Goodman,eng ENG,GK,Crystal Palace,18,2003,0,,,,,0,,0,0,,4,,,,,,,,,,,,Matches
264,Anthony Gordon,eng ENG,"FW,MF",Newcastle Utd,21,2001,16,487,30,14.2,5.4,4,57,0,12,22,0,1.63,7,5,2,0.37,-0.64,9.3,7.1,2.1,0.39,-0.53,Matches
265,Anthony Gordon,eng ENG,FW,Everton,21,2001,16,"1,095",68,32,12.2,12,85,7,4,19,1,0.88,10,13,-3,-0.25,0.53,13.2,17.5,-4.3,-0.36,0.27,Matches
266,John-Kymani Gordon,eng ENG,FW,Crystal Palace,19,2003,0,,,,,0,,0,0,,5,,,,,,,,,,,,Matches
267,Archie Gray,eng ENG,MF,Leeds United,16,2006,0,,,,,0,,0,0,,6,,,,,,,,,,,,Matches
268,Demarai Gray,jm JAM,"FW,MF",Everton,26,1996,33,"2,507",76,73.3,27.9,27,86,16,6,30,5,0.79,20,39,-19,-0.68,-0.29,28.7,44.9,-16.2,-0.58,-0.15,Matches
269,Jack Grealish,eng ENG,FW,Manchester City,26,1995,28,"2,055",73,60.1,22.8,23,83,11,5,31,5,2.64,63,16,47,2.06,1.14,50.6,14,36.6,1.6,0.94,Matches
270,Ben Greenwood,ie IRL,DF,Bournemouth,19,2003,0,,,,,0,,0,0,,1,,,,,,,,,,,,Matches
271,Sam Greenwood,eng ENG,"MF,FW",Leeds United,20,2002,18,424,24,12.4,4.7,3,70,1,15,14,18,0.72,10,11,-1,-0.21,0.66,8.5,11.5,-3,-0.64,-0.14,Matches
272,Harvey Griffiths,eng ENG,MF,Wolves,18,2003,0,,,,,0,,0,0,,1,,,,,,,,,,,,Matches
273,Pascal Groß,de GER,"MF,DF",Brighton,31,1991,37,"3,239",88,94.7,36,37,88,30,0,,0,1.59,70,51,19,0.53,0.53,69.7,47.3,22.4,0.62,0.26,Matches
274,Vicente Guaita,es ESP,GK,Crystal Palace,35,1987,27,"2,430",90,71.1,27,27,90,27,0,,5,1.11,23,34,-11,-0.41,-0.59,25.2,37.4,-12.2,-0.45,-0.76,Matches
275,Gonçalo Guedes,pt POR,"FW,MF",Wolves,25,1996,13,707,54,20.7,7.9,8,71,1,5,27,4,0.77,4,12,-8,-1.02,-0.39,5.7,11.7,-6,-0.76,-0.2,Matches
276,Marc Guéhi,eng ENG,DF,Crystal Palace,22,2000,37,"3,329",90,97.3,37,37,90,36,0,,0,1.22,40,46,-6,-0.16,2.8,38.8,45.5,-6.7,-0.18,1.9,Matches
277,Bruno Guimarães,br BRA,MF,Newcastle Utd,24,1997,32,"2,726",85,79.7,30.3,32,85,23,0,,0,2.09,61,25,36,1.19,1.32,59.3,29.8,29.4,0.97,0.59,Matches
278,İlkay Gündoğan,de GER,MF,Manchester City,31,1990,31,"2,353",76,68.8,26.1,27,85,17,4,15,7,2.39,71,20,51,1.95,1.11,61.4,19.4,41.9,1.6,1.21,Matches
279,Darko Gyabi,eng ENG,FW,Leeds United,18,2004,1,8,8,0.2,0.1,0,,0,1,8,12,0,0,0,0,0,0.79,0.1,0.3,-0.2,-2.3,-1.79,Matches
280,Erling Haaland,no NOR,FW,Manchester City,22,2000,35,"2,769",79,81,30.8,33,83,21,2,22,1,2.37,84,26,58,1.89,1.47,67,24.3,42.6,1.39,0.84,Matches
281,Lewis Hall,eng ENG,DF,Chelsea,17,2004,9,654,73,19.1,7.3,8,79,3,1,23,5,0.67,6,11,-5,-0.69,-0.56,10.6,13.2,-2.5,-0.35,-0.33,Matches
282,Oliver Hammond,wls WAL,MF,Nott'ham Forest,19,2002,0,,,,,0,,0,0,,3,,,,,,,,,,,,Matches
283,Luke Harris,wls WAL,"MF,FW",Fulham,17,2005,3,13,4,0.4,0.1,0,,0,3,4,20,2,0,1,-1,-6.92,-7,0.3,1.2,-0.8,-5.88,-5.43,Matches
284,Jack Harrison,eng ENG,"FW,MF",Leeds United,25,1996,36,"2,708",75,79.2,30.1,34,78,11,2,27,1,0.86,35,55,-20,-0.66,0.6,37.4,50.5,-13.1,-0.43,0.42,Matches
285,Kai Havertz,de GER,"FW,MF",Chelsea,23,1999,35,"2,569",73,75.1,28.5,30,81,15,5,25,1,1.23,29,31,-2,-0.07,0.67,40.3,38.2,2.2,0.08,0.63,Matches
286,Tom Heaton,eng ENG,GK,Manchester Utd,36,1986,0,,,,,0,,0,0,,23,,,,,,,,,,,,Matches
287,Jan Paul van Hecke,nl NED,DF,Brighton,22,2000,8,295,37,8.6,3.3,3,86,2,5,8,24,1.5,3,7,-4,-1.22,-1.88,4.6,6.9,-2.3,-0.7,-1.43,Matches
288,Hwang Hee-chan,kr KOR,"FW,MF",Wolves,26,1996,27,"1,130",42,33,12.6,12,66,1,15,23,2,1.15,12,18,-6,-0.48,0.35,11.9,17.6,-5.7,-0.45,0.23,Matches
289,Krisztián Hegyi,hu HUN,GK,West Ham,19,2002,0,,,,,0,,0,0,,3,,,,,,,,,,,,Matches
290,Dean Henderson,eng ENG,GK,Nott'ham Forest,25,1997,18,"1,620",90,47.4,18,18,90,18,0,,0,1.11,15,31,-16,-0.89,-0.19,20.5,26.6,-6.1,-0.34,0.6,Matches
291,Jordan Henderson,eng ENG,MF,Liverpool,32,1990,35,"2,074",59,60.6,23,23,78,10,12,23,0,1.8,48,30,18,0.78,0.11,44,31.6,12.4,0.54,-0.08,Matches
292,Wayne Hennessey,wls WAL,GK,Nott'ham Forest,35,1987,4,271,68,7.9,3,3,90,3,1,1,33,1.25,2,5,-3,-1,-0.22,3.1,5.2,-2.2,-0.72,-0.07,Matches
293,Rico Henry,eng ENG,DF,Brentford,25,1997,37,"3,238",88,94.7,36,37,88,29,0,,0,1.51,53,46,7,0.19,-2.28,54,48.2,5.7,0.16,-0.38,Matches
294,Son Heung-min,kr KOR,"MF,FW",Tottenham,30,1992,36,"2,888",80,84.4,32.1,33,85,19,3,22,0,1.58,57,55,2,0.06,-0.78,48.9,43,6,0.19,-0.06,Matches
295,Aaron Hickey,sct SCO,DF,Brentford,20,2002,26,"1,916",74,56,21.3,23,81,8,3,16,2,1.46,33,30,3,0.14,-0.4,32.5,27.3,5.1,0.24,0.14,Matches
296,James Hill,eng ENG,DF,Bournemouth,20,2002,0,,,,,0,,0,0,,6,,,,,,,,,,,,Matches
297,Jack Hinshelwood,eng ENG,FW,Brighton,17,2005,1,2,2,0.1,0,0,,0,1,2,2,0,0,0,0,0,-0.5,0,0.4,-0.4,-16.32,-16.93,Matches
298,Joseph Hodge,ie IRL,MF,Wolves,19,2002,6,175,29,5.1,1.9,1,58,0,5,23,11,1.17,1,5,-4,-2.06,-1.42,2.1,4.2,-2.1,-1.06,-0.48,Matches
299,Rob Holding,eng ENG,DF,Arsenal,26,1995,14,566,40,16.5,6.3,6,90,6,8,3,24,2.36,17,13,4,0.64,-0.66,13.5,11.5,2,0.32,-0.56,Matches
300,Mason Holgate,eng ENG,DF,Everton,25,1996,8,507,63,14.8,5.6,5,76,2,3,42,20,0.5,4,9,-5,-0.89,-0.33,6.8,8.8,-1.9,-0.35,0.23,Matches
301,Callum Hudson-Odoi,eng ENG,"FW,MF",Chelsea,21,2000,0,,,,,0,,0,0,,3,,,,,,,,,,,,Matches
302,Will Hughes,eng ENG,MF,Crystal Palace,27,1995,27,842,31,24.6,9.4,7,79,1,20,15,6,1.15,7,11,-4,-0.43,-0.25,11.2,12.8,-1.6,-0.17,0.08,Matches
303,Bashir Humphreys,eng ENG,DF,Chelsea,19,2003,0,,,,,0,,0,0,,4,,,,,,,,,,,,Matches
304,Omari Hutchinson,eng ENG,FW,Chelsea,18,2003,1,23,23,0.7,0.3,0,,0,1,23,4,0,0,0,0,0,0.24,0.1,0.6,-0.5,-1.98,-1.91,Matches
305,Pierre Højbjerg,dk DEN,MF,Tottenham,26,1995,35,"3,131",89,91.5,34.8,35,89,33,0,,0,1.63,64,57,7,0.2,0.2,51.5,45.4,6.1,0.18,-0.23,Matches
306,Kelechi Iheanacho,ng NGA,"FW,MF",Leicester City,25,1996,28,"1,127",40,33,12.5,11,73,1,17,19,7,0.68,17,23,-6,-0.48,-0.05,22.6,22.5,0.2,0.01,0.52,Matches
307,Danny Ings,eng ENG,FW,West Ham,30,1992,17,775,46,22.7,8.6,7,79,1,10,22,2,1.24,11,13,-2,-0.23,0.14,11,13.7,-2.7,-0.32,-0.28,Matches
308,Danny Ings,eng ENG,FW,Aston Villa,30,1992,18,824,46,24.1,9.2,8,80,3,10,19,1,1.33,9,13,-4,-0.44,-0.75,13.6,12.6,1,0.11,0.22,Matches
309,Zidane Iqbal,iq IRQ,MF,Manchester Utd,19,2003,0,,,,,0,,0,0,,7,,,,,,,,,,,,Matches
310,Tim Iroegbunam,eng ENG,MF,Aston Villa,19,2003,0,,,,,0,,0,0,,2,,,,,,,,,,,,Matches
311,Alexander Isak,se SWE,FW,Newcastle Utd,22,1999,22,"1,522",69,44.5,16.9,17,83,7,5,23,0,1.68,29,20,9,0.53,-0.7,37.6,17.9,19.7,1.16,0.56,Matches
312,Daniel Iversen,dk DEN,GK,Leicester City,25,1997,12,"1,080",90,31.6,12,12,90,12,0,,26,0.83,14,22,-8,-0.67,-0.32,17.7,20.3,-2.6,-0.22,0.17,Matches
313,Alex Iwobi,ng NGA,"MF,FW",Everton,26,1996,38,"3,378",89,98.8,37.5,38,89,34,0,,0,0.95,34,56,-22,-0.59,1.56,44.8,64.7,-19.9,-0.53,0.92,Matches
314,Karl Jakob Hein,ee EST,GK,Arsenal,20,2002,0,,,,,0,,0,0,,1,,,,,,,,,,,,Matches
315,Eldin Jakupović,ch SUI,GK,Everton,37,1984,0,,,,,0,,0,0,,1,,,,,,,,,,,,Matches
316,Daniel James,wls WAL,FW,Leeds United,24,1997,4,198,50,5.8,2.2,2,64,0,2,36,0,1.25,5,2,3,1.36,2.29,3.9,4.1,-0.2,-0.1,0.44,Matches
317,Daniel James,wls WAL,FW,Fulham,24,1997,20,621,31,18.2,6.9,5,74,1,15,17,8,0.95,9,16,-7,-1.01,-1.3,7.3,15.4,-8.1,-1.17,-0.86,Matches
318,Reece James,eng ENG,"DF,MF",Chelsea,22,1999,16,"1,244",78,36.4,13.8,14,85,12,2,27,0,1.44,15,17,-2,-0.14,0.14,19.3,14.5,4.8,0.35,0.67,Matches
319,Vitaly Janelt,de GER,"MF,DF",Brentford,24,1998,35,"2,208",63,64.6,24.5,24,80,13,11,26,0,1.63,34,28,6,0.24,-0.2,38,30.4,7.7,0.31,0.37,Matches
320,Pontus Jansson,se SWE,DF,Brentford,31,1991,12,724,60,21.2,8,9,79,7,3,5,3,1.33,17,14,3,0.37,0.07,10.6,13,-2.5,-0.31,-0.62,Matches
321,Mathias Jensen,dk DEN,MF,Brentford,26,1996,37,"2,803",76,82,31.1,37,76,10,0,,0,1.51,45,40,5,0.16,-0.86,43.7,39.7,4.1,0.13,-0.28,Matches
322,Gabriel Jesus,br BRA,FW,Arsenal,25,1997,26,"2,064",79,60.4,22.9,24,84,11,2,20,0,2.23,53,23,30,1.31,0.31,43.2,23.2,20,0.87,0.21,Matches
323,Raúl Jiménez,mx MEX,FW,Wolves,31,1991,15,846,56,24.7,9.4,8,82,5,7,27,5,0.8,7,18,-11,-1.17,-0.61,10.6,16.6,-6,-0.64,-0.04,Matches
324,Joelinton,br BRA,"MF,FW",Newcastle Utd,25,1996,32,"2,661",83,77.8,29.6,30,87,25,2,24,1,1.78,51,26,25,0.85,-0.34,55.2,31.6,23.6,0.8,-0.24,Matches
325,Ben Johnson,eng ENG,DF,West Ham,22,2000,17,866,51,25.3,9.6,9,82,8,8,16,10,1.24,8,13,-5,-0.52,-0.24,12.9,15.2,-2.4,-0.25,-0.2,Matches
326,Brennan Johnson,wls WAL,"FW,MF",Nott'ham Forest,21,2001,38,"2,934",77,85.8,32.6,33,86,21,5,20,0,1,30,54,-24,-0.74,0.37,31.8,52.8,-20.9,-0.64,0.1,Matches
327,Sam Johnstone,eng ENG,GK,Crystal Palace,29,1993,9,810,90,23.7,9,9,90,9,0,,21,1.67,16,10,6,0.67,1.18,12.1,8.5,3.6,0.4,0.83,Matches
328,Curtis Jones,eng ENG,MF,Liverpool,21,2001,18,"1,035",58,30.3,11.5,12,78,2,6,18,5,1.94,23,15,8,0.7,-0.06,23.2,15.8,7.4,0.64,0.11,Matches
329,Jorginho,it ITA,MF,Arsenal,30,1991,14,855,61,25,9.5,9,81,6,5,25,5,1.79,20,11,9,0.95,-0.32,14.1,8.5,5.7,0.6,-0.26,Matches
330,Jorginho,it ITA,MF,Chelsea,30,1991,18,"1,279",71,37.4,14.2,15,81,8,3,23,2,1.61,16,12,4,0.28,0.83,17,16.4,0.5,0.04,0.19,Matches
331,Mateo Joseph,eng ENG,"FW,MF",Leeds United,18,2003,3,26,9,0.8,0.3,0,,0,3,9,5,0.33,0,0,0,0,0.8,0.6,0.3,0.4,1.23,1.76,Matches
332,Diogo Jota,pt POR,FW,Liverpool,25,1996,22,"1,131",51,33.1,12.6,12,76,2,10,22,0,1.95,24,19,5,0.4,-0.51,25.4,17.6,7.8,0.62,0.07,Matches
333,Hamed Junior Traorè,ci CIV,"FW,MF",Bournemouth,22,2000,7,427,61,12.5,4.7,5,75,1,2,26,0,1,3,8,-5,-1.05,-0.18,6.7,9.9,-3.2,-0.67,0,Matches
334,Marc Jurado,es ESP,DF,Manchester Utd,18,2004,0,,,,,0,,0,0,,1,,,,,,,,,,,,Matches
335,James Justin,eng ENG,DF,Leicester City,24,1998,14,"1,252",89,36.6,13.9,14,89,12,0,,0,1,23,25,-2,-0.14,0.48,15.9,20.8,-5,-0.36,-0.03,Matches
336,Mathias Jørgensen,dk DEN,DF,Brentford,32,1990,18,"1,103",61,32.3,12.3,11,85,9,7,24,15,1.83,17,15,2,0.16,-0.23,18.4,20.5,-2.1,-0.17,-0.52,Matches
337,Sasa Kalajdzic,at AUT,FW,Wolves,25,1997,1,45,45,1.3,0.5,1,45,0,0,,0,3,1,0,1,2,2.75,0.6,0.6,0,0.04,0.65,Matches
338,Boubacar Kamara,fr FRA,MF,Aston Villa,22,1999,24,"1,777",74,52,19.7,21,83,14,3,14,0,1.63,28,30,-2,-0.1,-0.48,24.2,33.1,-8.9,-0.45,-0.81,Matches
339,Harry Kane,eng ENG,FW,Tottenham,29,1993,38,"3,405",90,99.6,37.8,38,90,35,0,,0,1.58,70,62,8,0.21,6.21,56.9,49.4,7.5,0.2,0.5,Matches
340,N'Golo Kanté,fr FRA,MF,Chelsea,31,1991,7,518,74,15.1,5.8,6,81,3,1,34,1,1.14,5,7,-2,-0.35,-0.13,8,4.9,3.1,0.54,0.73,Matches
341,Loris Karius,de GER,GK,Newcastle Utd,29,1993,0,,,,,0,,0,0,,8,,,,,,,,,,,,Matches
342,Michael Keane,eng ENG,DF,Everton,29,1993,12,985,82,28.8,10.9,10,90,10,2,43,20,0.83,11,22,-11,-1.01,-0.56,14,23.2,-9.2,-0.84,-0.42,Matches
343,Neeskens Kebano,cd COD,FW,Fulham,30,1992,17,764,45,22.3,8.5,9,74,1,8,13,3,1.47,13,10,3,0.35,0.39,11.3,11.7,-0.4,-0.05,0.53,Matches
344,Thilo Kehrer,de GER,DF,West Ham,25,1996,27,"2,230",83,65.2,24.8,25,87,23,2,27,8,1.15,26,34,-8,-0.32,0.06,31.9,31.6,0.4,0.02,0.34,Matches
345,Naby Keïta,gn GUI,MF,Liverpool,27,1995,8,293,37,8.6,3.3,3,57,0,5,24,2,1.38,2,4,-2,-0.61,-1.48,5,3.7,1.2,0.37,-0.22,Matches
346,Caoimhín Kelleher,ie IRL,GK,Liverpool,23,1998,1,90,90,2.6,1,1,90,1,0,,28,1,4,4,0,0,-0.76,4,1.8,2.2,2.17,1.64,Matches
347,Lloyd Kelly,eng ENG,DF,Bournemouth,23,1998,23,"2,040",89,59.6,22.7,23,89,22,0,,0,1.13,19,38,-19,-0.84,0.14,22.2,36.2,-14.1,-0.62,0.11,Matches
348,Max Kilman,eng ENG,DF,Wolves,25,1997,37,"3,307",89,96.7,36.7,37,89,36,0,,1,1.08,30,56,-26,-0.71,0.09,35.1,57.1,-22,-0.6,0.26,Matches
349,Jakub Kiwior,pl POL,DF,Arsenal,22,2000,7,427,61,12.5,4.7,5,82,3,2,8,11,1.86,10,6,4,0.84,-0.39,6.6,6.5,0.1,0.02,-0.87,Matches
350,Kristoffer Klaesson,no NOR,GK,Leeds United,21,2000,0,,,,,0,,0,0,,11,,,,,,,,,,,,Matches
351,Mateusz Klich,pl POL,"MF,FW",Leeds United,32,1990,14,280,20,8.2,3.1,0,,0,14,20,2,0.79,5,5,0,0,0.86,6.3,4.5,1.8,0.57,1.19,Matches
352,Ben Knight,eng ENG,MF,Manchester City,20,2002,0,,,,,0,,0,0,,4,,,,,,,,,,,,Matches
353,Robin Koch,de GER,DF,Leeds United,26,1996,36,"3,175",88,92.8,35.3,36,88,33,0,,1,0.86,46,74,-28,-0.79,-0.06,45,63.7,-18.7,-0.53,-0.13,Matches
354,Ibrahima Konaté,fr FRA,DF,Liverpool,23,1999,18,"1,552",86,45.4,17.2,17,90,17,1,22,3,1.72,34,22,12,0.7,-0.08,31.9,23.3,8.6,0.5,-0.13,Matches
355,Ezri Konsa,eng ENG,DF,Aston Villa,24,1997,38,"3,322",87,97.1,36.9,37,90,36,1,1,0,1.61,49,45,4,0.11,-0.81,47.7,51.1,-3.4,-0.09,-1.15,Matches
356,Kalidou Koulibaly,sn SEN,DF,Chelsea,31,1991,23,"1,800",78,52.6,20,20,87,17,3,23,6,1.26,20,22,-2,-0.1,0.29,26.8,22.6,4.1,0.21,0.61,Matches
357,Cheikhou Kouyaté,sn SEN,MF,Nott'ham Forest,32,1989,21,882,42,25.8,9.8,10,68,1,11,18,1,1.05,9,23,-14,-1.43,-0.86,9.3,16.7,-7.4,-0.75,-0.13,Matches
358,Mateo Kovačić,hr CRO,MF,Chelsea,28,1994,27,"1,707",63,49.9,19,17,82,10,10,32,2,1.15,14,25,-11,-0.58,-0.69,24.7,24.2,0.6,0.03,0.22,Matches
359,Matej Kovar,cz CZE,GK,Manchester Utd,22,2000,0,,,,,0,,0,0,,1,,,,,,,,,,,,Matches
360,Emil Krafth,se SWE,DF,Newcastle Utd,27,1994,1,1,1,0,0,0,,0,1,1,0,1,0,0,0,0,-0.92,0,0.1,-0.1,-8.84,-9.7,Matches
361,Dejan Kulusevski,se SWE,"MF,FW",Tottenham,22,2000,30,"2,067",69,60.4,23,23,81,5,7,28,0,1.6,42,40,2,0.09,-0.25,32.8,30.6,2.2,0.09,-0.26,Matches
362,Layvin Kurzawa,fr FRA,DF,Fulham,29,1992,3,135,45,3.9,1.5,2,67,1,1,1,6,0.33,0,4,-4,-2.67,-2.83,1.1,4.4,-3.3,-2.21,-1.81,Matches
363,Adam Lallana,eng ENG,"MF,FW",Brighton,34,1988,16,722,45,21.1,8,12,55,0,4,15,0,1.56,16,10,6,0.75,0.31,12,10.7,1.3,0.16,-0.56,Matches
364,Tariq Lamptey,gh GHA,DF,Brighton,21,2000,20,453,23,13.2,5,3,60,1,17,16,3,1.6,6,7,-1,-0.2,-0.81,7.5,6.5,1,0.2,-0.47,Matches
365,Manuel Lanzini,ar ARG,"MF,FW",West Ham,29,1993,10,252,25,7.4,2.8,2,73,1,8,13,28,0.7,2,5,-3,-1.07,-0.79,3,5.8,-2.7,-0.98,-0.95,Matches
366,Aymeric Laporte,es ESP,DF,Manchester City,28,1994,12,993,83,29,11,11,89,10,1,16,15,2.33,21,10,11,1,-0.86,20.5,12.4,8.1,0.73,-0.69,Matches
367,Juan Larios,es ESP,DF,Southampton,18,2004,5,152,30,4.4,1.7,2,46,0,3,20,4,0.6,1,2,-1,-0.59,0.4,1.4,2.5,-1.1,-0.66,-0.05,Matches
368,Jamaal Lascelles,eng ENG,DF,Newcastle Utd,28,1993,7,218,31,6.4,2.4,2,90,2,5,8,21,1.89,2,5,-3,-1.24,-2.31,2.6,4.3,-1.7,-0.69,-1.65,Matches
369,Roméo Lavia,be BEL,MF,Southampton,18,2004,29,"2,221",77,64.9,24.7,26,82,14,3,30,0,0.69,28,50,-22,-0.89,0.23,25.8,41,-15.2,-0.62,-0.01,Matches
370,Dexter Lembikisa,jm JAM,DF,Wolves,18,2003,1,23,23,0.7,0.3,0,,0,1,23,1,0,0,1,-1,-3.91,-3.22,0.4,0.4,0,0.05,0.66,Matches
371,Mario Lemina,ga GAB,MF,Wolves,28,1993,19,"1,299",68,38,14.4,17,74,8,2,18,0,1.42,14,28,-14,-0.97,-0.42,13.2,27,-13.8,-0.95,-0.56,Matches
372,Clément Lenglet,fr FRA,DF,Tottenham,27,1995,26,"2,019",78,59,22.4,24,83,14,2,9,11,1.54,45,35,10,0.45,0.64,36.8,28.7,8.1,0.36,0.41,Matches
373,Bernd Leno,de GER,GK,Fulham,30,1992,36,"3,240",90,94.7,36,36,90,36,0,,2,1.39,53,51,2,0.06,0.06,43.5,61.7,-18.2,-0.5,-0.81,Matches
374,Jefferson Lerma,co COL,MF,Bournemouth,27,1994,37,"3,252",88,95.1,36.1,37,88,33,0,,0,1.05,34,67,-33,-0.91,-0.38,35.7,60.5,-24.8,-0.69,-0.43,Matches
375,Jamal Lewis,nir NIR,"DF,FW",Newcastle Utd,24,1998,2,11,6,0.3,0.1,0,,0,2,6,20,2,0,1,-1,-8.18,-9.13,0.1,1,-1,-7.94,-8.82,Matches
376,Rico Lewis,eng ENG,"DF,MF",Manchester City,17,2004,14,903,65,26.4,10,10,82,6,4,21,23,2.29,18,8,10,1,-0.83,20.8,9,11.9,1.19,-0.05,Matches
377,Keane Lewis-Potter,eng ENG,"FW,MF",Brentford,21,2001,10,321,32,9.4,3.6,3,61,0,7,20,9,1.5,10,4,6,1.68,1.51,7.2,4.1,3.2,0.89,0.78,Matches
378,Victor Lindelöf,se SWE,DF,Manchester Utd,28,1994,20,"1,365",68,39.9,15.2,14,90,13,6,18,10,1.95,29,16,13,0.86,0.77,35.3,20.4,14.9,0.98,0.88,Matches
379,Jesse Lingard,eng ENG,"FW,MF",Nott'ham Forest,29,1992,17,923,54,27,10.3,12,70,2,5,16,12,0.71,8,17,-9,-0.88,-0.12,10.4,15.2,-4.9,-0.47,0.25,Matches
380,Valentino Livramento,eng ENG,"DF,FW",Southampton,19,2002,2,28,14,0.8,0.3,0,,0,2,14,0,0.5,0,0,0,0,0.98,0.1,1.6,-1.5,-4.77,-4.19,Matches
381,Diego Llorente,es ESP,DF,Leeds United,28,1993,8,649,81,19,7.2,7,90,7,1,19,11,1,11,12,-1,-0.14,0.8,10.9,10.4,0.5,0.07,0.73,Matches
382,Hugo Lloris,fr FRA,GK,Tottenham,35,1986,25,"2,205",88,64.5,24.5,25,88,24,0,,1,1.68,44,39,5,0.2,0.06,35.7,30.8,4.8,0.2,0,Matches
383,Renan Lodi,br BRA,DF,Nott'ham Forest,24,1998,28,"2,214",79,64.7,24.6,26,83,16,2,25,2,1.11,29,48,-19,-0.77,0.05,27,41.1,-14.1,-0.57,0.23,Matches
384,Ruben Loftus-Cheek,eng ENG,"MF,DF",Chelsea,26,1996,25,"1,536",61,44.9,17.1,19,73,6,6,26,6,1.36,22,23,-1,-0.06,0.32,21.7,27.2,-5.5,-0.32,-0.44,Matches
385,Andy Lonergan,ie IRL,GK,Everton,38,1983,0,,,,,0,,0,0,,4,,,,,,,,,,,,Matches
386,Sean Longstaff,eng ENG,MF,Newcastle Utd,24,1997,33,"2,518",76,73.6,28,28,87,24,5,18,0,1.91,48,18,30,1.07,0.57,50.6,26.6,24,0.86,0.02,Matches
387,Jamal Lowe,jm JAM,"MF,FW",Bournemouth,28,1994,2,12,6,0.4,0.1,0,,0,2,6,8,0,0,0,0,0,0.9,0.1,0.7,-0.7,-4.95,-4.3,Matches
388,Douglas Luiz,br BRA,MF,Aston Villa,24,1998,37,"2,927",79,85.6,32.5,33,86,23,4,23,1,1.57,46,33,13,0.4,1.86,43.3,41.5,1.7,0.05,0.78,Matches
389,Saša Lukić,rs SRB,MF,Fulham,25,1996,12,412,34,12,4.6,4,75,1,8,14,4,1.33,3,10,-7,-1.53,-1.8,4.8,9.9,-5.1,-1.12,-0.75,Matches
390,Lyanco,br BRA,DF,Southampton,25,1997,21,"1,180",56,34.5,13.1,11,88,9,10,22,8,0.86,14,26,-12,-0.92,0.09,14.8,23.1,-8.3,-0.63,-0.03,Matches
391,Alexis Mac Allister,ar ARG,MF,Brighton,23,1998,35,"2,886",82,84.4,32.1,31,89,27,4,32,0,1.6,54,45,9,0.28,-1.4,62,39.5,22.5,0.7,0.6,Matches
392,James Maddison,eng ENG,"MF,FW",Leicester City,25,1996,30,"2,480",83,72.5,27.6,28,86,21,2,34,0,0.93,41,54,-13,-0.47,-0.09,38.1,46,-7.9,-0.29,0.18,Matches
393,Noni Madueke,eng ENG,FW,Chelsea,20,2002,12,643,54,18.8,7.1,7,75,0,5,24,4,0.83,6,13,-7,-0.98,-0.91,8.1,12.5,-4.4,-0.62,-0.66,Matches
394,Harry Maguire,eng ENG,DF,Manchester Utd,29,1993,16,767,48,22.4,8.5,8,90,8,8,6,15,2.5,15,7,8,0.94,0.7,18.5,10.8,7.7,0.9,0.58,Matches
395,Riyad Mahrez,dz ALG,"FW,MF",Manchester City,31,1991,30,"1,920",64,56.1,21.3,22,80,11,8,20,8,2.5,51,23,28,1.31,-0.67,44.1,18.9,25.2,1.18,-0.1,Matches
396,Kobbie Mainoo,eng ENG,MF,Manchester Utd,17,2005,1,11,11,0.3,0.1,0,,0,1,11,7,3,0,0,0,0,-0.4,0.6,0.3,0.3,2.37,1.92,Matches
397,Ainsley Maitland-Niles,eng ENG,"DF,MF",Southampton,24,1997,22,"1,407",64,41.1,15.6,13,86,7,9,32,5,0.64,16,31,-15,-0.96,0.02,17.7,22.2,-4.5,-0.29,0.55,Matches
398,Tyrell Malacia,nl NED,DF,Manchester Utd,22,1999,22,"1,396",63,40.8,15.5,14,84,10,8,27,15,2,22,14,8,0.52,0.2,29.5,19.2,10.4,0.67,0.36,Matches
399,Orel Mangala,be BEL,MF,Nott'ham Forest,24,1998,27,"1,550",57,45.3,17.2,20,70,5,7,20,5,1.19,22,24,-2,-0.12,1.23,19.6,28.9,-9.3,-0.54,0.21,Matches
400,Javier Manquillo,es ESP,DF,Newcastle Utd,28,1994,4,37,9,1.1,0.4,0,,0,4,9,24,3,2,1,1,2.43,1.53,1,0.9,0.1,0.18,-0.68,Matches
401,Sekou Mara,fr FRA,"FW,MF",Southampton,20,2002,22,555,25,16.2,6.2,4,58,0,18,18,11,0.73,6,10,-4,-0.65,0.39,4.9,9.4,-4.5,-0.73,-0.14,Matches
402,Wanya Marcal-Madivadua,pt POR,MF,Leicester City,19,2002,0,,,,,0,,0,0,,4,,,,,,,,,,,,Matches
403,Solly March,eng ENG,"FW,DF",Brighton,28,1994,33,"2,715",82,79.4,30.2,31,86,19,2,30,0,1.67,58,40,18,0.6,0.47,59,36.2,22.8,0.75,0.71,Matches
404,Emiliano Marcondes,dk DEN,MF,Bournemouth,27,1995,1,9,9,0.3,0.1,0,,0,1,9,9,0,0,1,-1,-10,-9.13,0,0.3,-0.3,-2.78,-2.12,Matches
405,Marquinhos,br BRA,MF,Arsenal,19,2003,1,1,1,0,0,0,,0,1,1,14,3,0,0,0,0,-1.18,0,0,0,0,-0.79,Matches
406,Filip Marshall,eng ENG,GK,Aston Villa,19,2003,0,,,,,0,,0,0,,1,,,,,,,,,,,,Matches
407,Anthony Martial,fr FRA,FW,Manchester Utd,26,1995,21,978,47,28.6,10.9,11,64,0,10,28,0,2.19,16,8,8,0.74,0.48,21.5,13.7,7.8,0.72,0.37,Matches
408,Martinelli,br BRA,FW,Arsenal,21,2001,36,"2,789",77,81.5,31,34,80,16,2,28,0,2.25,72,33,39,1.26,0.4,59.9,35.7,24.3,0.78,-0.02,Matches
409,Emiliano Martínez,ar ARG,GK,Aston Villa,29,1992,36,"3,139",87,91.8,34.9,36,87,34,0,,1,1.61,47,38,9,0.26,1.54,46.5,43.9,2.6,0.08,1.64,Matches
410,Lisandro Martínez,ar ARG,DF,Manchester Utd,24,1998,27,"2,114",78,61.8,23.5,24,87,19,3,11,0,1.85,35,33,2,0.09,-0.81,36.3,32.3,4,0.17,-0.75,Matches
411,Pape Matar Sarr,sn SEN,"MF,FW",Tottenham,19,2002,11,218,20,6.4,2.4,2,49,0,9,13,15,1.45,6,11,-5,-2.06,-2.4,4.5,5.9,-1.5,-0.6,-0.85,Matches
412,Jean-Philippe Mateta,fr FRA,FW,Crystal Palace,25,1997,29,770,27,22.5,8.6,6,65,0,23,17,8,1.1,5,10,-5,-0.58,-0.45,10.6,13.5,-3,-0.35,-0.15,Matches
413,Joël Matip,cm CMR,DF,Liverpool,30,1991,14,"1,092",78,31.9,12.1,12,86,10,2,28,15,1.29,21,20,1,0.08,-0.96,22.5,16.6,5.9,0.48,-0.13,Matches
414,Neal Maupay,fr FRA,"FW,MF",Brighton,25,1996,0,,,,,0,,0,0,,2,,,,,,,,,,,,Matches
415,Neal Maupay,fr FRA,FW,Everton,25,1996,27,"1,118",41,32.7,12.4,11,78,1,16,16,6,1,12,19,-7,-0.56,0.06,14.2,21.2,-7,-0.56,-0.03,Matches
416,Kevin Mbabu,ch SUI,"DF,FW",Fulham,27,1995,6,144,24,4.2,1.6,1,44,0,5,20,8,0.67,2,7,-5,-3.12,-3.32,1.4,6.8,-5.3,-3.34,-3,Matches
417,Loïc Mbe Soh,fr FRA,DF,Nott'ham Forest,21,2001,0,,,,,0,,0,0,,2,,,,,,,,,,,,Matches
418,Luke Mbete-Tatu,eng ENG,DF,Manchester City,18,2003,0,,,,,0,,0,0,,2,,,,,,,,,,,,Matches
419,Bryan Mbeumo,cm CMR,FW,Brentford,22,1999,38,"2,906",76,85,32.3,36,79,10,2,24,0,1.55,50,39,11,0.34,0.17,45.6,41.4,4.3,0.13,-0.32,Matches
420,Sean McAllister,nir NIR,DF,Everton,19,2003,0,,,,,0,,0,0,,2,,,,,,,,,,,,Matches
421,James McArthur,sct SCO,MF,Crystal Palace,34,1987,4,54,14,1.6,0.6,0,,0,4,14,8,1.75,0,0,0,0,0.24,0.7,0.4,0.2,0.41,0.65,Matches
422,Kasey McAteer,eng ENG,MF,Leicester City,20,2001,0,,,,,0,,0,0,,3,,,,,,,,,,,,Matches
423,Alex McCarthy,eng ENG,GK,Southampton,32,1989,6,540,90,15.8,6,6,90,6,0,,21,0.17,9,17,-8,-1.33,-0.43,7.2,15,-7.7,-1.29,-0.8,Matches
424,Thomas Mcgill,eng ENG,GK,Brighton,22,2000,0,,,,,0,,0,0,,6,,,,,,,,,,,,Matches
425,John McGinn,sct SCO,"MF,FW",Aston Villa,27,1994,34,"2,693",79,78.7,29.9,30,86,22,4,26,1,1.59,36,31,5,0.17,0.17,39.4,38,1.4,0.05,0.5,Matches
426,Scott McKenna,sct SCO,DF,Nott'ham Forest,25,1996,20,"1,571",79,45.9,17.5,19,82,16,1,16,5,0.85,14,32,-18,-1.03,-0.45,18.8,28.5,-9.7,-0.56,0.18,Matches
427,Weston McKennie,us USA,MF,Leeds United,23,1998,19,"1,437",76,42,16,16,85,9,3,28,0,0.68,20,35,-15,-0.94,-0.26,17.7,28.3,-10.6,-0.67,-0.25,Matches
428,Dwight McNeil,eng ENG,"FW,MF",Everton,22,1999,36,"2,498",69,73,27.8,28,83,19,8,22,2,0.97,26,46,-20,-0.72,-0.43,35.1,50.2,-15.1,-0.54,-0.01,Matches
429,Scott McTominay,sct SCO,MF,Manchester Utd,25,1996,24,"1,160",48,33.9,12.9,10,85,7,14,22,2,2,17,20,-3,-0.23,-0.95,19.1,22.5,-3.4,-0.27,-1.09,Matches
430,Ben Mee,eng ENG,DF,Brentford,32,1989,37,"3,269",88,95.6,36.3,37,88,34,0,,1,1.59,56,40,16,0.44,2.82,54.7,46.1,8.6,0.24,1.29,Matches
431,Arthur Melo,br BRA,MF,Liverpool,25,1996,0,,,,,0,,0,0,,7,,,,,,,,,,,,Matches
432,Edouard Mendy,sn SEN,GK,Chelsea,30,1992,10,855,86,25,9.5,9,90,9,1,45,13,1.1,11,14,-3,-0.32,-0.11,10.3,13.4,-3.2,-0.33,-0.34,Matches
433,Nampalys Mendy,sn SEN,MF,Leicester City,30,1992,19,757,40,22.1,8.4,7,72,2,12,21,14,1.42,12,13,-1,-0.12,0.42,14.6,12.9,1.7,0.2,0.69,Matches
434,Chris Mepham,wls WAL,DF,Bournemouth,24,1997,26,"2,199",85,64.3,24.4,24,90,23,2,24,7,1,23,52,-29,-1.19,-0.82,20.5,41.5,-21,-0.86,-0.55,Matches
435,Illan Meslier,fr FRA,GK,Leeds United,22,2000,34,"3,060",90,89.5,34,34,90,34,0,,4,0.88,43,67,-24,-0.71,0.79,42.7,57.9,-15.2,-0.45,0.72,Matches
436,Alexander Mighten,eng ENG,FW,Nott'ham Forest,20,2002,1,8,8,0.2,0.1,0,,0,1,8,5,0,0,0,0,0,0.79,0,0.2,-0.2,-2.55,-1.9,Matches
437,Lewis Miley,eng ENG,MF,Newcastle Utd,16,2006,1,15,15,0.4,0.2,0,,0,1,15,3,1,0,0,0,0,-0.93,0.1,0.9,-0.8,-4.62,-5.5,Matches
438,Luka Milivojević,rs SRB,MF,Crystal Palace,31,1991,18,512,28,15,5.7,5,68,1,13,13,16,1.44,5,7,-2,-0.35,-0.13,4.4,7.7,-3.4,-0.59,-0.42,Matches
439,Stanley Mills,eng ENG,MF,Everton,18,2003,0,,,,,0,,0,0,,7,,,,,,,,,,,,Matches
440,James Milner,eng ENG,"MF,DF",Liverpool,36,1986,31,913,29,26.7,10.1,7,77,3,24,16,3,1.84,17,12,5,0.49,-0.33,21.4,13.6,7.9,0.78,0.28,Matches
441,Yerry Mina,co COL,DF,Everton,27,1994,7,594,85,17.4,6.6,7,85,5,0,,17,1,8,9,-1,-0.15,0.55,9.2,10.1,-0.9,-0.13,0.49,Matches
442,Tyrone Mings,eng ENG,DF,Aston Villa,29,1993,35,"3,150",90,92.1,35,35,90,35,0,,1,1.74,50,40,10,0.29,1.95,48.8,48,0.8,0.02,1.05,Matches
443,Tyrick Mitchell,eng ENG,DF,Crystal Palace,22,1999,36,"2,891",80,84.5,32.1,34,84,27,2,19,0,1.17,36,38,-2,-0.06,1.13,33.5,38.4,-4.8,-0.15,0.52,Matches
444,Kaoru Mitoma,jp JPN,"FW,MF",Brighton,25,1997,33,"2,318",70,67.8,25.8,24,88,16,9,24,2,1.67,49,35,14,0.54,0.14,53.7,34.8,19,0.74,0.4,Matches
445,Aleksandar Mitrović,rs SRB,FW,Fulham,27,1994,24,"2,008",84,58.7,22.3,23,86,14,1,26,0,1.5,33,30,3,0.13,0.2,31.2,34.9,-3.7,-0.17,0.72,Matches
446,Diogo Monteiro,pt POR,DF,Leeds United,17,2005,0,,,,,0,,0,0,,3,,,,,,,,,,,,Matches
447,Kieffer Moore,wls WAL,FW,Bournemouth,29,1992,27,"1,279",47,37.4,14.2,12,86,8,15,17,8,0.85,11,34,-23,-1.62,-1.16,11,25.6,-14.6,-1.02,-0.57,Matches
448,Andrew Moran,ie IRL,FW,Brighton,18,2003,1,12,12,0.4,0.1,0,,0,1,12,12,3,0,1,-1,-7.5,-8.03,0.1,0.8,-0.7,-5.5,-6.13,Matches
449,Álex Moreno,es ESP,DF,Aston Villa,29,1993,19,"1,329",70,38.9,14.8,14,81,5,5,40,0,1.89,23,10,13,0.88,1.22,19.7,18.6,1.1,0.07,0.21,Matches
450,Jimmy Morgan,eng ENG,FW,Southampton,16,2006,0,,,,,0,,0,0,,1,,,,,,,,,,,,Matches
451,Yerson Mosquera,co COL,DF,Wolves,21,2001,0,,,,,0,,0,0,,11,,,,,,,,,,,,Matches
452,Mason Mount,eng ENG,"MF,FW",Chelsea,23,1999,24,"1,648",69,48.2,18.3,20,77,7,4,25,2,1.29,18,21,-3,-0.16,0.14,22.3,23.4,-1.1,-0.06,0.04,Matches
453,Lucas Moura,br BRA,"MF,DF",Tottenham,29,1992,15,153,10,4.5,1.7,0,,0,15,10,7,1.53,6,4,2,1.18,1.04,4.1,2.4,1.7,1.03,0.87,Matches
454,João Moutinho,pt POR,MF,Wolves,35,1986,31,"1,780",57,52,19.8,20,74,6,11,27,2,1.16,12,28,-16,-0.81,-0.21,20.2,27.3,-7,-0.36,0.52,Matches
455,Divin Mubama,eng ENG,FW,West Ham,17,2004,3,38,13,1.1,0.4,0,,0,3,13,0,1,1,0,1,2.37,2.74,0.8,1.3,-0.4,-1.06,-0.97,Matches
456,Mykhailo Mudryk,ua UKR,"FW,MF",Chelsea,21,2001,15,657,44,19.2,7.3,7,66,1,8,24,4,0.67,6,10,-4,-0.55,-0.39,11.2,11.7,-0.4,-0.06,0.02,Matches
457,Romaine Mundle,eng ENG,MF,Tottenham,19,2003,0,,,,,0,,0,0,,5,,,,,,,,,,,,Matches
458,Rodrigo Muniz,br BRA,FW,Fulham,21,2001,0,,,,,0,,0,0,,2,,,,,,,,,,,,Matches
459,Jacob Murphy,eng ENG,FW,Newcastle Utd,27,1995,36,"1,251",35,36.6,13.9,14,67,1,22,14,1,1.86,29,12,17,1.22,0.48,28.4,16.1,12.2,0.88,0.04,Matches
460,Enock Mwepu,zm ZAM,"FW,MF",Brighton,24,1998,6,213,36,6.2,2.4,2,73,0,4,17,0,2.17,5,4,1,0.42,-0.08,4.2,2.8,1.4,0.59,-0.03,Matches
461,Vitaliy Mykolenko,ua UKR,DF,Everton,23,1999,34,"2,655",78,77.6,29.5,30,86,27,4,17,0,0.91,28,46,-18,-0.61,-0.02,34.6,52.2,-17.6,-0.6,-0.25,Matches
462,Marvelous Nakamba,zw ZIM,MF,Aston Villa,28,1994,0,,,,,0,,0,0,,9,,,,,,,,,,,,Matches
463,Keylor Navas,cr CRC,GK,Nott'ham Forest,35,1986,17,"1,529",90,44.7,17,17,90,16,0,,0,0.94,21,32,-11,-0.65,0.26,15.8,32.4,-16.6,-0.98,-0.58,Matches
464,Wilfred Ndidi,ng NGA,MF,Leicester City,25,1996,27,"1,679",62,49.1,18.7,19,79,8,8,22,4,0.7,25,39,-14,-0.75,-0.6,22.1,31.6,-9.5,-0.51,-0.34,Matches
465,Reiss Nelson,eng ENG,FW,Arsenal,22,1999,11,212,19,6.2,2.4,0,,0,11,19,11,2.09,10,3,7,2.97,1.91,5.1,2.3,2.8,1.18,0.42,Matches
466,Neto,br BRA,GK,Bournemouth,33,1989,27,"2,385",88,69.7,26.5,27,88,26,0,,3,1.22,27,39,-12,-0.45,1.46,30.7,44,-13.4,-0.51,0.53,Matches
467,Pedro Neto,pt POR,"FW,MF",Wolves,22,2000,18,964,54,28.2,10.7,13,69,2,5,13,3,1.06,7,15,-8,-0.75,-0.05,10.9,14.2,-3.2,-0.3,0.42,Matches
468,Rúben Neves,pt POR,MF,Wolves,25,1997,35,"3,019",86,88.3,33.5,33,89,30,2,45,0,1,26,48,-22,-0.66,0.47,32.5,51.7,-19.2,-0.57,0.29,Matches
469,Moussa Niakhate,sn SEN,DF,Nott'ham Forest,26,1996,14,"1,163",83,34,12.9,14,83,11,0,,1,1.07,15,21,-6,-0.46,0.49,11.7,23.2,-11.5,-0.89,-0.36,Matches
470,Rasmus Nissen,dk DEN,DF,Leeds United,25,1997,26,"1,960",75,57.3,21.8,21,87,17,5,26,11,0.88,29,53,-24,-1.1,-0.73,26.9,40.9,-14,-0.64,-0.29,Matches
471,Eddie Nketiah,eng ENG,FW,Arsenal,23,1999,30,"1,089",36,31.8,12.1,9,90,8,21,13,3,2.07,26,16,10,0.83,-0.52,24.9,14.2,10.7,0.89,0.15,Matches
472,Matheus Nunes,pt POR,MF,Wolves,23,1998,34,"2,467",73,72.1,27.4,30,79,14,4,22,0,1.14,21,41,-20,-0.73,-0.07,23.7,41.7,-18,-0.66,-0.19,Matches
473,Darwin Núñez,uy URU,FW,Liverpool,23,1999,29,"1,695",58,49.6,18.8,19,78,5,10,21,0,1.9,35,22,13,0.69,-0.09,37.3,27.2,10.1,0.54,-0.07,Matches
474,Ethan Nwaneri,eng ENG,FW,Arsenal,15,2007,1,1,1,0,0,0,,0,1,1,0,3,0,0,0,0,-1.18,0,0,0,0,-0.79,Matches
475,Christian Nørgaard,dk DEN,MF,Brentford,28,1994,22,"1,763",80,51.5,19.6,21,83,12,1,29,0,1.5,31,23,8,0.41,0.19,29.4,24.7,4.7,0.24,0.12,Matches
476,Lewis O'Brien,eng ENG,MF,Nott'ham Forest,23,1998,13,584,45,17.1,6.5,6,77,3,7,17,2,0.92,5,14,-9,-1.39,-0.72,6.7,13.7,-7,-1.08,-0.51,Matches
477,Tommi O'Reilly,eng ENG,MF,Aston Villa,18,2003,0,,,,,0,,0,0,,2,,,,,,,,,,,,Matches
478,Odeluga Offiah,eng ENG,DF,Brighton,19,2002,2,25,13,0.7,0.3,0,,0,2,13,5,0,0,3,-3,-10.8,-11.38,0.7,2,-1.3,-4.54,-5.19,Matches
479,Angelo Ogbonna,it ITA,DF,West Ham,34,1988,16,"1,237",77,36.2,13.7,13,88,11,3,33,19,1.13,15,19,-4,-0.29,0.08,17.6,20.1,-2.5,-0.18,-0.12,Matches
480,Armstrong Okoflex,ie IRL,MF,West Ham,20,2002,0,,,,,0,,0,0,,1,,,,,,,,,,,,Matches
481,Michael Olakigbe,eng ENG,FW,Brentford,18,2004,0,,,,,0,,0,0,,1,,,,,,,,,,,,Matches
482,Michael Olise,fr FRA,"FW,MF",Crystal Palace,20,2001,37,"2,749",74,80.4,30.5,31,85,17,6,20,0,1.22,35,38,-3,-0.1,0.71,32.1,36.6,-4.5,-0.15,0.43,Matches
483,Robin Olsen,se SWE,GK,Aston Villa,32,1990,4,281,70,8.2,3.1,2,90,2,2,51,30,1,4,8,-4,-1.28,-1.54,3.7,8.6,-4.9,-1.56,-1.64,Matches
484,Amadou Onana,be BEL,MF,Everton,20,2001,33,"2,488",75,72.7,27.6,29,83,16,4,21,1,1.03,22,37,-15,-0.54,0.23,32,46.6,-14.6,-0.53,0.04,Matches
485,Josh Onomah,eng ENG,MF,Fulham,25,1997,2,15,8,0.4,0.2,0,,0,2,8,3,0,0,2,-2,-12,-12.11,0.1,0.6,-0.5,-3.02,-2.57,Matches
486,Paul Onuachu,ng NGA,FW,Southampton,28,1994,11,407,37,11.9,4.5,4,64,0,7,22,4,0.45,3,7,-4,-0.88,0.1,4.2,6.1,-1.9,-0.42,0.22,Matches
487,Frank Onyeka,ng NGA,MF,Brentford,24,1998,21,848,40,24.8,9.4,8,65,0,13,25,6,1.71,12,11,1,0.11,-0.28,12.8,15.1,-2.3,-0.25,-0.57,Matches
488,Mislav Oršić,hr CRO,MF,Southampton,29,1992,1,7,7,0.2,0.1,0,,0,1,7,3,0,0,0,0,0,0.98,0.2,0,0.2,2.22,2.84,Matches
489,Stefan Ortega,de GER,GK,Manchester City,29,1992,3,270,90,7.9,3,3,90,3,0,,35,2.33,5,1,4,1.33,-0.3,5.3,3.9,1.4,0.48,-0.81,Matches
490,Dango Ouattara,bf BFA,"MF,FW",Bournemouth,20,2002,19,"1,241",65,36.3,13.8,15,78,7,4,17,0,1.21,13,23,-10,-0.73,0.27,17.5,25.5,-8,-0.58,0.14,Matches
491,Alex Oxlade-Chamberlain,eng ENG,"FW,MF",Liverpool,28,1993,9,335,37,9.8,3.7,4,69,0,5,12,4,1.33,5,7,-2,-0.54,-1.41,7,6.4,0.6,0.17,-0.44,Matches
492,David Ozoh,,FW,Crystal Palace,17,2005,1,1,1,0,0,0,,0,1,1,3,1,0,0,0,0,0.24,0,0,0,0,0.23,Matches
493,Nico O’Reilly,eng ENG,FW,Manchester City,17,2005,0,,,,,0,,0,0,,1,,,,,,,,,,,,Matches
494,João Palhinha,pt POR,MF,Fulham,27,1995,35,"3,108",89,90.9,34.5,35,89,30,0,,0,1.49,51,43,8,0.23,1.96,42.1,55.7,-13.7,-0.4,0.73,Matches
495,Cole Palmer,eng ENG,"MF,FW",Manchester City,20,2002,14,370,26,10.8,4.1,2,90,2,12,16,17,2.64,3,4,-1,-0.24,-2.07,5.3,7.9,-2.6,-0.62,-2.07,Matches
496,Emerson Palmieri,it ITA,DF,West Ham,27,1994,22,"1,320",60,38.6,14.7,16,79,9,6,9,13,1.18,15,28,-13,-0.89,-0.89,17.3,23,-5.7,-0.39,-0.47,Matches
497,Lucas Paquetá,br BRA,MF,West Ham,24,1997,28,"2,151",77,62.9,23.9,27,79,7,1,24,1,1.11,32,39,-7,-0.29,0.13,32.2,33.7,-1.5,-0.06,0.1,Matches
498,Stefan Parkes,eng ENG,DF,Fulham,18,2004,0,,,,,0,,0,0,,1,,,,,,,,,,,,Matches
499,Thomas Partey,gh GHA,MF,Arsenal,29,1993,33,"2,483",75,72.6,27.6,28,85,21,5,20,0,2.27,69,28,41,1.49,1.1,54.7,31.9,22.8,0.82,0.14,Matches
500,Nathan Patterson,sct SCO,"DF,MF",Everton,20,2001,19,"1,279",67,37.4,14.2,14,82,11,5,26,2,0.74,13,22,-9,-0.63,-0.04,16.4,24.8,-8.4,-0.59,-0.08,Matches
501,Travis Patterson,eng ENG,MF,Aston Villa,16,2005,0,,,,,0,,0,0,,3,,,,,,,,,,,,Matches
502,Lewis Payne,eng ENG,DF,Southampton,18,2004,0,,,,,0,,0,0,,2,,,,,,,,,,,,Matches
503,Ben Pearson,eng ENG,MF,Bournemouth,27,1995,7,286,41,8.4,3.2,3,69,1,4,20,7,1,1,10,-9,-2.83,-2.11,1.3,5.8,-4.6,-1.43,-0.84,Matches
504,Facundo Pellistri,uy URU,"FW,MF",Manchester Utd,20,2001,4,64,16,1.9,0.7,0,,0,4,16,19,1.25,2,1,1,1.41,1.03,1.3,1,0.3,0.47,0.02,Matches
505,Nicolas Pépé,ci CIV,"FW,MF",Arsenal,27,1995,0,,,,,0,,0,0,,2,,,,,,,,,,,,Matches
506,Andreas Pereira,br BRA,MF,Fulham,26,1996,33,"2,692",82,78.7,29.9,33,82,7,0,,0,1.36,43,40,3,0.1,0.22,35.8,46.4,-10.5,-0.35,0.52,Matches
507,Ricardo Pereira,pt POR,"DF,MF",Leicester City,28,1993,10,454,45,13.3,5,5,79,3,5,12,2,0.7,3,11,-8,-1.59,-1.31,6.5,8.3,-1.8,-0.36,-0.02,Matches
508,Ayoze Pérez,es ESP,"MF,FW",Leicester City,29,1993,8,382,48,11.2,4.2,3,75,1,5,32,10,0.75,4,5,-1,-0.24,0.24,5.7,5.6,0.2,0.04,0.42,Matches
509,Ivan Perišić,hr CRO,"DF,MF",Tottenham,33,1989,34,"2,108",62,61.6,23.4,23,83,10,11,18,3,1.41,40,44,-4,-0.17,-0.93,34.7,34,0.7,0.03,-0.43,Matches
510,Sonny Perkins,eng ENG,FW,Leeds United,18,2004,0,,,,,0,,0,0,,2,,,,,,,,,,,,Matches
511,Romain Perraud,fr FRA,DF,Southampton,24,1997,29,"1,835",63,53.7,20.4,22,78,12,7,16,2,0.59,15,35,-20,-0.98,-0.02,19.3,30.2,-10.9,-0.53,0.17,Matches
512,Máximo Perrone,ar ARG,MF,Manchester City,19,2003,1,19,19,0.6,0.2,0,,0,1,19,4,3,0,1,-1,-4.74,-6.38,0.3,0.2,0.1,0.7,-0.53,Matches
513,Cameron Peupion,au AUS,MF,Brighton,19,2002,1,6,6,0.2,0.1,0,,0,1,6,4,0,0,2,-2,-30,-30.55,0.2,1.1,-1,-14.61,-15.25,Matches
514,Kalvin Phillips,eng ENG,MF,Manchester City,26,1995,12,300,25,8.8,3.3,2,90,2,10,12,15,2.58,1,3,-2,-0.6,-2.42,4.1,5.8,-1.7,-0.52,-1.91,Matches
515,Killian Phillips,ie IRL,MF,Crystal Palace,20,2002,0,,,,,0,,0,0,,2,,,,,,,,,,,,Matches
516,Nathaniel Phillips,eng ENG,DF,Liverpool,25,1997,2,66,33,1.9,0.7,1,62,0,1,4,16,2,1,1,0,0,-0.75,2,0.5,1.5,2.06,1.52,Matches
517,Jordan Pickford,eng ENG,GK,Everton,28,1994,37,"3,330",90,97.4,37,37,90,37,0,,0,0.89,33,57,-24,-0.65,-1.65,44.8,64.7,-19.9,-0.54,0.14,Matches
518,Ethan Pinnock,jm JAM,DF,Brentford,29,1993,30,"2,700",90,78.9,30,30,90,30,0,,0,1.63,43,34,9,0.3,-0.07,45.4,40.3,5.1,0.17,-0.05,Matches
519,Cameron Plain,eng ENG,GK,Bournemouth,19,2002,0,,,,,0,,0,0,,6,,,,,,,,,,,,Matches
520,Luke Plange,eng ENG,FW,Crystal Palace,19,2002,0,,,,,0,,0,0,,2,,,,,,,,,,,,Matches
521,Daniel Podence,pt POR,"FW,MF",Wolves,26,1995,32,"1,771",55,51.8,19.7,20,74,8,12,24,3,0.81,13,31,-18,-0.91,-0.42,20.7,28.3,-7.6,-0.39,0.46,Matches
522,Euan Pollock,eng ENG,FW,Bournemouth,19,2002,0,,,,,0,,0,0,,3,,,,,,,,,,,,Matches
523,Nick Pope,eng ENG,GK,Newcastle Utd,30,1992,37,"3,261",88,95.4,36.2,37,88,36,0,,0,1.89,67,32,35,0.97,0.97,68.5,36.4,32.1,0.89,0.71,Matches
524,Pedro Porro,es ESP,"DF,MF",Tottenham,22,1999,15,"1,131",75,33.1,12.6,13,86,6,2,9,2,1.2,20,26,-6,-0.48,-0.99,19.5,19.9,-0.4,-0.03,-0.34,Matches
525,Dennis Praet,be BEL,"MF,FW",Leicester City,28,1994,22,649,30,19,7.2,6,49,0,16,22,12,1.18,9,10,-1,-0.14,0.38,9.4,11.7,-2.2,-0.31,0.03,Matches
526,Isaac Price,nir NIR,MF,Everton,18,2003,1,33,33,1,0.4,0,,0,1,33,2,0,1,0,1,2.73,3.37,1,0.4,0.6,1.61,2.17,Matches
527,Christian Pulisic,us USA,"FW,DF",Chelsea,23,1998,24,821,34,24,9.1,8,64,0,16,19,5,1.13,12,11,1,0.11,0.46,11,14.1,-3,-0.33,-0.33,Matches
528,Calvin Ramsay,sct SCO,DF,Liverpool,19,2003,0,,,,,0,,0,0,,1,,,,,,,,,,,,Matches
529,Aaron Ramsdale,eng ENG,GK,Arsenal,24,1998,38,"3,420",90,100,38,38,90,38,0,,0,2.21,88,43,45,1.18,,71.9,42,29.9,0.79,,Matches
530,Jacob Ramsey,eng ENG,"MF,FW",Aston Villa,21,2001,35,"2,636",75,77.1,29.3,31,82,16,4,26,0,1.63,40,33,7,0.24,0.47,38.9,40.7,-1.9,-0.06,-0.02,Matches
531,Darren Randolph,ie IRL,GK,Bournemouth,35,1987,0,,,,,0,,0,0,,3,,,,,,,,,,,,Matches
532,Darren Randolph,ie IRL,GK,West Ham,35,1987,0,,,,,0,,0,0,,8,,,,,,,,,,,,Matches
533,Marcus Rashford,eng ENG,FW,Manchester Utd,24,1997,35,"2,879",82,84.2,32,32,86,19,3,42,0,1.89,48,39,9,0.28,-0.72,53.7,43.8,9.9,0.31,-0.91,Matches
534,David Raya,es ESP,GK,Brentford,26,1995,38,"3,420",90,100,38,38,90,38,0,,0,1.55,58,46,12,0.32,,56.8,49.9,6.8,0.18,,Matches
535,Tim Ream,us USA,DF,Fulham,34,1987,33,"2,897",88,84.7,32.2,33,88,31,0,,0,1.36,45,44,1,0.03,-0.14,38.7,52.8,-14.1,-0.44,0.16,Matches
536,Nathan Redmond,eng ENG,DF,Southampton,28,1994,1,1,1,0,0,0,,0,1,1,0,0,0,0,0,0,0.97,0,0,0,-1.89,-1.28,Matches
537,Harrison Reed,eng ENG,MF,Fulham,27,1995,37,"2,866",77,83.8,31.8,35,81,17,2,23,0,1.41,48,44,4,0.13,0.45,38.6,52.2,-13.6,-0.43,0.22,Matches
538,Bobby Reid,jm JAM,"FW,DF",Fulham,29,1993,36,"2,475",69,72.4,27.5,29,80,11,7,23,1,1.44,36,40,-4,-0.15,-0.72,31.4,45.4,-14,-0.51,-0.17,Matches
539,Seb Revan,eng ENG,DF,Aston Villa,19,2003,0,,,,,0,,0,0,,7,,,,,,,,,,,,Matches
540,Declan Rice,eng ENG,MF,West Ham,23,1999,37,"3,273",88,95.7,36.4,36,90,36,1,33,0,1.08,42,50,-8,-0.22,2.84,48.7,48.6,0.1,0,2.41,Matches
541,Chris Richards,us USA,DF,Crystal Palace,22,2000,9,447,50,13.1,5,4,90,4,5,17,18,0.78,2,11,-9,-1.81,-1.81,3.6,10.7,-7.1,-1.44,-1.39,Matches
542,Richarlison,br BRA,"MF,FW",Tottenham,25,1997,27,"1,010",37,29.5,11.2,12,65,1,15,15,2,1.59,22,18,4,0.36,0.24,18.2,15.3,2.9,0.26,0.1,Matches
543,Jaïro Riedewald,nl NED,"DF,MF",Crystal Palace,25,1996,6,64,11,1.9,0.7,0,,0,6,11,24,1.83,0,0,0,0,0.24,0.5,0.9,-0.4,-0.57,-0.34,Matches
544,Matt Ritchie,sct SCO,"FW,MF",Newcastle Utd,32,1989,7,39,6,1.1,0.4,0,,0,7,6,18,2.29,1,0,1,2.31,1.4,1.9,0.7,1.2,2.78,1.95,Matches
545,Alexander Robertson,au AUS,MF,Manchester City,19,2003,0,,,,,0,,0,0,,2,,,,,,,,,,,,Matches
546,Andrew Robertson,sct SCO,DF,Liverpool,28,1994,34,"2,583",76,75.5,28.7,29,84,19,5,27,1,1.82,58,34,24,0.84,0.41,54.9,36.4,18.5,0.65,0.31,Matches
547,Antonee Robinson,us USA,DF,Fulham,24,1997,35,"3,088",88,90.3,34.3,35,88,34,0,,0,1.4,50,44,6,0.17,1.26,43.1,54.3,-11.2,-0.33,1.41,Matches
548,Charlie Robinson,eng ENG,DF,Fulham,17,2004,0,,,,,0,,0,0,,1,,,,,,,,,,,,Matches
549,Joel Robles,es ESP,GK,Leeds United,32,1990,4,360,90,10.5,4,4,90,4,0,,23,0.25,5,11,-6,-1.5,-0.79,4.6,9.3,-4.7,-1.17,-0.72,Matches
550,Marc Roca,es ESP,MF,Leeds United,25,1996,32,"2,315",72,67.7,25.7,29,78,12,3,19,3,0.91,33,60,-27,-1.05,-0.81,31.4,48.1,-16.7,-0.65,-0.39,Matches
551,Marek Rodák,sk SVK,GK,Fulham,25,1996,2,180,90,5.3,2,2,90,2,0,,36,1,2,2,0,0,-0.06,2.7,2.1,0.6,0.3,0.81,Matches
552,Kaden Rodney,eng ENG,MF,Crystal Palace,17,2004,0,,,,,0,,0,0,,2,,,,,,,,,,,,Matches
553,Rodri,es ESP,MF,Manchester City,26,1996,36,"2,911",81,85.1,32.3,34,85,23,2,7,1,2.39,83,26,57,1.76,1.06,67.5,24.4,43.1,1.33,0.71,Matches
554,Rodrigo,es ESP,"FW,MF",Leeds United,31,1991,31,"1,935",62,56.6,21.5,23,74,7,8,28,0,0.87,28,43,-15,-0.7,0.21,26.4,37.5,-11.1,-0.52,0.01,Matches
555,Mads Roerslev,dk DEN,DF,Brentford,23,1999,20,"1,108",55,32.4,12.3,12,85,10,8,11,15,2.1,20,12,8,0.65,0.49,16.8,18.1,-1.3,-0.1,-0.42,Matches
556,Cristian Romero,ar ARG,DF,Tottenham,24,1998,27,"2,364",88,69.1,26.3,26,90,24,1,32,0,1.59,46,41,5,0.19,0.02,38.1,34.5,3.6,0.14,-0.19,Matches
557,Oriol Romeu,es ESP,MF,Southampton,30,1991,1,74,74,2.2,0.8,1,74,0,0,,3,0,1,4,-3,-3.65,-2.73,0.3,1.4,-1.1,-1.31,-0.72,Matches
558,Cristiano Ronaldo,pt POR,FW,Manchester Utd,37,1985,10,525,53,15.4,5.8,4,85,3,6,31,2,1.9,6,8,-2,-0.34,-0.87,6,5.8,0.2,0.03,-0.5,Matches
559,Connor Ronan,ie IRL,MF,Wolves,24,1998,1,1,1,0,0,0,,0,1,1,10,0,0,0,0,0,0.71,0.1,0,0.1,8.16,8.77,Matches
560,Salomón Rondón,ve VEN,FW,Everton,32,1989,7,109,16,3.2,1.2,1,56,0,6,9,3,1.14,1,2,-1,-0.83,-0.23,1.8,2.8,-1,-0.81,-0.28,Matches
561,Joe Rothwell,eng ENG,MF,Bournemouth,27,1995,20,"1,016",51,29.7,11.3,12,71,3,8,20,7,1.1,16,15,1,0.09,1.4,15.3,17.2,-1.9,-0.17,0.7,Matches
562,Georginio Rutter,fr FRA,"FW,MF",Leeds United,20,2002,11,273,25,8,3,1,67,0,10,21,9,0.45,3,9,-6,-1.98,-1.29,2.5,5.6,-3.1,-1.03,-0.56,Matches
563,José Sá,pt POR,GK,Wolves,29,1993,36,"3,240",90,94.7,36,36,90,36,0,,2,1.11,30,55,-25,-0.69,0.31,34.9,54.7,-19.8,-0.55,1.07,Matches
564,Marcel Sabitzer,at AUT,MF,Manchester Utd,28,1994,11,627,57,18.3,7,7,81,2,4,14,1,1.73,11,7,4,0.57,0.22,12.8,11.4,1.4,0.2,-0.31,Matches
565,Dominic Sadi,eng ENG,MF,Bournemouth,18,2003,0,,,,,0,,0,0,,4,,,,,,,,,,,,Matches
566,Allan Saint-Maximin,fr FRA,FW,Newcastle Utd,25,1997,25,"1,120",45,32.7,12.4,12,75,2,13,17,1,1.76,19,14,5,0.4,-0.77,22.7,13.1,9.7,0.78,-0.11,Matches
567,Bukayo Saka,eng ENG,FW,Arsenal,20,2001,38,"3,181",84,93,35.3,37,85,23,1,31,0,2.21,79,42,37,1.05,-1.97,64.4,39.4,25,0.71,-1.13,Matches
568,Mohamed Salah,eg EGY,FW,Liverpool,30,1992,38,"3,290",87,96.2,36.6,37,88,29,1,26,0,1.76,74,45,29,0.79,1.49,70.6,46.8,23.8,0.65,2.12,Matches
569,William Saliba,fr FRA,DF,Arsenal,21,2001,27,"2,415",89,70.6,26.8,27,89,26,0,,0,2.44,61,25,36,1.34,0.54,51.9,26.2,25.7,0.96,0.58,Matches
570,Mohammed Salisu,gh GHA,DF,Southampton,23,1999,22,"1,973",90,57.7,21.9,21,90,20,1,84,4,0.73,20,41,-21,-0.96,0.04,21.6,28.2,-6.5,-0.3,0.74,Matches
571,Albert Sambi Lokonga,be BEL,MF,Arsenal,22,1999,6,198,33,5.8,2.2,2,82,1,4,9,12,2.5,3,3,0,0,-1.26,4,1.7,2.2,1.01,0.24,Matches
572,Albert Sambi Lokonga,be BEL,MF,Crystal Palace,22,1999,9,536,60,15.7,6,6,79,3,3,20,8,0.67,2,5,-3,-0.5,-0.32,4.5,6.3,-1.8,-0.31,-0.09,Matches
573,Imari Samuels,eng ENG,DF,Brighton,19,2003,0,,,,,0,,0,0,,1,,,,,,,,,,,,Matches
574,Ishé Samuels-Smith,eng ENG,DF,Everton,16,2006,0,,,,,0,,0,0,,1,,,,,,,,,,,,Matches
575,Davinson Sánchez,co COL,DF,Tottenham,26,1996,18,858,48,25.1,9.5,8,81,5,10,21,20,1.5,18,17,1,0.1,-0.11,15,12.7,2.3,0.24,0.06,Matches
576,Robert Sanchez,es ESP,GK,Brighton,24,1997,23,"2,070",90,60.5,23,23,90,23,0,,10,1.65,41,30,11,0.48,-0.06,,,,,,Matches
577,Jadon Sancho,eng ENG,"FW,MF",Manchester Utd,22,2000,26,"1,686",65,49.3,18.7,21,74,4,5,28,4,1.92,30,18,12,0.64,0.48,37.8,24.8,13,0.69,0.47,Matches
578,Morgan Sanson,fr FRA,MF,Aston Villa,27,1994,2,11,6,0.3,0.1,0,,0,2,6,11,3,0,1,-1,-8.18,-8.34,0,0.4,-0.4,-3.44,-3.39,Matches
579,Yago Santiago,es ESP,FW,Tottenham,19,2003,0,,,,,0,,0,0,,1,,,,,,,,,,,,Matches
580,Pablo Sarabia,es ESP,"FW,MF",Wolves,30,1992,13,765,59,22.4,8.5,9,68,2,4,38,5,1.38,11,9,2,0.24,1.22,9.9,13.3,-3.4,-0.4,0.27,Matches
581,Matija Šarkić,me MNE,GK,Wolves,25,1997,0,,,,,0,,0,0,,20,,,,,,,,,,,,Matches
582,Jeremy Sarmiento,ec ECU,MF,Brighton,20,2002,9,176,20,5.1,2,1,61,0,8,14,11,2.33,9,2,7,3.58,3.25,3.9,2.5,1.4,0.74,0.14,Matches
583,Christian Saydee,lr LBR,FW,Bournemouth,20,2002,0,,,,,0,,0,0,,1,,,,,,,,,,,,Matches
584,Gianluca Scamacca,it ITA,FW,West Ham,23,1999,16,926,58,27.1,10.3,11,73,3,5,24,4,0.88,9,12,-3,-0.29,0.07,13.4,11.4,2,0.19,0.41,Matches
585,Gustavo Scarpa,br BRA,"MF,FW",Nott'ham Forest,28,1994,6,181,30,5.3,2,2,55,0,4,18,3,1.17,1,1,0,0,0.83,2.4,2.8,-0.4,-0.2,0.48,Matches
586,Kevin Schade,de GER,FW,Brentford,20,2001,18,732,41,21.4,8.1,7,75,1,11,19,2,1.72,11,7,4,0.49,0.22,15.9,7.9,8,0.98,1.02,Matches
587,Fabian Schär,ch SUI,DF,Newcastle Utd,30,1991,36,"3,206",89,93.7,35.6,36,89,32,0,,1,1.97,67,28,39,1.09,2.78,69.8,35.7,34.2,0.96,1.7,Matches
588,Jeffrey Schlupp,gh GHA,"MF,FW",Crystal Palace,29,1992,34,"2,531",74,74,28.1,30,81,11,4,23,0,1.18,33,38,-5,-0.18,0.23,29.5,36.4,-6.9,-0.25,-0.05,Matches
589,Kristian Sekularac,eng ENG,MF,Fulham,18,2003,0,,,,,0,,0,0,,1,,,,,,,,,,,,Matches
590,Nélson Semedo,pt POR,DF,Wolves,28,1993,36,"2,632",73,77,29.2,31,83,23,5,15,1,1.06,25,42,-17,-0.58,0.56,25,49,-24,-0.82,-0.93,Matches
591,Antoine Semenyo,gh GHA,"FW,MF",Bournemouth,22,2000,11,258,23,7.5,2.9,2,77,1,9,12,4,1.45,3,6,-3,-1.05,-0.16,3.6,6.8,-3.3,-1.14,-0.51,Matches
592,Marcos Senesi,ar ARG,DF,Bournemouth,25,1997,31,"2,491",80,72.8,27.7,29,85,22,2,12,5,0.9,28,55,-27,-0.98,-0.3,29.6,46.9,-17.3,-0.62,0.15,Matches
593,Ryan Sessegnon,eng ENG,DF,Tottenham,22,2000,17,813,48,23.8,9,9,75,3,8,17,4,1.65,17,15,2,0.22,0.05,13.5,10.8,2.7,0.3,0.13,Matches
594,Luke Shaw,eng ENG,DF,Manchester Utd,27,1995,31,"2,552",82,74.6,28.4,30,84,24,1,45,4,1.74,43,35,8,0.28,-0.44,45.3,38,7.3,0.26,-0.78,Matches
595,George Shelvey,eng ENG,GK,Nott'ham Forest,21,2001,0,,,,,0,,0,0,,2,,,,,,,,,,,,Matches
596,Jonjo Shelvey,eng ENG,MF,Newcastle Utd,30,1992,3,37,12,1.1,0.4,0,,0,3,12,3,3,1,1,0,0,-0.93,0.5,0.6,-0.1,-0.28,-1.15,Matches
597,Jonjo Shelvey,eng ENG,MF,Nott'ham Forest,30,1992,8,540,68,15.8,6,6,78,2,2,35,2,0.25,4,10,-6,-1,-0.25,4,10.7,-6.7,-1.12,-0.55,Matches
598,Shola Shoretire,eng ENG,MF,Manchester Utd,18,2004,0,,,,,0,,0,0,,1,,,,,,,,,,,,Matches
599,Bernardo Silva,pt POR,"MF,FW",Manchester City,27,1994,34,"2,205",65,64.5,24.5,24,85,16,10,16,4,2.35,61,24,37,1.51,-0.27,48.1,22.9,25.1,1.03,-0.56,Matches
600,Thiago Silva,br BRA,DF,Chelsea,37,1984,27,"2,352",87,68.8,26.1,26,87,25,1,84,2,1.19,27,32,-5,-0.19,0.15,31.6,34.2,-2.6,-0.1,-0.06,Matches
601,Ellis Simms,eng ENG,FW,Everton,21,2001,11,228,21,6.7,2.5,2,65,0,9,11,10,0.73,3,4,-1,-0.39,0.23,3.2,6.5,-3.3,-1.3,-0.81,Matches
602,Viljami Sinisalo,fi FIN,GK,Aston Villa,20,2001,0,,,,,0,,0,0,,15,,,,,,,,,,,,Matches
603,Luis Sinisterra,co COL,FW,Leeds United,23,1999,19,867,46,25.4,9.6,13,58,0,6,18,1,0.68,10,23,-13,-1.35,-0.75,13.4,15.7,-2.4,-0.25,0.37,Matches
604,Oliver Skipp,eng ENG,MF,Tottenham,21,2000,23,"1,491",65,43.6,16.6,18,82,8,5,5,10,1.43,27,28,-1,-0.06,-0.43,24.4,22.6,1.8,0.11,-0.15,Matches
605,Adam Smith,eng ENG,DF,Bournemouth,31,1991,37,"2,943",80,86.1,32.7,34,84,25,3,29,0,1.05,34,58,-24,-0.73,1.15,33.5,53.2,-19.8,-0.6,0.44,Matches
606,Jordan Smith,eng ENG,GK,Nott'ham Forest,27,1994,0,,,,,0,,0,0,,2,,,,,,,,,,,,Matches
607,Matthew Smith,eng ENG,MF,Arsenal,21,2000,0,,,,,0,,0,0,,3,,,,,,,,,,,,Matches
608,Emile Smith Rowe,eng ENG,"MF,FW",Arsenal,22,2000,12,172,14,5,1.9,0,,0,12,14,11,2.25,3,5,-2,-1.05,-2.35,3.1,2.7,0.4,0.19,-0.63,Matches
609,Alex Smithies,eng ENG,GK,Leicester City,32,1990,0,,,,,0,,0,0,,3,,,,,,,,,,,,Matches
610,Cédric Soares,pt POR,DF,Arsenal,30,1991,2,29,15,0.8,0.3,0,,0,2,15,10,3,1,0,1,3.1,1.94,0.5,0,0.4,1.27,0.49,Matches
611,Cédric Soares,pt POR,DF,Fulham,30,1991,6,198,33,5.8,2.2,2,79,1,4,10,9,0.5,1,3,-2,-0.91,-1.02,1.8,2.8,-1,-0.46,0,Matches
612,Dominic Solanke,eng ENG,"FW,MF",Bournemouth,24,1997,33,"2,860",87,83.6,31.8,32,88,19,1,45,0,1.15,35,52,-17,-0.53,2.2,34.5,51.4,-16.9,-0.53,0.82,Matches
613,Manor Solomon,il ISR,FW,Fulham,23,1999,19,572,30,16.7,6.4,4,76,1,15,18,3,1.16,6,11,-5,-0.79,-1.01,5.7,12.1,-6.4,-1,-0.65,Matches
614,Tomáš Souček,cz CZE,MF,West Ham,27,1995,36,"2,815",78,82.3,31.3,32,84,24,4,31,1,1.11,38,42,-4,-0.13,1.21,41.4,42.7,-1.3,-0.04,0.34,Matches
615,Boubakary Soumaré,fr FRA,MF,Leicester City,23,1999,26,"1,629",63,47.6,18.1,20,75,9,6,23,3,1,19,30,-11,-0.61,-0.31,23.3,33.8,-10.6,-0.58,-0.47,Matches
616,Lino Sousa,eng ENG,DF,Arsenal,17,2005,0,,,,,0,,0,0,,1,,,,,,,,,,,,Matches
617,Harry Souttar,au AUS,DF,Leicester City,23,1998,12,992,83,29,11,11,90,11,1,2,6,0.67,13,19,-6,-0.54,-0.14,14.6,18.7,-4,-0.37,-0.04,Matches
618,Çağlar Söyüncü,tr TUR,DF,Leicester City,26,1996,7,529,76,15.5,5.9,6,87,5,1,8,15,1.14,9,13,-4,-0.68,-0.28,13.2,9.9,3.3,0.56,1.06,Matches
619,Djed Spence,eng ENG,"FW,DF",Tottenham,21,2000,4,7,2,0.2,0.1,0,,0,4,2,8,1.5,0,0,0,0,-0.18,0.3,0.5,-0.2,-2.4,-2.6,Matches
620,Jack Stacey,eng ENG,DF,Bournemouth,26,1996,10,299,30,8.7,3.3,3,75,2,7,11,17,1.1,1,10,-9,-2.71,-1.99,1.1,6.1,-5,-1.51,-0.92,Matches
621,Junior Stanislas,eng ENG,MF,Bournemouth,32,1989,4,61,15,1.8,0.7,0,,0,4,15,5,0.75,0,1,-1,-1.48,-0.59,0.4,0.7,-0.3,-0.48,0.19,Matches
622,Jay Stansfield,eng ENG,FW,Fulham,19,2002,3,87,29,2.5,1,1,76,0,2,6,2,1.33,2,2,0,0,-0.05,2.2,1.8,0.4,0.44,0.93,Matches
623,Jason Steele,eng ENG,GK,Brighton,31,1990,15,"1,350",90,39.5,15,15,90,15,0,,22,1.6,31,23,8,0.53,0.06,34.4,23.1,11.3,0.75,0.24,Matches
624,Jack Stephens,eng ENG,DF,Southampton,28,1994,2,46,23,1.3,0.5,0,,0,2,23,0,0.5,0,2,-2,-3.91,-2.98,0.3,0.6,-0.4,-0.7,-0.09,Matches
625,Jack Stephens,eng ENG,DF,Bournemouth,28,1994,15,"1,173",78,34.3,13,13,90,13,2,2,15,1.4,16,22,-6,-0.46,0.66,20.1,24.1,-4,-0.31,0.54,Matches
626,Raheem Sterling,eng ENG,"FW,MF",Chelsea,27,1994,28,"1,891",68,55.3,21,23,76,7,5,28,1,1.14,24,27,-3,-0.14,0.21,25.7,27,-1.3,-0.06,0.04,Matches
627,Finley Stevens,wls WAL,DF,Brentford,19,2003,0,,,,,0,,0,0,,9,,,,,,,,,,,,Matches
628,John Stones,eng ENG,"DF,MF",Manchester City,28,1994,23,"1,846",80,54,20.5,21,85,16,2,31,6,2.52,52,17,35,1.71,0.22,45,13.3,31.7,1.54,0.69,Matches
629,Thomas Strakosha,al ALB,GK,Brentford,27,1995,0,,,,,0,,0,0,,17,,,,,,,,,,,,Matches
630,Pascal Struijk,nl NED,DF,Leeds United,22,1999,29,"2,200",76,64.3,24.4,26,84,20,3,7,5,0.9,33,52,-19,-0.78,0.03,31.7,42.7,-11,-0.45,0.2,Matches
631,Kamaldeen Sulemana,gh GHA,"FW,MF",Southampton,20,2002,18,966,54,28.2,10.7,10,76,2,8,26,0,0.56,11,20,-9,-0.84,0.19,12.2,18.2,-6,-0.56,0.07,Matches
632,Crysencio Summerville,nl NED,FW,Leeds United,20,2001,28,"1,426",51,41.7,15.8,12,82,7,16,28,8,0.86,19,38,-19,-1.2,-0.7,19.7,29.7,-10,-0.63,-0.19,Matches
633,Sam Surridge,eng ENG,FW,Nott'ham Forest,24,1998,20,323,16,9.4,3.6,1,62,0,19,14,16,1.15,5,5,0,0,0.87,5.8,8.4,-2.6,-0.72,-0.07,Matches
634,Sil Swinkels,nl NED,DF,Aston Villa,18,2004,0,,,,,0,,0,0,,1,,,,,,,,,,,,Matches
635,Japhet Tanganga,eng ENG,DF,Tottenham,23,1999,4,146,37,4.3,1.6,2,71,0,2,3,26,1.25,2,5,-3,-1.85,-2.12,1.4,3.6,-2.2,-1.38,-1.64,Matches
636,Matt Targett,eng ENG,DF,Newcastle Utd,26,1995,17,610,36,17.8,6.8,6,82,3,11,11,12,1.71,9,6,3,0.44,-0.58,11,6.9,4.1,0.61,-0.3,Matches
637,James Tarkowski,eng ENG,DF,Everton,29,1992,38,"3,420",90,100,38,38,90,38,0,,0,0.95,34,57,-23,-0.61,,45.2,65.7,-20.5,-0.54,,Matches
638,Marcus Tavernier,eng ENG,"MF,FW",Bournemouth,23,1999,23,"1,743",76,51,19.4,19,83,10,4,40,0,1.39,25,37,-12,-0.62,0.56,19.7,31.8,-12.1,-0.63,0.08,Matches
639,Dale Taylor,nir NIR,FW,Nott'ham Forest,18,2003,0,,,,,0,,0,0,,1,,,,,,,,,,,,Matches
640,Lyle Taylor,ms MSR,FW,Nott'ham Forest,32,1990,0,,,,,0,,0,0,,2,,,,,,,,,,,,Matches
641,Tetê,br BRA,FW,Leicester City,22,2000,13,734,56,21.5,8.2,9,68,0,4,30,5,0.85,13,15,-2,-0.25,0.26,14.2,13.4,0.8,0.1,0.56,Matches
642,Kenny Tete,nl NED,DF,Fulham,26,1995,31,"2,569",83,75.1,28.5,29,87,21,2,19,1,1.45,42,36,6,0.21,0.63,33.4,46.8,-13.4,-0.47,-0.02,Matches
643,Luke Thomas,eng ENG,DF,Leicester City,21,2001,17,"1,073",63,31.4,11.9,11,86,8,6,21,19,0.88,14,20,-6,-0.5,-0.08,16.8,23.2,-6.4,-0.54,-0.29,Matches
644,Youri Tielemans,be BEL,MF,Leicester City,25,1997,31,"2,344",76,68.5,26,27,82,16,4,30,0,0.97,35,49,-14,-0.54,-0.29,33,45,-12,-0.46,-0.39,Matches
645,Kieran Tierney,sct SCO,DF,Arsenal,25,1997,27,795,29,23.2,8.8,6,81,3,21,15,11,2.56,16,10,6,0.68,-0.66,15.2,10.8,4.4,0.5,-0.37,Matches
646,Harry Toffolo,eng ENG,DF,Nott'ham Forest,26,1995,19,940,49,27.5,10.4,9,86,7,10,16,10,1,7,17,-10,-0.96,-0.23,9.5,18.7,-9.2,-0.88,-0.31,Matches
647,Takehiro Tomiyasu,jp JPN,DF,Arsenal,23,1998,21,663,32,19.4,7.4,6,77,3,15,14,2,2.38,17,11,6,0.81,-0.46,14.4,9,5.3,0.72,-0.08,Matches
648,James Tomkins,eng ENG,DF,Crystal Palace,33,1989,6,338,56,9.9,3.8,3,79,2,3,34,16,0.67,2,8,-6,-1.6,-1.51,2.6,6.5,-3.9,-1.03,-0.89,Matches
649,Ivan Toney,eng ENG,FW,Brentford,26,1996,33,"2,951",89,86.3,32.8,33,89,29,0,,0,1.39,47,42,5,0.15,-1.19,47.2,42.7,4.5,0.14,-0.31,Matches
650,Adama Traoré,es ESP,"FW,MF",Wolves,26,1996,34,"1,496",44,43.7,16.6,12,73,3,22,28,2,1.18,12,30,-18,-1.08,-0.66,17.6,30.2,-12.6,-0.76,-0.27,Matches
651,Bertrand Traoré,bf BFA,"FW,MF",Aston Villa,26,1995,8,233,29,6.8,2.6,1,45,0,7,27,8,1.75,6,1,5,1.93,1.93,5.8,1.8,4,1.55,1.72,Matches
652,Boubacar Traoré,ml MLI,MF,Wolves,20,2001,10,411,41,12,4.6,4,82,2,6,14,1,0.5,4,9,-5,-1.09,-0.44,3.2,7.6,-4.4,-0.97,-0.41,Matches
653,Mark Travers,ie IRL,GK,Bournemouth,23,1999,12,"1,035",86,30.3,11.5,11,90,11,1,45,26,0.5,10,32,-22,-1.91,-1.46,7.9,19.8,-11.9,-1.03,-0.53,Matches
654,Ryan Trevitt,eng ENG,MF,Brentford,19,2003,0,,,,,0,,0,0,,6,,,,,,,,,,,,Matches
655,Kieran Trippier,eng ENG,DF,Newcastle Utd,31,1990,38,"3,341",88,97.7,37.1,38,88,31,0,,0,1.87,65,31,34,0.92,-0.22,70.5,37.6,32.8,0.88,1.37,Matches
656,Leandro Trossard,be BEL,FW,Arsenal,27,1994,20,931,47,27.2,10.3,10,66,1,10,27,0,1.85,29,15,14,1.35,0.23,20.1,11.3,8.8,0.85,0.09,Matches
657,Leandro Trossard,be BEL,"FW,MF",Brighton,27,1994,16,"1,315",82,38.5,14.6,16,82,5,0,,1,1.5,23,23,0,0,-0.81,20.5,19.4,1.1,0.08,-0.87,Matches
658,Kostas Tsimikas,gr GRE,DF,Liverpool,26,1996,20,771,39,22.5,8.6,9,67,2,11,15,17,1.65,14,11,3,0.35,-0.5,14.9,13.7,1.2,0.14,-0.56,Matches
659,Matt Turner,us USA,GK,Arsenal,28,1994,0,,,,,0,,0,0,,37,,,,,,,,,,,,Matches
660,Ed Turns,wls WAL,DF,Brighton,19,2002,0,,,,,0,,0,0,,6,,,,,,,,,,,,Matches
661,Deniz Undav,de GER,"FW,MF",Brighton,26,1996,22,628,29,18.4,7,6,71,0,16,13,14,1.41,14,9,5,0.72,0.27,15,9.2,5.9,0.84,0.28,Matches
662,Harvey Vale,eng ENG,MF,Chelsea,18,2003,0,,,,,0,,0,0,,1,,,,,,,,,,,,Matches
663,Valery,es ESP,"DF,MF",Southampton,22,1999,1,45,45,1.3,0.5,1,45,0,0,,4,0,1,2,-1,-2,-1.04,,,,,,Matches
664,Virgil van Dijk,nl NED,DF,Liverpool,31,1991,32,"2,835",89,82.9,31.5,32,89,31,0,,1,1.91,68,36,32,1.02,1.63,60.9,40.5,20.4,0.65,0.45,Matches
665,Raphaël Varane,fr FRA,DF,Manchester Utd,29,1993,24,"1,911",80,55.9,21.2,22,85,16,2,23,6,1.96,28,22,6,0.28,-0.25,33.3,26.8,6.5,0.31,-0.34,Matches
666,Jamie Vardy,eng ENG,FW,Leicester City,35,1987,37,"1,857",50,54.3,20.6,19,74,6,18,26,1,0.92,24,38,-14,-0.68,-0.51,23.9,34.2,-10.3,-0.5,-0.36,Matches
667,Joël Veltman,nl NED,DF,Brighton,30,1992,31,"2,188",71,64,24.3,25,79,14,6,35,2,1.71,47,29,18,0.74,0.67,47.5,26.2,21.3,0.88,0.75,Matches
668,Jannik Vestergaard,dk DEN,DF,Leicester City,29,1992,0,,,,,0,,0,0,,7,,,,,,,,,,,,Matches
669,Fabio Vieira,pt POR,"MF,FW",Arsenal,22,2000,22,514,23,15,5.7,3,76,0,19,15,14,2.09,13,5,8,1.4,0.25,12.1,5,7.2,1.26,0.55,Matches
670,Matías Viña,uy URU,DF,Bournemouth,24,1997,12,458,38,13.4,5.1,5,70,2,7,16,4,1.25,5,10,-5,-0.98,-0.1,6,7.7,-1.7,-0.33,0.39,Matches
671,Rúben Vinagre,pt POR,"DF,MF",Everton,23,1999,2,26,13,0.8,0.3,0,,0,2,13,19,0.5,0,0,0,0,0.61,0.1,0.3,-0.3,-0.88,-0.35,Matches
672,Carlos Vinícius,br BRA,FW,Fulham,27,1995,28,"1,109",40,32.4,12.3,11,85,7,17,10,5,1.29,18,20,-2,-0.16,-0.32,11.7,23.7,-12,-0.97,-0.75,Matches
673,Nikola Vlašić,hr CRO,"FW,MF",West Ham,24,1997,0,,,,,0,,0,0,,1,,,,,,,,,,,,Matches
674,Ethan Wady,eng ENG,GK,Chelsea,20,2002,0,,,,,0,,0,0,,1,,,,,,,,,,,,Matches
675,Theo Walcott,eng ENG,"FW,MF",Southampton,33,1989,20,"1,129",56,33,12.5,13,72,2,7,28,9,0.55,15,30,-15,-1.2,-0.33,13.7,24.5,-10.8,-0.86,-0.37,Matches
676,Kyle Walker,eng ENG,DF,Manchester City,32,1990,27,"1,958",73,57.3,21.8,22,85,18,5,19,5,2.37,54,20,34,1.56,-0.1,44.9,20.4,24.5,1.13,-0.23,Matches
677,Kyle Walker-Peters,eng ENG,DF,Southampton,25,1997,31,"2,650",85,77.5,29.4,30,88,26,1,20,1,0.68,31,58,-27,-0.92,0.25,29.7,50.3,-20.6,-0.7,-0.39,Matches
678,Reuell Walters,eng ENG,DF,Arsenal,17,2004,0,,,,,0,,0,0,,8,,,,,,,,,,,,Matches
679,Aaron Wan-Bissaka,eng ENG,DF,Manchester Utd,24,1997,19,"1,435",76,42,15.9,16,87,12,3,15,7,2.21,28,10,18,1.13,1.26,35,19.3,15.7,0.98,0.91,Matches
680,Danny Ward,wls WAL,GK,Leicester City,29,1993,26,"2,340",90,68.4,26,26,90,26,0,,9,0.92,37,46,-9,-0.35,0.32,32.9,43.1,-10.1,-0.39,-0.17,Matches
681,Joel Ward,eng ENG,DF,Crystal Palace,32,1989,28,"2,256",81,66,25.1,24,89,22,4,30,7,1.36,34,35,-1,-0.04,0.58,28.6,31.3,-2.7,-0.11,0.37,Matches
682,James Ward-Prowse,eng ENG,MF,Southampton,27,1994,38,"3,371",89,98.6,37.5,38,89,36,0,,0,0.66,36,72,-36,-0.96,0.88,37.5,59.8,-22.3,-0.6,1.15,Matches
683,Lewis Warrington,eng ENG,MF,Everton,19,2002,0,,,,,0,,0,0,,2,,,,,,,,,,,,Matches
684,Ollie Watkins,eng ENG,FW,Aston Villa,26,1995,37,"3,127",85,91.4,34.7,36,86,26,1,25,0,1.57,47,40,7,0.2,0.82,44.8,47.1,-2.3,-0.07,-0.08,Matches
685,Adam Webster,eng ENG,DF,Brighton,27,1995,27,"1,985",74,58,22.1,23,85,17,4,7,4,1.74,41,27,14,0.63,0.32,43.8,24.9,18.8,0.85,0.58,Matches
686,Wout Weghorst,nl NED,"FW,MF",Manchester Utd,29,1992,17,797,47,23.3,8.9,10,67,3,7,18,3,1.65,11,11,0,0,-0.51,15.4,14.7,0.7,0.07,-0.5,Matches
687,Danny Welbeck,eng ENG,FW,Brighton,31,1990,31,"1,854",60,54.2,20.6,21,76,7,10,26,1,1.68,36,28,8,0.39,-0.24,37.2,26.2,11,0.53,-0.16,Matches
688,Reece Welch,eng ENG,DF,Everton,18,2003,0,,,,,0,,0,0,,5,,,,,,,,,,,,Matches
689,Maxwell Wellings,eng ENG,DF,Bournemouth,17,2005,0,,,,,0,,0,0,,1,,,,,,,,,,,,Matches
690,Jack Wells-Morrison,eng ENG,MF,Crystal Palace,18,2004,0,,,,,0,,0,0,,2,,,,,,,,,,,,Matches
691,Ben White,eng ENG,DF,Arsenal,24,1997,38,"3,055",80,89.3,33.9,36,83,21,2,27,0,2.21,80,35,45,1.33,1.33,63.3,36.7,26.7,0.79,-0.01,Matches
692,Harvey White,eng ENG,MF,Tottenham,20,2001,1,5,5,0.1,0.1,0,,0,1,5,2,3,0,0,0,0,-0.18,0,0,0,0.52,0.33,Matches
693,Joseph Whitworth,eng ENG,GK,Crystal Palace,18,2004,2,180,90,5.3,2,2,90,2,0,,12,0,1,5,-4,-2,-1.86,1.9,2.2,-0.2,-0.11,0.13,Matches
694,George Wickens,eng ENG,GK,Fulham,20,2001,0,,,,,0,,0,0,,2,,,,,,,,,,,,Matches
695,Brandon Williams,eng ENG,DF,Manchester Utd,21,2000,0,,,,,0,,0,0,,7,,,,,,,,,,,,Matches
696,Neco Williams,wls WAL,DF,Nott'ham Forest,21,2001,31,"1,882",61,55,20.9,20,85,15,11,16,2,0.94,18,41,-23,-1.1,-0.69,22.6,38.8,-16.2,-0.77,-0.26,Matches
697,Rhys Williams,eng ENG,DF,Liverpool,21,2001,0,,,,,0,,0,0,,2,,,,,,,,,,,,Matches
698,Willian,br BRA,FW,Fulham,33,1988,27,"2,126",79,62.2,23.6,25,82,6,2,38,0,1.63,39,22,17,0.72,1.76,32.3,34.6,-2.2,-0.09,0.97,Matches
699,Joe Willock,eng ENG,MF,Newcastle Utd,22,1999,35,"2,558",73,74.8,28.4,31,79,8,4,28,0,1.97,56,26,30,1.06,0.53,53.4,29.1,24.3,0.85,0.01,Matches
700,Callum Wilson,eng ENG,FW,Newcastle Utd,30,1992,31,"1,877",61,54.9,20.9,21,76,2,10,28,1,1.97,44,16,28,1.34,0.93,41.1,22,19.1,0.92,0.14,Matches
701,Harry Wilson,wls WAL,FW,Fulham,25,1997,29,"1,100",38,32.2,12.2,13,69,1,16,13,1,1.31,21,15,6,0.49,0.65,15.5,21,-5.4,-0.44,0.03,Matches
702,Josh Wilson-Esbrand,eng ENG,DF,Manchester City,19,2002,0,,,,,0,,0,0,,8,,,,,,,,,,,,Matches
703,Yoane Wissa,cd COD,FW,Brentford,25,1996,38,"1,606",42,47,17.8,16,75,1,22,19,0,1.55,30,17,13,0.73,0.78,29,21.2,7.7,0.43,0.48,Matches
704,Maximilian Wöber,at AUT,DF,Leeds United,24,1998,16,"1,266",79,37,14.1,14,85,12,2,41,1,0.63,15,23,-8,-0.57,0.35,15.2,23.5,-8.3,-0.59,-0.11,Matches
705,Chris Wood,nz NZL,FW,Newcastle Utd,30,1991,18,446,25,13,5,4,72,0,14,11,1,1.94,8,3,5,1.01,0.1,6.8,4.1,2.6,0.53,-0.37,Matches
706,Chris Wood,nz NZL,FW,Nott'ham Forest,30,1991,7,372,53,10.9,4.1,5,71,0,2,9,0,0.86,3,6,-3,-0.73,0.07,3.1,7.4,-4.3,-1.04,-0.43,Matches
707,Joe Wormleighton,eng ENG,MF,Leicester City,18,2003,0,,,,,0,,0,0,,1,,,,,,,,,,,,Matches
708,Joe Worrall,eng ENG,DF,Nott'ham Forest,25,1997,30,"2,224",74,65,24.7,21,89,20,9,40,8,1.1,26,44,-18,-0.73,0.17,26.6,43.6,-16.9,-0.69,-0.08,Matches
709,James Wright,eng ENG,GK,Aston Villa,17,2004,0,,,,,0,,0,0,,1,,,,,,,,,,,,Matches
710,Granit Xhaka,ch SUI,MF,Arsenal,29,1992,37,"2,993",81,87.5,33.3,36,83,24,1,7,0,2.24,75,35,40,1.2,0.15,60.7,36.5,24.3,0.73,-0.46,Matches
711,Yehor Yarmoliuk,ua UKR,MF,Brentford,18,2004,0,,,,,0,,0,0,,3,,,,,,,,,,,,Matches
712,Ryan Yates,eng ENG,MF,Nott'ham Forest,24,1997,26,"1,837",71,53.7,20.4,21,81,14,5,27,0,1.04,22,36,-14,-0.69,0.22,22.1,29,-6.9,-0.34,0.69,Matches
713,Ashley Young,eng ENG,DF,Aston Villa,37,1985,29,"2,036",70,59.5,22.6,23,82,15,6,25,9,1.69,27,28,-1,-0.04,-0.43,25.9,32,-6.1,-0.27,-0.52,Matches
714,Kadan Young,eng ENG,MF,Aston Villa,16,2006,0,,,,,0,,0,0,,5,,,,,,,,,,,,Matches
715,Illia Zabarnyi,ua UKR,DF,Bournemouth,19,2002,5,299,60,8.7,3.3,3,90,3,2,15,6,0.6,0,5,-5,-1.51,-0.67,1.9,5,-3.2,-0.96,-0.32,Matches
716,Wilfried Zaha,ci CIV,"FW,MF",Crystal Palace,29,1992,27,"2,288",85,66.9,25.4,27,85,21,0,,0,1.22,22,34,-12,-0.47,-0.71,24.9,32.4,-7.5,-0.3,-0.2,Matches
717,Denis Zakaria,ch SUI,MF,Chelsea,25,1996,7,411,59,12,4.6,5,72,1,2,26,9,1,5,5,0,0,0.27,5.3,7.6,-2.4,-0.52,-0.49,Matches
718,Jordan Zemura,zw ZIM,DF,Bournemouth,22,1999,19,"1,454",77,42.5,16.2,17,83,12,2,23,5,0.95,14,31,-17,-1.05,-0.27,14,26.9,-12.9,-0.8,-0.24,Matches
719,Oleksandr Zinchenko,ua UKR,DF,Arsenal,25,1996,27,"2,118",78,61.9,23.5,26,81,8,1,18,0,2.26,54,28,26,1.1,-0.21,45.5,26.5,19,0.81,0.06,Matches
720,Hakim Ziyech,ma MAR,"FW,MF",Chelsea,29,1993,18,661,37,19.3,7.3,6,76,2,12,17,13,0.78,6,7,-1,-0.14,0.12,8.4,9.3,-0.9,-0.12,-0.06,Matches
721,Kurt Zouma,fr FRA,DF,West Ham,27,1994,25,"1,989",80,58.2,22.1,24,82,21,1,22,3,1.2,26,29,-3,-0.14,0.49,29.2,27.8,1.4,0.07,0.4,Matches
722,Oliwier Zych,pl POL,GK,Aston Villa,18,2004,0,,,,,0,,0,0,,2,,,,,,,,,,,,Matches
723,Martin Ødegaard,no NOR,MF,Arsenal,23,1998,37,"3,127",85,91.4,34.7,37,85,14,0,,0,2.19,82,38,44,1.27,0.96,67.1,37.5,29.6,0.85,0.75,Matches