Rk,Player,Nation,Pos,Squad,Age,Born,90s,Touches,Def Pen,Def 3rd,Mid 3rd,Att 3rd,Att Pen,Live,Att,Succ,Succ%,Mis,Dis,Rec,Prog,Matches
1,Brenden Aaronson,us USA,"MF,FW",Leeds United,21,2000,26.4,1143,12,116,495,554,72,1143,100,34,34,71,82,767,151,Matches
2,George Abbott,eng ENG,MF,Tottenham,16,2005,0,2,1,1,1,0,0,2,0,0,,0,0,1,0,Matches
3,Che Adams,sct SCO,FW,Southampton,26,1996,22.1,717,29,66,286,377,103,717,33,16,48.5,66,28,558,115,Matches
4,Tyler Adams,us USA,MF,Leeds United,23,1999,24,1628,44,376,1010,254,5,1628,22,7,31.8,28,18,919,20,Matches
5,Tosin Adarabioyo,eng ENG,DF,Fulham,24,1997,23.2,1544,231,776,732,46,19,1544,7,5,71.4,4,4,975,3,Matches
6,Nayef Aguerd,ma MAR,DF,West Ham,26,1996,17.7,949,161,563,358,35,23,949,6,4,66.7,8,7,564,4,Matches
7,Naouirou Ahamada,fr FRA,"MF,FW",Crystal Palace,20,2002,1,63,0,12,35,16,4,63,2,1,50,5,1,39,11,Matches
8,Rayan Aït Nouri,dz ALG,DF,Wolves,21,2001,12,740,40,240,279,233,28,740,50,28,56,28,12,454,76,Matches
9,Kristoffer Ajer,no NOR,DF,Brentford,24,1998,8.5,412,45,184,167,64,9,412,7,1,14.3,3,8,231,12,Matches
10,Manuel Akanji,ch SUI,DF,Manchester City,27,1995,25.4,2231,121,815,1248,176,34,2231,12,6,50,12,3,1734,17,Matches
11,Nathan Aké,nl NED,DF,Manchester City,27,1995,20.8,1959,86,615,1097,256,32,1959,5,3,60,16,0,1492,30,Matches
12,Marc Albrighton,eng ENG,"FW,MF",Leicester City,32,1989,2.6,173,6,33,61,79,5,173,2,2,100,4,2,116,18,Matches
13,Thiago Alcántara,es ESP,MF,Liverpool,31,1991,13.9,1251,45,272,796,188,8,1251,30,21,70,13,22,910,24,Matches
14,Carlos Alcaraz,ar ARG,"MF,FW",Southampton,19,2002,11.4,430,14,73,234,130,23,430,28,13,46.4,30,24,296,32,Matches
15,Trent Alexander-Arnold,eng ENG,DF,Liverpool,23,1998,32.5,3180,89,737,1631,837,44,3180,45,30,66.7,35,21,2042,139,Matches
16,Alisson,br BRA,GK,Liverpool,29,1992,37,1536,"1,124",1498,39,0,0,1536,2,2,100,1,0,901,0,Matches
17,Dele Alli,eng ENG,MF,Everton,26,1996,0.4,20,0,1,8,11,2,20,1,0,0,3,1,14,1,Matches
18,Miguel Almirón,py PAR,FW,Newcastle Utd,28,1994,27.7,1300,25,147,417,760,138,1300,79,34,43,51,28,924,264,Matches
19,Julián Álvarez,ar ARG,"FW,MF",Manchester City,22,2000,16.3,654,8,46,255,360,89,653,38,21,55.3,28,24,506,99,Matches
20,Daniel Amartey,gh GHA,DF,Leicester City,27,1994,17.9,1279,185,658,578,46,9,1279,5,2,40,8,4,909,5,Matches
21,Samuel Amo-Ameyaw,eng ENG,MF,Southampton,16,2006,0,8,0,1,5,3,0,8,4,3,75,0,0,5,0,Matches
22,Joachim Andersen,dk DEN,DF,Crystal Palace,26,1996,30.9,2303,355,1232,996,89,39,2303,9,5,55.6,8,3,1498,7,Matches
23,Elliot Anderson,sct SCO,"MF,FW",Newcastle Utd,19,2002,4.6,286,7,44,99,151,39,286,29,10,34.5,9,10,182,35,Matches
24,Jaidon Anthony,eng ENG,"MF,FW",Bournemouth,22,1999,14,717,23,150,271,304,33,717,47,15,31.9,25,27,464,72,Matches
25,Michail Antonio,jm JAM,FW,West Ham,32,1990,20.3,596,15,39,262,308,80,596,65,26,40,76,45,476,120,Matches
26,Antony,br BRA,FW,Manchester Utd,22,2000,20,1066,12,134,348,609,85,1066,77,30,39,37,12,813,168,Matches
27,Cameron Archer,eng ENG,"FW,MF",Aston Villa,21,2001,0.5,15,0,1,8,7,3,15,1,1,100,2,3,13,3,Matches
28,Alphonse Areola,fr FRA,GK,West Ham,29,1993,3.4,98,91,98,0,0,0,98,0,0,,0,0,42,0,Matches
29,Joe Aribo,ng NGA,"MF,FW",Southampton,26,1996,13.6,566,14,87,269,222,46,566,39,17,43.6,35,22,354,64,Matches
30,Adam Armstrong,eng ENG,"FW,MF",Southampton,25,1997,14.8,458,11,71,176,222,46,458,43,13,30.2,24,22,273,70,Matches
31,Stuart Armstrong,sct SCO,"MF,FW",Southampton,30,1992,15.6,864,21,133,403,341,37,864,52,22,42.3,28,28,596,88,Matches
32,Kepa Arrizabalaga,es ESP,GK,Chelsea,27,1994,28.5,1119,892,1103,16,0,0,1119,1,1,100,1,0,604,0,Matches
33,Pierre-Emerick Aubameyang,ga GAB,FW,Chelsea,33,1989,6.2,161,7,16,69,79,23,161,5,3,60,11,4,116,29,Matches
34,Ludwig Augustinsson,se SWE,DF,Aston Villa,28,1994,0.9,51,3,19,15,17,2,51,1,0,0,0,0,21,3,Matches
35,Serge Aurier,ci CIV,DF,Nott'ham Forest,29,1992,21.6,1238,107,484,505,263,13,1238,32,16,50,31,18,574,50,Matches
36,Taiwo Awoniyi,ng NGA,FW,Nott'ham Forest,24,1997,15.6,435,22,62,177,203,55,435,22,7,31.8,68,29,284,55,Matches
37,Yasin Ayari,se SWE,MF,Brighton,18,2003,0.7,30,0,5,18,8,1,30,1,0,0,2,0,25,2,Matches
38,André Ayew,gh GHA,"FW,MF",Nott'ham Forest,32,1989,3.5,106,11,15,49,42,8,105,6,1,16.7,3,4,62,16,Matches
39,Jordan Ayew,gh GHA,"FW,MF",Crystal Palace,30,1991,30.2,1327,46,192,611,560,98,1327,149,65,43.6,107,83,932,174,Matches
40,Luke Ayling,eng ENG,DF,Leeds United,30,1991,22.8,1413,79,466,578,390,56,1413,33,13,39.4,23,12,700,100,Matches
41,César Azpilicueta,es ESP,DF,Chelsea,32,1989,17,1245,84,424,510,319,25,1245,13,7,53.8,12,5,753,81,Matches
42,Benoît Badiashile,fr FRA,DF,Chelsea,21,2001,10.1,945,95,469,458,25,11,945,3,1,33.3,2,3,689,2,Matches
43,Leon Bailey,jm JAM,"FW,MF",Aston Villa,24,1997,21.9,813,16,91,283,456,89,813,111,40,36,48,53,561,182,Matches
44,Stefan Bajcetic,es ESP,MF,Liverpool,17,2004,5.8,324,6,66,189,74,5,324,16,7,43.8,7,6,204,1,Matches
45,Dominic Ballard,eng ENG,"FW,MF",Southampton,17,2005,0.3,11,0,2,4,5,0,11,2,0,0,3,1,7,1,Matches
46,Patrick Bamford,eng ENG,FW,Leeds United,28,1993,16.8,550,19,34,257,266,83,548,34,11,32.4,56,21,386,96,Matches
47,Shandon Baptiste,gd GRN,MF,Brentford,24,1998,6.9,373,12,87,196,97,7,373,13,6,46.2,16,8,247,23,Matches
48,Harvey Barnes,eng ENG,"FW,MF",Leicester City,24,1997,30.1,1143,17,128,435,600,133,1143,91,27,29.7,75,42,900,257,Matches
49,Gavin Bazunu,ie IRL,GK,Southampton,20,2002,32,1253,910,1234,19,0,0,1253,0,0,,0,0,599,0,Matches
50,Mads Bech Sørensen,dk DEN,"DF,MF",Brentford,23,1999,0.2,14,1,4,8,2,0,14,0,0,,0,0,5,0,Matches
51,Jan Bednarek,pl POL,DF,Southampton,26,1996,18.6,1127,205,635,460,37,14,1127,2,1,50,2,1,605,2,Matches
52,Jan Bednarek,pl POL,DF,Aston Villa,26,1996,1.1,79,9,39,40,1,0,79,0,0,,0,0,53,0,Matches
53,Donny van de Beek,nl NED,MF,Manchester Utd,25,1997,1.9,72,1,3,23,46,11,72,3,2,66.7,2,2,53,20,Matches
54,Asmir Begović,ba BIH,GK,Everton,35,1987,1,33,31,33,0,0,0,33,0,0,,0,0,13,0,Matches
55,Armel Bella Kotchap,de GER,DF,Southampton,20,2001,20.9,1211,209,654,519,46,22,1211,11,4,36.4,9,6,682,2,Matches
56,Saïd Benrahma,dz ALG,"FW,MF",West Ham,26,1995,23,1091,16,131,399,583,94,1087,123,51,41.5,53,42,800,237,Matches
57,Rodrigo Bentancur,uy URU,MF,Tottenham,25,1997,16.7,1071,52,295,612,175,19,1071,34,21,61.8,22,17,732,19,Matches
58,Daniel Bentley,eng ENG,GK,Wolves,29,1993,2,87,83,87,0,0,0,87,0,0,,0,0,34,0,Matches
59,Victor Bernth Kristiansen,dk DEN,DF,Leicester City,19,2002,9.9,607,33,234,255,123,4,607,15,7,46.7,10,10,302,24,Matches
60,Owen Bevan,wls WAL,DF,Bournemouth,18,2003,0.1,3,0,3,0,0,0,3,0,0,,0,0,1,0,Matches
61,Giulian Biancone,fr FRA,DF,Nott'ham Forest,22,2000,0.2,25,2,19,5,1,0,25,0,0,,0,0,13,1,Matches
62,Philip Billing,dk DEN,"MF,FW",Bournemouth,26,1996,30.7,1410,76,334,666,428,71,1410,47,26,55.3,42,35,900,101,Matches
63,Yves Bissouma,ml MLI,MF,Tottenham,25,1996,11.2,826,23,164,536,127,2,826,9,7,77.8,16,8,613,10,Matches
64,Willy Boly,ci CIV,DF,Nott'ham Forest,31,1991,7.6,353,69,239,101,15,9,353,2,1,50,2,0,182,0,Matches
65,Sven Botman,nl NED,DF,Newcastle Utd,22,2000,34.7,2074,338,1188,801,95,53,2074,1,1,100,10,2,1347,5,Matches
66,Jarrod Bowen,eng ENG,"FW,MF",West Ham,25,1996,35.9,1318,32,186,451,693,157,1316,118,36,30.5,70,55,793,213,Matches
67,James Bree,eng ENG,DF,Southampton,24,1997,4.1,213,18,71,67,75,2,213,3,2,66.7,3,2,111,12,Matches
68,Armando Broja,al ALB,FW,Chelsea,20,2001,3.3,110,2,7,41,63,16,110,15,8,53.3,15,9,71,17,Matches
69,David Brooks,wls WAL,"FW,MF",Bournemouth,25,1997,1.9,93,8,19,35,39,9,93,9,2,22.2,4,4,65,10,Matches
70,Lewis Brunt,eng ENG,DF,Leicester City,21,2000,0.3,23,1,8,12,3,0,23,0,0,,0,0,13,2,Matches
71,Emi Buendía,ar ARG,"MF,FW",Aston Villa,25,1996,26.8,1336,38,202,634,516,93,1336,59,27,45.8,63,58,955,137,Matches
72,Hugo Bueno,es ESP,DF,Wolves,19,2002,14.6,835,53,318,275,249,14,835,33,13,39.4,16,11,446,64,Matches
73,Facundo Buonanotte,ar ARG,"FW,MF",Brighton,17,2004,6.3,258,8,33,114,115,19,258,19,7,36.8,10,2,202,42,Matches
74,Dan Burn,eng ENG,DF,Newcastle Utd,30,1992,34.6,2073,158,786,940,358,62,2073,25,11,44,34,9,1116,46,Matches
75,Cafú,pt POR,MF,Nott'ham Forest,29,1993,0.1,3,1,2,1,0,0,3,0,0,,0,0,1,0,Matches
76,Moisés Caicedo,ec ECU,MF,Brighton,20,2001,34.9,2603,91,555,1520,558,28,2603,54,28,51.9,39,23,1891,61,Matches
77,Tom Cairney,sct SCO,MF,Fulham,31,1991,11,871,10,127,425,332,31,871,21,9,42.9,23,21,667,57,Matches
78,Duje Ćaleta-Car,hr CRO,DF,Southampton,25,1996,10.5,695,136,416,268,15,9,695,2,2,100,1,2,429,0,Matches
79,Dominic Calvert-Lewin,eng ENG,FW,Everton,25,1997,12.9,376,20,39,143,200,59,375,28,15,53.6,40,12,286,56,Matches
80,Chem Campbell,wls WAL,"FW,MF",Wolves,19,2002,0.8,47,1,6,19,23,5,47,4,2,50,3,6,36,10,Matches
81,João Cancelo,pt POR,DF,Manchester City,28,1994,14.2,1363,20,225,686,461,47,1363,60,30,50,18,14,1020,125,Matches
82,Thomas Cannon,ie IRL,FW,Everton,19,2002,0.3,8,0,0,2,6,4,8,1,0,0,0,0,7,2,Matches
83,Sergi Canós,es ESP,"FW,DF",Brentford,25,1997,0.9,57,1,13,25,20,2,57,6,4,66.7,0,0,36,7,Matches
84,Diego Carlos,br BRA,DF,Aston Villa,29,1993,2.3,156,11,54,94,11,4,156,0,0,,2,0,111,0,Matches
85,Fabio Carvalho,pt POR,"MF,FW",Liverpool,19,2002,3.9,193,2,31,75,91,26,193,6,2,33.3,11,15,145,26,Matches
86,Casemiro,br BRA,MF,Manchester Utd,30,1992,23.6,1758,110,531,949,293,24,1758,20,9,45,18,14,1103,34,Matches
87,Matty Cash,pl POL,DF,Aston Villa,24,1997,20.2,1215,76,423,545,258,11,1215,33,16,48.5,24,7,652,57,Matches
88,Timothy Castagne,be BEL,DF,Leicester City,26,1995,36.2,2237,158,820,920,508,52,2237,30,11,36.7,32,17,1246,149,Matches
89,Jonny Castro,es ESP,DF,Wolves,28,1994,14,1004,53,343,444,227,13,1004,32,14,43.8,16,13,600,46,Matches
90,Julio César Enciso,py PAR,"FW,MF",Brighton,18,2004,9,395,2,22,154,228,49,395,63,31,49.2,19,20,292,74,Matches
91,Nathaniel Chalobah,eng ENG,MF,Fulham,27,1994,0.1,11,4,5,3,3,1,11,0,0,,1,1,8,0,Matches
92,Trevoh Chalobah,eng ENG,DF,Chelsea,23,1999,17.9,1369,135,602,604,167,23,1369,10,8,80,6,5,973,27,Matches
93,Calum Chambers,eng ENG,"DF,MF",Aston Villa,27,1995,3.9,245,30,119,96,32,2,245,0,0,,2,1,149,2,Matches
94,Shea Charles,nir NIR,DF,Manchester City,18,2003,0.3,32,5,14,18,0,0,32,0,0,,0,1,19,0,Matches
95,Ben Chilwell,eng ENG,"DF,MF",Chelsea,25,1996,15.6,1133,23,284,426,426,36,1133,23,8,34.8,25,18,722,131,Matches
96,Ryan Christie,sct SCO,"MF,FW",Bournemouth,27,1995,20.4,940,39,187,421,350,61,940,86,37,43,49,33,592,71,Matches
97,Carney Chukwuemeka,eng ENG,"MF,FW",Chelsea,18,2003,3.9,262,5,47,106,112,17,262,11,6,54.5,11,3,184,21,Matches
98,Bobby Clark,eng ENG,MF,Liverpool,17,2005,0.1,7,0,0,0,7,1,7,1,0,0,2,0,3,2,Matches
99,Nathaniel Clyne,eng ENG,DF,Crystal Palace,31,1991,18.2,971,44,313,475,186,3,971,12,5,41.7,12,3,531,29,Matches
100,Conor Coady,eng ENG,DF,Everton,29,1993,23.3,1363,238,795,547,29,10,1363,3,0,0,6,2,984,1,Matches
101,Jack Colback,eng ENG,MF,Nott'ham Forest,32,1989,5.5,189,16,65,100,27,1,189,4,3,75,5,1,88,3,Matches
102,Séamus Coleman,ie IRL,DF,Everton,33,1988,18.4,990,81,334,416,246,21,990,36,16,44.4,30,6,481,37,Matches
103,Nathan Collins,ie IRL,DF,Wolves,21,2001,20.2,1339,208,801,500,45,13,1339,8,7,87.5,9,8,922,5,Matches
104,Levi Colwill,eng ENG,DF,Brighton,19,2003,13.6,1263,144,569,646,51,11,1263,1,1,100,7,4,921,3,Matches
105,Lewis Cook,eng ENG,MF,Bournemouth,25,1997,19.1,935,67,290,472,184,9,935,19,7,36.8,15,16,517,10,Matches
106,Steve Cook,eng ENG,DF,Nott'ham Forest,31,1991,10.6,559,100,321,220,19,10,559,1,1,100,3,2,350,0,Matches
107,Liam Cooper,sct SCO,DF,Leeds United,30,1991,15.8,970,103,499,440,37,21,970,4,1,25,9,1,501,2,Matches
108,Maxwel Cornet,ci CIV,FW,West Ham,25,1996,2.7,140,3,18,50,72,11,140,5,2,40,9,5,103,26,Matches
109,Diego Costa,es ESP,FW,Wolves,33,1988,13.8,335,19,37,140,161,59,335,10,5,50,23,26,245,60,Matches
110,Vladimír Coufal,cz CZE,DF,West Ham,29,1992,23.7,1433,104,435,580,424,21,1433,17,3,17.6,25,21,665,109,Matches
111,Philippe Coutinho,br BRA,"MF,FW",Aston Villa,30,1992,8.8,500,2,34,259,213,24,500,34,14,41.2,23,17,369,68,Matches
112,Conor Coventry,ie IRL,"MF,FW",West Ham,22,2000,0,0,0,0,0,0,0,0,0,0,,0,0,0,0,Matches
113,Matthew Craig,sct SCO,MF,Tottenham,19,2003,0.2,10,1,3,5,2,0,10,0,0,,0,0,6,0,Matches
114,Aaron Cresswell,eng ENG,DF,West Ham,32,1989,24.8,1607,97,507,668,438,13,1607,7,2,28.6,6,6,960,82,Matches
115,Marc Cucurella,es ESP,DF,Chelsea,24,1998,18.6,1490,63,470,672,358,12,1490,14,5,35.7,14,6,906,65,Matches
116,Matheus Cunha,br BRA,FW,Wolves,23,1999,10.7,372,14,66,170,147,45,372,39,26,66.7,31,13,224,43,Matches
117,Patson Daka,zm ZAM,FW,Leicester City,23,1998,13.2,444,13,42,175,230,58,444,18,7,38.9,46,19,288,82,Matches
118,Diogo Dalot,pt POR,DF,Manchester Utd,23,1999,23.9,1673,125,580,714,390,38,1673,35,21,60,18,5,994,85,Matches
119,Mikkel Damsgaard,dk DEN,"MF,FW",Brentford,22,2000,11,529,9,104,268,166,27,529,23,9,39.1,15,6,307,45,Matches
120,Danilo,br BRA,MF,Nott'ham Forest,21,2001,10.8,383,26,118,182,92,21,383,19,14,73.7,20,8,171,22,Matches
121,Arnaut Danjuma,nl NED,"FW,MF",Tottenham,25,1997,1.9,72,1,5,35,32,8,72,6,3,50,1,3,58,19,Matches
122,Josh Dasilva,eng ENG,MF,Brentford,23,1998,15.4,770,17,144,342,298,32,770,56,32,57.1,28,28,562,69,Matches
123,David Datro Fofana,ci CIV,FW,Chelsea,19,2002,0.8,33,1,2,10,22,7,33,8,5,62.5,9,3,23,9,Matches
124,Ben Davies,wls WAL,DF,Tottenham,29,1993,25.4,1482,95,514,749,223,29,1482,15,5,33.3,11,5,1012,69,Matches
125,Tom Davies,eng ENG,MF,Everton,24,1998,6,309,13,74,183,54,15,309,6,3,50,17,4,201,13,Matches
126,Craig Dawson,eng ENG,DF,West Ham,32,1990,8,380,53,211,142,28,14,380,1,0,0,2,4,216,1,Matches
127,Craig Dawson,eng ENG,DF,Wolves,32,1990,15.7,1084,182,619,437,32,15,1084,4,3,75,5,2,748,1,Matches
128,Kevin De Bruyne,be BEL,MF,Manchester City,31,1991,26.9,1860,13,100,743,1041,100,1860,61,32,52.5,42,29,1445,245,Matches
129,Siriki Dembélé,ci CIV,"FW,MF",Bournemouth,25,1996,1.2,71,1,10,30,33,3,71,10,6,60,9,5,50,11,Matches
130,Leander Dendoncker,be BEL,MF,Aston Villa,27,1995,7.7,365,21,102,219,46,7,365,5,3,60,8,3,207,2,Matches
131,Leander Dendoncker,be BEL,MF,Wolves,27,1995,2.4,128,6,33,75,21,5,128,2,1,50,2,2,77,3,Matches
132,Emmanuel Dennis,ng NGA,"FW,MF",Nott'ham Forest,24,1997,8,335,5,55,118,177,40,335,53,18,34,32,25,219,63,Matches
133,Halil Dervişoğlu,tr TUR,MF,Brentford,22,1999,0.1,1,0,0,0,1,0,1,0,0,,0,1,2,0,Matches
134,Kiernan Dewsbury-Hall,eng ENG,MF,Leicester City,23,1998,25.6,1490,48,278,795,443,50,1490,74,40,54.1,73,32,1038,91,Matches
135,Ibrahima Diallo,fr FRA,MF,Southampton,23,1999,9.1,499,18,128,308,74,4,499,13,8,61.5,16,9,294,6,Matches
136,Rúben Dias,pt POR,DF,Manchester City,25,1997,22.2,2237,176,881,1280,83,22,2237,10,8,80,1,4,1791,2,Matches
137,Luis Díaz,co COL,FW,Liverpool,25,1997,11.1,618,4,47,247,336,77,618,65,32,49.2,30,37,500,116,Matches
138,Eric Dier,eng ENG,DF,Tottenham,28,1994,31.3,2274,370,1333,866,84,25,2274,6,3,50,10,3,1600,14,Matches
139,Lucas Digne,fr FRA,DF,Aston Villa,29,1993,16.7,1096,64,365,396,342,24,1096,18,3,16.7,16,12,625,89,Matches
140,Issa Diop,fr FRA,DF,Fulham,25,1997,22.4,1606,191,828,762,28,9,1606,5,3,60,10,1,1115,4,Matches
141,Moussa Djenepo,ml MLI,"DF,FW",Southampton,24,1998,7.9,358,16,103,158,102,16,358,42,19,45.2,15,7,182,39,Matches
142,Ben Doak,sct SCO,FW,Liverpool,16,2005,0.3,22,0,4,10,10,2,22,4,0,0,1,0,15,4,Matches
143,Matt Doherty,ie IRL,"DF,MF",Tottenham,30,1992,7.4,500,27,144,184,172,24,500,12,5,41.7,12,3,306,57,Matches
144,Gabriel Dos Santos,br BRA,DF,Arsenal,24,1997,37.9,2776,307,1153,1419,215,53,2776,3,2,66.7,19,4,1934,16,Matches
145,Abdoulaye Doucouré,ml MLI,MF,Everton,29,1993,17,713,18,156,327,242,45,713,33,20,60.6,27,13,440,66,Matches
146,Cheick Doucouré,ml MLI,MF,Crystal Palace,22,2000,30.8,1577,94,444,894,255,15,1577,21,15,71.4,28,20,884,17,Matches
147,Flynn Downes,eng ENG,MF,West Ham,23,1999,8.5,405,14,74,265,68,5,405,2,1,50,11,6,276,11,Matches
148,Kami Doyle,eng ENG,MF,Southampton,16,2005,0.1,6,0,2,3,1,0,6,1,0,0,0,1,7,0,Matches
149,Cody Drameh,eng ENG,DF,Leeds United,20,2001,0.8,44,1,7,26,11,0,44,1,1,100,1,1,23,3,Matches
150,Martin Dúbravka,sk SVK,GK,Newcastle Utd,33,1989,1.7,59,55,59,0,0,0,59,0,0,,0,0,23,0,Matches
151,Shane Duffy,ie IRL,"DF,FW",Fulham,30,1992,0.2,22,3,13,9,1,1,22,1,1,100,1,0,12,0,Matches
152,Lewis Dunk,eng ENG,DF,Brighton,30,1991,36,3461,428,1665,1712,97,34,3461,5,4,80,13,5,2586,5,Matches
153,Jhon Durán,co COL,"FW,MF",Aston Villa,18,2003,1.5,57,3,3,26,29,6,57,2,1,50,8,3,41,13,Matches
154,Malcolm Ebiowei,eng ENG,"MF,FW",Crystal Palace,18,2003,0.4,21,0,1,8,12,2,21,5,2,40,5,0,15,9,Matches
155,Ederson,br BRA,GK,Manchester City,28,1993,35,1302,1049,1295,9,0,0,1302,0,0,,0,0,833,0,Matches
156,Odsonne Édouard,fr FRA,FW,Crystal Palace,24,1998,20,672,25,68,317,293,95,672,46,16,34.8,60,51,479,100,Matches
157,Samuel Edozie,eng ENG,"FW,MF",Southampton,19,2003,6.3,278,4,48,86,148,32,278,37,12,32.4,24,12,188,39,Matches
158,Anthony Elanga,se SWE,FW,Manchester Utd,20,2002,4.7,197,4,26,71,100,28,197,15,5,33.3,13,7,139,28,Matches
159,Harvey Elliott,eng ENG,"MF,FW",Liverpool,19,2003,17.9,1194,14,147,566,491,50,1194,42,19,45.2,26,23,867,129,Matches
160,Mohamed Elneny,eg EGY,MF,Arsenal,30,1992,1.3,63,2,11,42,11,0,63,0,0,,0,0,49,1,Matches
161,Mohamed Elyounoussi,no NOR,"MF,FW",Southampton,27,1994,24.1,952,60,204,399,362,54,952,47,24,51.1,38,38,533,98,Matches
162,Emerson,br BRA,DF,Tottenham,23,1999,19.3,1323,101,481,505,346,46,1323,31,15,48.4,22,19,775,103,Matches
163,Christian Eriksen,dk DEN,MF,Manchester Utd,30,1992,22.8,1644,43,269,914,465,35,1644,17,8,47.1,24,19,1220,66,Matches
164,Pervis Estupiñán,ec ECU,DF,Brighton,24,1998,29.7,2211,82,506,1076,649,71,2211,42,19,45.2,38,29,1434,183,Matches
165,Jonny Evans,nir NIR,DF,Leicester City,34,1988,11.7,906,137,474,424,9,2,906,0,0,,5,0,629,0,Matches
166,Eberechi Eze,eng ENG,"MF,FW",Crystal Palace,24,1998,29.3,1515,20,212,735,602,84,1514,122,71,58.2,71,54,999,129,Matches
167,Łukasz Fabiański,pl POL,GK,West Ham,37,1985,34.6,1005,871,1000,5,0,0,1005,0,0,,3,0,350,0,Matches
168,Fabinho,br BRA,MF,Liverpool,28,1993,29.7,2092,83,456,1314,325,21,2092,15,7,46.7,17,12,1493,39,Matches
169,Wout Faes,be BEL,DF,Leicester City,24,1998,31,2177,357,1230,916,44,19,2177,12,9,75,15,5,1436,2,Matches
170,Felipe,br BRA,DF,Nott'ham Forest,33,1989,15.8,798,163,477,275,59,36,798,18,14,77.8,12,4,386,4,Matches
171,João Félix,pt POR,"FW,MF",Chelsea,22,1999,10.5,497,0,30,223,249,46,497,60,22,36.7,22,8,399,79,Matches
172,Evan Ferguson,ie IRL,FW,Brighton,17,2004,10.6,344,10,27,165,155,39,344,14,8,57.1,29,20,256,58,Matches
173,Bruno Fernandes,pt POR,"MF,FW",Manchester Utd,27,1994,36.8,2408,68,386,966,1078,149,2406,66,32,48.5,42,42,1689,231,Matches
174,Enzo Fernández,ar ARG,MF,Chelsea,21,2001,17.2,1616,45,351,1000,280,9,1616,32,17,53.1,25,13,1257,18,Matches
175,Roberto Firmino,br BRA,"FW,MF",Liverpool,30,1991,13.5,735,3,69,375,295,84,735,24,13,54.2,38,23,565,96,Matches
176,Junior Firpo,es ESP,DF,Leeds United,25,1996,15.2,792,48,286,368,146,13,792,15,6,40,9,9,367,34,Matches
177,Phil Foden,eng ENG,FW,Manchester City,22,2000,20.5,1324,20,116,433,790,131,1324,81,40,49.4,34,29,1051,275,Matches
178,Wesley Fofana,fr FRA,DF,Leicester City,21,2000,2,169,11,68,97,7,3,169,3,2,66.7,3,0,115,1,Matches
179,Wesley Fofana,fr FRA,DF,Chelsea,21,2000,13.1,1013,97,424,509,85,10,1013,13,8,61.5,9,6,735,12,Matches
180,Pablo Fornals,es ESP,"FW,MF",West Ham,26,1996,16.7,917,16,144,424,360,36,917,21,10,47.6,21,15,616,101,Matches
181,Adam Forshaw,eng ENG,MF,Leeds United,30,1991,5.3,293,7,64,171,62,1,293,11,8,72.7,6,8,186,7,Matches
182,Fraser Forster,eng ENG,GK,Tottenham,34,1988,13.5,395,352,392,3,0,0,395,0,0,,1,0,148,0,Matches
183,Tyrese Francois,au AUS,FW,Fulham,22,2000,0,5,0,1,3,1,0,5,0,0,,1,0,2,1,Matches
184,Ryan Fraser,sct SCO,FW,Newcastle Utd,28,1994,3.5,147,1,18,51,80,9,147,2,1,50,7,1,107,23,Matches
185,Fred,br BRA,MF,Manchester Utd,29,1993,13.9,999,38,250,483,279,37,999,32,12,37.5,26,16,614,50,Matches
186,Ryan Fredericks,eng ENG,DF,Bournemouth,29,1992,5.9,279,33,88,109,84,7,279,10,3,30,4,3,152,28,Matches
187,Remo Freuler,ch SUI,MF,Nott'ham Forest,30,1992,24,1058,71,360,537,167,13,1058,12,6,50,20,8,557,11,Matches
188,Cody Gakpo,nl NED,"FW,MF",Liverpool,23,1999,16.2,591,6,42,266,298,76,591,48,23,47.9,43,36,448,109,Matches
189,Conor Gallagher,eng ENG,MF,Chelsea,22,2000,18,1134,32,198,529,421,59,1134,54,23,42.6,36,36,778,104,Matches
190,Idrissa Gana Gueye,sn SEN,MF,Everton,32,1989,28.6,1563,77,451,893,237,11,1563,35,19,54.3,31,18,845,19,Matches
191,Alejandro Garnacho,ar ARG,"FW,MF",Manchester Utd,18,2004,6.3,305,3,29,84,196,59,305,44,12,27.3,27,14,235,85,Matches
192,James Garner,eng ENG,"MF,DF",Everton,21,2001,8.9,441,22,97,201,150,9,441,14,7,50,11,3,225,18,Matches
193,David de Gea,es ESP,GK,Manchester Utd,31,1990,38,1302,1116,1297,5,0,0,1302,0,0,,0,0,783,0,Matches
194,Joe Gelhardt,eng ENG,FW,Leeds United,20,2002,2.4,115,4,10,52,54,14,115,9,1,11.1,9,7,84,21,Matches
195,Saman Ghoddos,ir IRN,"MF,FW",Brentford,28,1993,1.5,98,7,23,38,40,3,98,2,0,0,3,1,44,6,Matches
196,Morgan Gibbs-White,eng ENG,"FW,MF",Wolves,22,2000,2,119,1,18,53,49,4,119,8,2,25,3,1,82,12,Matches
197,Morgan Gibbs-White,eng ENG,"MF,FW",Nott'ham Forest,22,2000,33,1447,20,169,626,680,76,1445,96,47,49,91,44,902,157,Matches
198,Bryan Gil,es ESP,"MF,FW",Tottenham,21,2001,1.6,80,1,13,30,37,2,80,5,2,40,5,3,61,15,Matches
199,Billy Gilmour,sct SCO,MF,Brighton,21,2001,5.6,453,15,112,276,71,4,453,6,2,33.3,6,5,350,4,Matches
200,Degnand Gnonto,it ITA,"FW,MF",Leeds United,18,2003,15,719,12,95,248,393,43,719,77,21,27.3,30,19,508,136,Matches
201,Ben Godfrey,eng ENG,DF,Everton,24,1998,8.9,391,55,159,175,63,8,391,8,3,37.5,12,3,159,7,Matches
202,João Gomes,br BRA,MF,Wolves,21,2001,7.3,409,19,118,212,80,5,409,19,8,42.1,7,5,223,8,Matches
203,Toti Gomes,pt POR,DF,Wolves,23,1999,10.9,688,86,313,278,100,15,688,16,9,56.3,6,3,402,23,Matches
204,Joe Gomez,eng ENG,DF,Liverpool,25,1997,16.3,1521,114,602,851,76,6,1521,5,4,80,13,5,1040,5,Matches
205,Sergio Gómez,es ESP,"DF,MF",Manchester City,21,2000,3.9,358,16,75,198,87,10,358,3,0,0,7,3,274,20,Matches
206,Anthony Gordon,eng ENG,"FW,MF",Newcastle Utd,21,2001,5.4,275,5,30,112,135,27,275,21,7,33.3,19,5,196,45,Matches
207,Anthony Gordon,eng ENG,FW,Everton,21,2001,12.2,464,13,87,165,218,47,464,45,11,24.4,32,23,290,67,Matches
208,Demarai Gray,jm JAM,"FW,MF",Everton,26,1996,27.9,1181,22,110,441,652,104,1179,92,33,35.9,86,66,781,199,Matches
209,Jack Grealish,eng ENG,FW,Manchester City,26,1995,22.8,1308,20,141,421,772,136,1308,110,45,40.9,36,29,1065,310,Matches
210,Sam Greenwood,eng ENG,"MF,FW",Leeds United,20,2002,4.7,255,7,45,112,103,5,255,8,3,37.5,6,7,119,10,Matches
211,Pascal Groß,de GER,"MF,DF",Brighton,31,1991,36,2602,77,466,1225,924,98,2602,33,17,51.5,39,18,1832,209,Matches
212,Vicente Guaita,es ESP,GK,Crystal Palace,35,1987,27,895,785,893,2,0,0,895,0,0,,1,0,383,0,Matches
213,Gonçalo Guedes,pt POR,"FW,MF",Wolves,25,1996,7.9,280,3,28,105,153,30,280,15,5,33.3,17,7,199,54,Matches
214,Marc Guéhi,eng ENG,DF,Crystal Palace,22,2000,37,2557,369,1415,1078,74,28,2557,21,14,66.7,17,7,1690,3,Matches
215,Bruno Guimarães,br BRA,MF,Newcastle Utd,24,1997,30.3,2014,59,392,1076,575,50,2014,92,45,48.9,46,60,1503,42,Matches
216,İlkay Gündoğan,de GER,MF,Manchester City,31,1990,26.1,1806,31,243,975,596,88,1805,42,16,38.1,28,27,1425,124,Matches
217,Darko Gyabi,eng ENG,FW,Leeds United,18,2004,0.1,8,0,1,4,3,1,8,1,0,0,1,0,2,0,Matches
218,Erling Haaland,no NOR,FW,Manchester City,22,2000,30.8,763,18,39,290,435,217,756,32,11,34.4,51,26,583,151,Matches
219,Lewis Hall,eng ENG,DF,Chelsea,17,2004,7.3,534,22,165,207,168,22,534,25,9,36,16,7,352,41,Matches
220,Luke Harris,wls WAL,"MF,FW",Fulham,17,2005,0.1,14,0,0,8,6,0,14,0,0,,0,1,13,0,Matches
221,Jack Harrison,eng ENG,"FW,MF",Leeds United,25,1996,30.1,1556,31,192,549,836,81,1556,118,48,40.7,92,61,1037,255,Matches
222,Kai Havertz,de GER,"FW,MF",Chelsea,23,1999,28.5,1258,46,108,519,640,165,1257,60,17,28.3,79,36,946,218,Matches
223,Jan Paul van Hecke,nl NED,DF,Brighton,22,2000,3.3,288,27,120,155,13,2,288,0,0,,1,0,213,0,Matches
224,Hwang Hee-chan,kr KOR,"FW,MF",Wolves,26,1996,12.6,425,13,66,178,188,38,425,32,13,40.6,25,20,267,60,Matches
225,Dean Henderson,eng ENG,GK,Nott'ham Forest,25,1997,18,715,600,711,5,0,0,715,0,0,,1,0,319,0,Matches
226,Jordan Henderson,eng ENG,MF,Liverpool,32,1990,23,1782,34,277,1013,505,45,1782,23,12,52.2,18,9,1319,90,Matches
227,Wayne Hennessey,wls WAL,GK,Nott'ham Forest,35,1987,3,108,91,108,0,0,0,108,0,0,,0,0,47,0,Matches
228,Rico Henry,eng ENG,DF,Brentford,25,1997,36,1582,115,478,647,482,30,1582,50,26,52,50,44,813,111,Matches
229,Son Heung-min,kr KOR,"MF,FW",Tottenham,30,1992,32.1,1217,12,143,457,643,106,1217,83,33,39.8,64,55,860,196,Matches
230,Aaron Hickey,sct SCO,DF,Brentford,20,2002,21.3,1028,47,328,499,211,21,1028,45,17,37.8,16,13,624,47,Matches
231,Jack Hinshelwood,eng ENG,FW,Brighton,17,2005,0,5,0,2,2,1,1,5,0,0,,0,0,3,1,Matches
232,Joseph Hodge,ie IRL,MF,Wolves,19,2002,1.9,118,5,26,56,36,4,118,0,0,,1,2,77,5,Matches
233,Rob Holding,eng ENG,DF,Arsenal,26,1995,6.3,499,58,240,245,15,7,499,1,1,100,3,0,339,2,Matches
234,Mason Holgate,eng ENG,DF,Everton,25,1996,5.6,286,35,120,139,27,5,286,3,3,100,6,0,141,5,Matches
235,Will Hughes,eng ENG,MF,Crystal Palace,27,1995,9.4,474,27,101,250,131,13,474,7,3,42.9,14,10,262,23,Matches
236,Omari Hutchinson,eng ENG,FW,Chelsea,18,2003,0.3,15,0,0,4,11,2,15,0,0,,1,1,11,1,Matches
237,Pierre Højbjerg,dk DEN,MF,Tottenham,26,1995,34.8,2633,122,670,1537,449,33,2633,45,30,66.7,39,35,1925,66,Matches
238,Kelechi Iheanacho,ng NGA,"FW,MF",Leicester City,25,1996,12.5,464,10,28,197,244,58,463,39,20,51.3,41,36,380,99,Matches
239,Danny Ings,eng ENG,FW,West Ham,30,1992,8.6,229,8,22,105,105,37,229,18,5,27.8,11,10,157,44,Matches
240,Danny Ings,eng ENG,FW,Aston Villa,30,1992,9.2,267,12,26,106,139,49,265,16,10,62.5,20,17,186,46,Matches
241,Alexander Isak,se SWE,FW,Newcastle Utd,22,1999,16.9,583,11,34,202,358,98,581,72,32,44.4,39,25,431,122,Matches
242,Daniel Iversen,dk DEN,GK,Leicester City,25,1997,12,411,344,406,5,0,0,411,0,0,,0,0,136,0,Matches
243,Alex Iwobi,ng NGA,"MF,FW",Everton,26,1996,37.5,1912,52,359,892,709,59,1912,110,55,50,68,42,1285,145,Matches
244,Daniel James,wls WAL,FW,Leeds United,24,1997,2.2,66,1,9,26,32,6,66,6,1,16.7,3,1,39,9,Matches
245,Daniel James,wls WAL,FW,Fulham,24,1997,6.9,254,9,27,78,156,29,254,14,5,35.7,10,13,173,48,Matches
246,Reece James,eng ENG,"DF,MF",Chelsea,22,1999,13.8,1187,39,256,543,395,25,1187,40,22,55,13,14,813,115,Matches
247,Vitaly Janelt,de GER,"MF,DF",Brentford,24,1998,24.5,1244,66,335,675,242,36,1244,24,9,37.5,18,11,737,28,Matches
248,Pontus Jansson,se SWE,DF,Brentford,31,1991,8,393,73,243,137,13,8,393,2,2,100,2,1,217,0,Matches
249,Mathias Jensen,dk DEN,MF,Brentford,26,1996,31.1,1890,43,368,868,669,29,1890,61,24,39.3,54,32,1011,77,Matches
250,Gabriel Jesus,br BRA,FW,Arsenal,25,1997,22.9,1080,26,110,406,573,191,1079,111,44,39.6,88,65,799,194,Matches
251,Raúl Jiménez,mx MEX,FW,Wolves,31,1991,9.4,293,11,28,139,127,44,293,10,5,50,23,14,219,45,Matches
252,Joelinton,br BRA,"MF,FW",Newcastle Utd,25,1996,29.6,1703,71,312,852,562,96,1703,111,53,47.7,72,51,1115,150,Matches
253,Ben Johnson,eng ENG,DF,West Ham,22,2000,9.6,627,43,256,289,87,2,627,17,8,47.1,7,7,335,22,Matches
254,Brennan Johnson,wls WAL,"FW,MF",Nott'ham Forest,21,2001,32.6,806,9,90,309,434,116,803,88,33,37.5,76,25,507,155,Matches
255,Sam Johnstone,eng ENG,GK,Crystal Palace,29,1993,9,298,242,297,1,0,0,298,0,0,,1,0,156,0,Matches
256,Curtis Jones,eng ENG,MF,Liverpool,21,2001,11.5,821,14,105,417,304,40,821,30,11,36.7,22,29,627,75,Matches
257,Jorginho,it ITA,MF,Arsenal,30,1991,9.5,807,27,159,476,175,8,807,10,3,30,8,8,629,8,Matches
258,Jorginho,it ITA,MF,Chelsea,30,1991,14.2,1026,36,273,577,178,8,1024,12,5,41.7,14,9,706,10,Matches
259,Mateo Joseph,eng ENG,"FW,MF",Leeds United,18,2003,0.3,9,1,1,5,3,1,9,1,0,0,1,3,6,2,Matches
260,Diogo Jota,pt POR,FW,Liverpool,25,1996,12.6,550,21,71,235,252,73,550,39,14,35.9,34,19,403,104,Matches
261,Hamed Junior Traorè,ci CIV,"FW,MF",Bournemouth,22,2000,4.7,246,2,29,109,116,11,246,25,16,64,15,13,142,21,Matches
262,James Justin,eng ENG,DF,Leicester City,24,1998,13.9,980,48,296,475,216,8,980,19,4,21.1,15,6,574,50,Matches
263,Mathias Jørgensen,dk DEN,DF,Brentford,32,1990,12.3,612,87,291,281,42,12,612,1,0,0,3,1,321,1,Matches
264,Sasa Kalajdzic,at AUT,FW,Wolves,25,1997,0.5,7,0,2,1,4,2,7,0,0,,1,0,5,1,Matches
265,Boubacar Kamara,fr FRA,MF,Aston Villa,22,1999,19.7,1145,65,362,662,132,10,1145,35,16,45.7,20,14,713,8,Matches
266,Harry Kane,eng ENG,FW,Tottenham,29,1993,37.8,1328,28,106,646,599,167,1322,108,40,37,74,58,1031,193,Matches
267,N'Golo Kanté,fr FRA,MF,Chelsea,31,1991,5.8,404,11,53,195,163,16,404,18,12,66.7,13,5,279,36,Matches
268,Michael Keane,eng ENG,DF,Everton,29,1993,10.9,565,83,275,239,55,24,565,7,4,57.1,6,2,275,4,Matches
269,Neeskens Kebano,cd COD,FW,Fulham,30,1992,8.5,321,10,48,92,188,30,321,28,9,32.1,16,12,216,68,Matches
270,Thilo Kehrer,de GER,DF,West Ham,25,1996,24.8,1335,135,600,595,147,17,1335,11,8,72.7,17,6,760,29,Matches
271,Naby Keïta,gn GUI,MF,Liverpool,27,1995,3.3,206,5,34,114,59,11,206,4,3,75,12,7,140,21,Matches
272,Caoimhín Kelleher,ie IRL,GK,Liverpool,23,1998,1,26,18,26,0,0,0,26,0,0,,0,0,13,0,Matches
273,Lloyd Kelly,eng ENG,DF,Bournemouth,23,1998,22.7,1394,185,752,526,124,9,1394,7,1,14.3,16,4,806,10,Matches
274,Max Kilman,eng ENG,DF,Wolves,25,1997,36.7,2470,432,1460,952,75,26,2470,25,19,76,15,9,1699,5,Matches
275,Jakub Kiwior,pl POL,DF,Arsenal,22,2000,4.7,248,31,124,103,22,3,248,1,1,100,0,0,148,6,Matches
276,Mateusz Klich,pl POL,"MF,FW",Leeds United,32,1990,3.1,189,3,25,82,85,9,189,6,2,33.3,11,1,124,21,Matches
277,Robin Koch,de GER,DF,Leeds United,26,1996,35.3,1963,263,1051,820,106,32,1963,3,1,33.3,15,1,1102,11,Matches
278,Ibrahima Konaté,fr FRA,DF,Liverpool,23,1999,17.2,1317,107,589,691,43,22,1317,14,10,71.4,12,4,918,5,Matches
279,Ezri Konsa,eng ENG,DF,Aston Villa,24,1997,36.9,2192,349,1280,850,70,22,2192,15,5,33.3,15,5,1533,11,Matches
280,Kalidou Koulibaly,sn SEN,DF,Chelsea,31,1991,20,1687,174,793,838,63,19,1687,6,4,66.7,10,2,1209,4,Matches
281,Cheikhou Kouyaté,sn SEN,MF,Nott'ham Forest,32,1989,9.8,363,39,136,166,64,14,363,9,6,66.7,15,9,175,14,Matches
282,Mateo Kovačić,hr CRO,MF,Chelsea,28,1994,19,1492,31,279,938,289,12,1492,34,19,55.9,26,26,1144,30,Matches
283,Emil Krafth,se SWE,DF,Newcastle Utd,27,1994,0,1,0,1,0,0,0,1,0,0,,0,0,0,0,Matches
284,Dejan Kulusevski,se SWE,"MF,FW",Tottenham,22,2000,23,1048,26,156,394,528,107,1048,110,50,45.5,78,52,711,195,Matches
285,Layvin Kurzawa,fr FRA,DF,Fulham,29,1992,1.5,64,8,35,18,11,0,64,4,2,50,3,1,24,2,Matches
286,Adam Lallana,eng ENG,"MF,FW",Brighton,34,1988,8,373,6,43,180,151,33,373,6,3,50,15,11,295,43,Matches
287,Tariq Lamptey,gh GHA,DF,Brighton,21,2000,5,376,15,80,138,161,17,376,28,8,28.6,16,2,256,58,Matches
288,Manuel Lanzini,ar ARG,"MF,FW",West Ham,29,1993,2.8,192,3,32,111,50,3,192,3,1,33.3,2,3,150,6,Matches
289,Aymeric Laporte,es ESP,DF,Manchester City,28,1994,11,1036,85,335,538,166,13,1036,4,2,50,3,0,806,11,Matches
290,Juan Larios,es ESP,DF,Southampton,18,2004,1.7,106,10,32,55,20,2,106,4,3,75,3,2,47,1,Matches
291,Jamaal Lascelles,eng ENG,DF,Newcastle Utd,28,1993,2.4,118,27,68,47,4,4,118,0,0,,0,0,75,0,Matches
292,Roméo Lavia,be BEL,MF,Southampton,18,2004,24.7,1288,58,298,828,177,1,1288,50,28,56,24,31,794,14,Matches
293,Dexter Lembikisa,jm JAM,DF,Wolves,18,2003,0.3,13,0,3,7,3,0,13,0,0,,0,0,8,3,Matches
294,Mario Lemina,ga GAB,MF,Wolves,28,1993,14.4,794,67,292,430,81,4,794,18,11,61.1,13,8,521,9,Matches
295,Clément Lenglet,fr FRA,DF,Tottenham,27,1995,22.4,1666,178,805,761,107,17,1666,12,7,58.3,12,8,1256,7,Matches
296,Bernd Leno,de GER,GK,Fulham,30,1992,36,1499,1188,1492,7,0,0,1499,0,0,,1,0,752,0,Matches
297,Jefferson Lerma,co COL,MF,Bournemouth,27,1994,36.1,1934,165,587,1030,338,44,1934,23,13,56.5,24,17,1162,30,Matches
298,Jamal Lewis,nir NIR,"DF,FW",Newcastle Utd,24,1998,0.1,15,0,6,4,5,2,15,0,0,,0,0,13,1,Matches
299,Rico Lewis,eng ENG,"DF,MF",Manchester City,17,2004,10,742,26,133,416,199,12,742,14,8,57.1,7,13,593,26,Matches
300,Keane Lewis-Potter,eng ENG,"FW,MF",Brentford,21,2001,3.6,138,4,24,48,69,18,138,14,4,28.6,11,8,91,39,Matches
301,Victor Lindelöf,se SWE,DF,Manchester Utd,28,1994,15.2,1074,145,550,491,35,5,1074,3,2,66.7,1,2,739,1,Matches
302,Jesse Lingard,eng ENG,"FW,MF",Nott'ham Forest,29,1992,10.3,371,7,44,202,132,16,371,10,6,60,16,10,263,38,Matches
303,Valentino Livramento,eng ENG,"DF,FW",Southampton,19,2002,0.3,37,5,19,16,3,0,37,3,2,66.7,1,0,16,0,Matches
304,Diego Llorente,es ESP,DF,Leeds United,28,1993,7.2,506,59,283,210,15,6,506,3,2,66.7,6,1,312,1,Matches
305,Hugo Lloris,fr FRA,GK,Tottenham,35,1986,24.5,794,723,792,2,0,0,794,0,0,,2,0,353,0,Matches
306,Renan Lodi,br BRA,DF,Nott'ham Forest,24,1998,24.6,1143,96,478,418,263,21,1143,39,16,41,18,13,535,70,Matches
307,Ruben Loftus-Cheek,eng ENG,"MF,DF",Chelsea,26,1996,17.1,1068,40,185,576,322,42,1068,60,30,50,22,23,774,86,Matches
308,Sean Longstaff,eng ENG,MF,Newcastle Utd,24,1997,28,1433,45,278,742,420,76,1433,27,8,29.6,37,29,951,115,Matches
309,Jamal Lowe,jm JAM,"MF,FW",Bournemouth,28,1994,0.1,4,0,0,3,1,0,4,0,0,,0,0,3,0,Matches
310,Douglas Luiz,br BRA,MF,Aston Villa,24,1998,32.5,2118,75,534,1161,443,19,2117,44,24,54.5,36,33,1326,35,Matches
311,Saša Lukić,rs SRB,MF,Fulham,25,1996,4.6,253,9,49,155,52,3,253,5,4,80,3,1,171,5,Matches
312,Lyanco,br BRA,DF,Southampton,25,1997,13.1,720,123,368,297,64,12,720,11,8,72.7,11,4,353,4,Matches
313,Alexis Mac Allister,ar ARG,MF,Brighton,23,1998,32.1,2182,48,367,1194,644,63,2176,72,42,58.3,47,36,1644,77,Matches
314,James Maddison,eng ENG,"MF,FW",Leicester City,25,1996,27.6,1447,17,160,647,655,103,1445,107,46,43,45,31,1075,155,Matches
315,Noni Madueke,eng ENG,FW,Chelsea,20,2002,7.1,405,11,45,133,233,62,405,63,33,52.4,17,13,315,100,Matches
316,Harry Maguire,eng ENG,DF,Manchester Utd,29,1993,8.5,672,77,353,291,32,9,672,3,2,66.7,1,0,448,4,Matches
317,Riyad Mahrez,dz ALG,"FW,MF",Manchester City,31,1991,21.3,1392,14,105,494,802,110,1391,73,25,34.2,35,27,1042,242,Matches
318,Kobbie Mainoo,eng ENG,MF,Manchester Utd,17,2005,0.1,11,0,2,4,5,3,11,1,0,0,0,0,6,1,Matches
319,Ainsley Maitland-Niles,eng ENG,"DF,MF",Southampton,24,1997,15.6,912,73,328,440,155,7,912,22,17,77.3,26,13,509,35,Matches
320,Tyrell Malacia,nl NED,DF,Manchester Utd,22,1999,15.5,989,54,378,392,225,16,989,19,6,31.6,17,8,557,33,Matches
321,Orel Mangala,be BEL,MF,Nott'ham Forest,24,1998,17.2,655,31,183,380,99,8,655,34,16,47.1,11,9,383,8,Matches
322,Javier Manquillo,es ESP,DF,Newcastle Utd,28,1994,0.4,36,2,11,16,9,1,36,0,0,,0,0,20,1,Matches
323,Sekou Mara,fr FRA,"FW,MF",Southampton,20,2002,6.2,221,5,27,99,103,26,221,29,13,44.8,28,18,151,27,Matches
324,Solly March,eng ENG,"FW,DF",Brighton,28,1994,30.2,1659,46,191,521,962,138,1659,114,58,50.9,55,32,1124,357,Matches
325,Emiliano Marcondes,dk DEN,MF,Bournemouth,27,1995,0.1,3,1,1,2,0,0,3,1,0,0,0,0,2,0,Matches
326,Marquinhos,br BRA,MF,Arsenal,19,2003,0,3,0,0,2,1,0,3,0,0,,0,0,3,0,Matches
327,Anthony Martial,fr FRA,FW,Manchester Utd,26,1995,10.9,443,10,31,166,249,49,442,26,14,53.8,33,20,371,87,Matches
328,Martinelli,br BRA,FW,Arsenal,21,2001,31,1490,19,129,419,965,223,1490,132,59,44.7,83,56,1115,350,Matches
329,Emiliano Martínez,ar ARG,GK,Aston Villa,29,1992,34.9,1479,"1,218",1463,17,0,0,1479,0,0,,2,0,707,0,Matches
330,Lisandro Martínez,ar ARG,DF,Manchester Utd,24,1998,23.5,1809,281,934,829,60,11,1809,16,14,87.5,11,9,1138,2,Matches
331,Pape Matar Sarr,sn SEN,"MF,FW",Tottenham,19,2002,2.4,190,15,65,104,21,1,190,4,1,25,5,2,125,0,Matches
332,Jean-Philippe Mateta,fr FRA,FW,Crystal Palace,25,1997,8.6,266,18,37,112,119,38,266,8,3,37.5,27,18,185,43,Matches
333,Joël Matip,cm CMR,DF,Liverpool,30,1991,12.1,1004,111,482,468,62,17,1004,7,4,57.1,14,1,720,2,Matches
334,Neal Maupay,fr FRA,FW,Everton,25,1996,12.4,387,1,27,172,194,49,387,19,7,36.8,38,16,280,61,Matches
335,Kevin Mbabu,ch SUI,"DF,FW",Fulham,27,1995,1.6,114,4,38,40,38,0,114,6,4,66.7,1,2,59,11,Matches
336,Bryan Mbeumo,cm CMR,FW,Brentford,22,1999,32.3,1335,24,177,425,755,125,1334,88,45,51.1,72,54,862,235,Matches
337,James McArthur,sct SCO,MF,Crystal Palace,34,1987,0.6,60,5,22,29,9,0,60,2,1,50,1,3,40,0,Matches
338,Alex McCarthy,eng ENG,GK,Southampton,32,1989,6,261,205,260,1,0,0,261,0,0,,0,0,133,0,Matches
339,John McGinn,sct SCO,"MF,FW",Aston Villa,27,1994,29.9,1348,37,218,756,388,45,1348,70,45,64.3,58,35,888,66,Matches
340,Scott McKenna,sct SCO,DF,Nott'ham Forest,25,1996,17.5,877,151,501,333,45,21,877,7,5,71.4,2,2,508,2,Matches
341,Weston McKennie,us USA,MF,Leeds United,23,1998,16,807,41,188,401,228,17,807,16,11,68.8,28,25,445,33,Matches
342,Dwight McNeil,eng ENG,"FW,MF",Everton,22,1999,27.8,1358,52,266,505,614,61,1357,108,54,50,53,45,762,128,Matches
343,Scott McTominay,sct SCO,MF,Manchester Utd,25,1996,12.9,618,69,205,287,132,25,618,26,13,50,24,19,359,19,Matches
344,Ben Mee,eng ENG,DF,Brentford,32,1989,36.3,2122,272,1089,887,156,71,2122,13,12,92.3,18,2,1179,14,Matches
345,Edouard Mendy,sn SEN,GK,Chelsea,30,1992,9.5,307,265,304,3,0,0,307,1,0,0,0,0,157,0,Matches
346,Nampalys Mendy,sn SEN,MF,Leicester City,30,1992,8.4,490,12,139,310,45,2,490,11,7,63.6,7,1,333,4,Matches
347,Chris Mepham,wls WAL,DF,Bournemouth,24,1997,24.4,1336,285,852,455,36,14,1336,7,3,42.9,4,3,788,1,Matches
348,Illan Meslier,fr FRA,GK,Leeds United,22,2000,34,1122,903,1116,5,2,1,1122,0,0,,1,1,424,0,Matches
349,Alexander Mighten,eng ENG,FW,Nott'ham Forest,20,2002,0.1,4,0,1,0,3,0,4,3,0,0,0,0,4,1,Matches
350,Lewis Miley,eng ENG,MF,Newcastle Utd,16,2006,0.2,9,1,3,4,2,0,9,0,0,,0,0,3,0,Matches
351,Luka Milivojević,rs SRB,MF,Crystal Palace,31,1991,5.7,321,28,117,153,55,1,321,1,1,100,4,6,178,2,Matches
352,James Milner,eng ENG,"MF,DF",Liverpool,36,1986,10.1,848,24,196,390,264,24,848,21,11,52.4,19,14,551,78,Matches
353,Yerry Mina,co COL,DF,Everton,27,1994,6.6,402,58,198,176,30,16,402,2,1,50,4,0,255,3,Matches
354,Tyrone Mings,eng ENG,DF,Aston Villa,29,1993,35,2228,384,1276,877,81,21,2228,12,6,50,8,7,1486,7,Matches
355,Tyrick Mitchell,eng ENG,DF,Crystal Palace,22,1999,32.1,1899,115,654,834,431,35,1899,30,17,56.7,35,17,957,90,Matches
356,Kaoru Mitoma,jp JPN,"FW,MF",Brighton,25,1997,25.8,1312,18,146,466,716,177,1312,129,58,45,60,33,986,260,Matches
357,Aleksandar Mitrović,rs SRB,FW,Fulham,27,1994,22.3,814,27,79,392,349,144,806,47,23,48.9,65,58,646,97,Matches
358,Kieffer Moore,wls WAL,FW,Bournemouth,29,1992,14.2,522,36,59,286,178,49,522,13,2,15.4,42,31,396,56,Matches
359,Andrew Moran,ie IRL,FW,Brighton,18,2003,0.1,6,0,0,5,1,0,6,0,0,,2,0,3,1,Matches
360,Álex Moreno,es ESP,DF,Aston Villa,29,1993,14.8,949,60,327,337,293,43,949,57,23,40.4,38,15,570,122,Matches
361,Mason Mount,eng ENG,"MF,FW",Chelsea,23,1999,18.3,969,17,110,415,455,56,969,31,15,48.4,36,29,678,114,Matches
362,Lucas Moura,br BRA,"MF,DF",Tottenham,29,1992,1.7,118,0,15,47,58,12,118,11,5,45.5,6,5,83,15,Matches
363,João Moutinho,pt POR,MF,Wolves,35,1986,19.8,1218,42,243,658,325,15,1218,15,8,53.3,14,7,769,32,Matches
364,Divin Mubama,eng ENG,FW,West Ham,17,2004,0.4,11,1,2,6,3,0,11,2,1,50,0,2,8,1,Matches
365,Mykhailo Mudryk,ua UKR,"FW,MF",Chelsea,21,2001,7.3,323,7,40,112,175,28,323,39,13,33.3,29,11,207,43,Matches
366,Jacob Murphy,eng ENG,FW,Newcastle Utd,27,1995,13.9,590,11,58,214,329,75,590,43,14,32.6,17,23,421,141,Matches
367,Enock Mwepu,zm ZAM,"FW,MF",Brighton,24,1998,2.4,116,1,12,54,53,7,116,5,1,20,10,5,80,17,Matches
368,Vitaliy Mykolenko,ua UKR,DF,Everton,23,1999,29.5,1625,124,576,693,370,26,1625,25,11,44,32,8,798,72,Matches
369,Keylor Navas,cr CRC,GK,Nott'ham Forest,35,1986,17,578,515,576,2,0,0,578,1,1,100,1,0,175,0,Matches
370,Wilfred Ndidi,ng NGA,MF,Leicester City,25,1996,18.7,1129,83,406,652,92,5,1129,15,10,66.7,14,10,659,7,Matches
371,Reiss Nelson,eng ENG,FW,Arsenal,22,1999,2.4,157,5,25,35,99,23,157,9,7,77.8,3,9,112,34,Matches
372,Neto,br BRA,GK,Bournemouth,33,1989,26.5,895,768,890,6,0,0,895,1,1,100,1,0,271,0,Matches
373,Pedro Neto,pt POR,"FW,MF",Wolves,22,2000,10.7,517,6,61,166,298,46,517,54,18,33.3,29,13,363,111,Matches
374,Rúben Neves,pt POR,MF,Wolves,25,1997,33.5,2486,177,810,1307,394,25,2483,31,19,61.3,22,13,1621,18,Matches
375,Moussa Niakhate,sn SEN,DF,Nott'ham Forest,26,1996,12.9,528,96,301,159,69,7,528,4,0,0,5,1,189,3,Matches
376,Rasmus Nissen,dk DEN,DF,Leeds United,25,1997,21.8,1276,90,470,529,282,23,1276,15,7,46.7,6,5,633,70,Matches
377,Eddie Nketiah,eng ENG,FW,Arsenal,23,1999,12.1,407,10,35,157,221,87,407,34,15,44.1,30,20,305,82,Matches
378,Matheus Nunes,pt POR,MF,Wolves,23,1998,27.4,1354,64,325,656,397,52,1354,85,44,51.8,41,39,943,129,Matches
379,Darwin Núñez,uy URU,FW,Liverpool,23,1999,18.8,633,12,51,179,412,154,633,44,18,40.9,41,27,491,181,Matches
380,Ethan Nwaneri,eng ENG,FW,Arsenal,15,2007,0,1,0,0,0,1,0,1,0,0,,0,0,0,0,Matches
381,Christian Nørgaard,dk DEN,MF,Brentford,28,1994,19.6,1050,78,338,554,165,42,1050,19,8,42.1,14,10,526,8,Matches
382,Lewis O'Brien,eng ENG,MF,Nott'ham Forest,23,1998,6.5,297,19,72,161,71,3,297,17,7,41.2,12,7,166,3,Matches
383,Odeluga Offiah,eng ENG,DF,Brighton,19,2002,0.3,35,0,11,21,3,0,35,1,1,100,1,0,19,1,Matches
384,Angelo Ogbonna,it ITA,DF,West Ham,34,1988,13.7,545,111,331,197,17,7,545,0,0,,1,3,281,2,Matches
385,Michael Olise,fr FRA,"FW,MF",Crystal Palace,20,2001,30.5,1840,25,243,709,911,86,1840,141,54,38.3,85,47,1215,243,Matches
386,Robin Olsen,se SWE,GK,Aston Villa,32,1990,3.1,141,119,139,2,0,0,141,0,0,,1,0,57,0,Matches
387,Amadou Onana,be BEL,MF,Everton,20,2001,27.6,1310,58,287,745,295,52,1310,52,18,34.6,49,17,871,49,Matches
388,Josh Onomah,eng ENG,MF,Fulham,25,1997,0.2,11,0,3,4,4,0,11,1,0,0,1,1,5,0,Matches
389,Paul Onuachu,ng NGA,FW,Southampton,28,1994,4.5,153,5,17,66,73,25,153,14,9,64.3,22,9,115,22,Matches
390,Frank Onyeka,ng NGA,MF,Brentford,24,1998,9.4,373,26,93,176,109,20,373,26,11,42.3,11,10,205,21,Matches
391,Mislav Oršić,hr CRO,MF,Southampton,29,1992,0.1,4,0,2,0,2,0,4,0,0,,0,0,1,0,Matches
392,Stefan Ortega,de GER,GK,Manchester City,29,1992,3,174,132,173,1,0,0,174,0,0,,0,0,119,0,Matches
393,Dango Ouattara,bf BFA,"MF,FW",Bournemouth,20,2002,13.8,566,42,136,210,234,64,566,74,31,41.9,39,14,336,87,Matches
394,Alex Oxlade-Chamberlain,eng ENG,"FW,MF",Liverpool,28,1993,3.7,153,4,20,69,67,17,153,14,5,35.7,12,10,110,28,Matches
395,David Ozoh,,FW,Crystal Palace,17,2005,0,4,0,0,0,4,0,4,0,0,,1,0,4,0,Matches
396,João Palhinha,pt POR,MF,Fulham,27,1995,34.5,1714,81,433,1056,247,33,1714,39,14,35.9,37,28,919,18,Matches
397,Cole Palmer,eng ENG,"MF,FW",Manchester City,20,2002,4.1,248,6,22,85,143,32,248,25,14,56,13,8,202,40,Matches
398,Emerson Palmieri,it ITA,DF,West Ham,27,1994,14.7,894,60,241,386,273,25,894,29,6,20.7,10,11,532,57,Matches
399,Lucas Paquetá,br BRA,MF,West Ham,24,1997,23.9,1475,46,239,839,419,49,1474,63,33,52.4,48,44,964,63,Matches
400,Thomas Partey,gh GHA,MF,Arsenal,29,1993,27.6,2267,78,418,1406,466,29,2267,45,35,77.8,33,19,1654,35,Matches
401,Nathan Patterson,sct SCO,"DF,MF",Everton,20,2001,14.2,836,71,310,295,238,19,836,24,11,45.8,22,9,431,51,Matches
402,Ben Pearson,eng ENG,MF,Bournemouth,27,1995,3.2,162,8,56,90,17,0,162,1,0,0,6,0,100,4,Matches
403,Facundo Pellistri,uy URU,"FW,MF",Manchester Utd,20,2001,0.7,24,0,9,7,8,1,24,3,2,66.7,2,1,14,2,Matches
404,Andreas Pereira,br BRA,MF,Fulham,26,1996,29.9,1312,14,106,608,613,66,1311,49,17,34.7,52,51,853,133,Matches
405,Ricardo Pereira,pt POR,"DF,MF",Leicester City,28,1993,5,383,23,116,183,90,4,383,7,5,71.4,7,3,217,14,Matches
406,Ayoze Pérez,es ESP,"MF,FW",Leicester City,29,1993,4.2,244,3,38,104,108,17,244,21,6,28.6,12,11,155,43,Matches
407,Ivan Perišić,hr CRO,"DF,MF",Tottenham,33,1989,23.4,1370,73,357,443,583,94,1370,40,18,45,33,14,733,181,Matches
408,Romain Perraud,fr FRA,DF,Southampton,24,1997,20.4,1153,54,360,406,395,39,1153,38,10,26.3,27,14,626,122,Matches
409,Máximo Perrone,ar ARG,MF,Manchester City,19,2003,0.2,22,0,4,12,6,2,22,0,0,,0,0,19,1,Matches
410,Cameron Peupion,au AUS,MF,Brighton,19,2002,0.1,6,0,0,3,3,1,6,0,0,,1,0,5,2,Matches
411,Kalvin Phillips,eng ENG,MF,Manchester City,26,1995,3.3,354,16,64,243,49,6,354,2,1,50,2,1,284,2,Matches
412,Nathaniel Phillips,eng ENG,DF,Liverpool,25,1997,0.7,89,3,26,63,2,1,89,0,0,,2,0,60,0,Matches
413,Jordan Pickford,eng ENG,GK,Everton,28,1994,37,1413,1030,1359,57,0,0,1413,0,0,,1,1,548,0,Matches
414,Ethan Pinnock,jm JAM,DF,Brentford,29,1993,30,1554,327,927,497,134,55,1554,6,2,33.3,6,7,745,16,Matches
415,Daniel Podence,pt POR,"FW,MF",Wolves,26,1995,19.7,889,11,120,328,456,70,889,61,24,39.3,49,30,622,148,Matches
416,Nick Pope,eng ENG,GK,Newcastle Utd,30,1992,36.2,974,821,967,7,0,0,974,0,0,,2,0,344,0,Matches
417,Pedro Porro,es ESP,"DF,MF",Tottenham,22,1999,12.6,817,45,246,293,285,25,817,41,14,34.1,15,7,480,95,Matches
418,Dennis Praet,be BEL,"MF,FW",Leicester City,28,1994,7.2,342,11,67,163,118,14,342,14,6,42.9,11,10,217,42,Matches
419,Isaac Price,nir NIR,MF,Everton,18,2003,0.4,17,1,5,10,2,0,17,1,1,100,1,0,13,0,Matches
420,Christian Pulisic,us USA,"FW,DF",Chelsea,23,1998,9.1,429,4,53,168,216,43,429,44,13,29.5,26,13,328,76,Matches
421,Aaron Ramsdale,eng ENG,GK,Arsenal,24,1998,38,1196,872,1170,28,0,0,1196,1,1,100,0,0,629,0,Matches
422,Jacob Ramsey,eng ENG,"MF,FW",Aston Villa,21,2001,29.3,1245,57,238,609,422,85,1245,77,31,40.3,62,37,819,119,Matches
423,Marcus Rashford,eng ENG,FW,Manchester Utd,24,1997,32,1212,22,102,429,704,183,1212,138,54,39.1,80,44,928,245,Matches
424,David Raya,es ESP,GK,Brentford,26,1995,38,1722,1257,1616,108,1,1,1722,1,1,100,0,0,808,0,Matches
425,Tim Ream,us USA,DF,Fulham,34,1987,32.2,2193,312,1124,1020,61,14,2193,15,10,66.7,15,5,1450,2,Matches
426,Nathan Redmond,eng ENG,DF,Southampton,28,1994,0,1,0,0,0,1,0,1,0,0,,0,0,1,1,Matches
427,Harrison Reed,eng ENG,MF,Fulham,27,1995,31.8,1585,57,292,842,463,50,1585,28,10,35.7,44,25,972,107,Matches
428,Bobby Reid,jm JAM,"FW,DF",Fulham,29,1993,27.5,1191,55,228,488,490,77,1191,53,18,34,53,32,759,186,Matches
429,Declan Rice,eng ENG,MF,West Ham,23,1999,36.4,2475,123,670,1419,433,24,2474,63,35,55.6,28,26,1642,37,Matches
430,Chris Richards,us USA,DF,Crystal Palace,22,2000,5,274,47,131,119,24,7,274,0,0,,3,2,149,3,Matches
431,Richarlison,br BRA,"MF,FW",Tottenham,25,1997,11.2,441,11,78,172,200,62,441,34,12,35.3,40,18,306,75,Matches
432,Jaïro Riedewald,nl NED,"DF,MF",Crystal Palace,25,1996,0.7,54,6,19,23,14,1,54,0,0,,0,0,28,1,Matches
433,Matt Ritchie,sct SCO,"FW,MF",Newcastle Utd,32,1989,0.4,35,1,8,12,16,1,35,1,1,100,1,0,27,9,Matches
434,Andrew Robertson,sct SCO,DF,Liverpool,28,1994,28.7,2483,79,691,1084,727,59,2483,42,17,40.5,31,7,1637,194,Matches
435,Antonee Robinson,us USA,DF,Fulham,24,1997,34.3,2260,125,778,937,580,29,2260,74,39,52.7,40,20,1263,153,Matches
436,Joel Robles,es ESP,GK,Leeds United,32,1990,4,136,101,129,8,0,0,136,0,0,,0,0,44,0,Matches
437,Marc Roca,es ESP,MF,Leeds United,25,1996,25.7,1571,47,333,914,333,26,1571,30,17,56.7,26,26,948,28,Matches
438,Marek Rodák,sk SVK,GK,Fulham,25,1996,2,65,58,65,0,0,0,65,0,0,,1,0,21,0,Matches
439,Rodri,es ESP,MF,Manchester City,26,1996,32.3,3272,119,706,1993,592,62,3272,37,25,67.6,21,19,2511,37,Matches
440,Rodrigo,es ESP,"FW,MF",Leeds United,31,1991,21.5,804,26,94,372,341,110,803,29,12,41.4,57,24,547,143,Matches
441,Mads Roerslev,dk DEN,DF,Brentford,23,1999,12.3,426,50,178,140,109,13,426,7,3,42.9,14,9,210,36,Matches
442,Cristian Romero,ar ARG,DF,Tottenham,24,1998,26.3,1923,299,976,849,111,17,1923,22,13,59.1,19,10,1226,9,Matches
443,Oriol Romeu,es ESP,MF,Southampton,30,1991,0.8,37,2,5,19,14,1,37,1,1,100,1,0,20,0,Matches
444,Cristiano Ronaldo,pt POR,FW,Manchester Utd,37,1985,5.8,220,8,25,91,106,32,220,9,4,44.4,7,3,167,33,Matches
445,Connor Ronan,ie IRL,MF,Wolves,24,1998,0,4,0,0,3,1,0,4,1,1,100,0,0,3,1,Matches
446,Salomón Rondón,ve VEN,FW,Everton,32,1989,1.2,36,1,2,15,19,4,36,1,1,100,1,1,32,7,Matches
447,Joe Rothwell,eng ENG,MF,Bournemouth,27,1995,11.3,538,19,131,309,105,5,538,23,16,69.6,8,4,319,12,Matches
448,Georginio Rutter,fr FRA,"FW,MF",Leeds United,20,2002,3,124,4,13,47,65,20,124,25,9,36,15,14,86,21,Matches
449,José Sá,pt POR,GK,Wolves,29,1993,36,1277,1153,1271,7,0,0,1277,2,2,100,4,0,585,0,Matches
450,Marcel Sabitzer,at AUT,MF,Manchester Utd,28,1994,7,377,18,69,200,110,20,377,3,1,33.3,9,5,247,26,Matches
451,Allan Saint-Maximin,fr FRA,FW,Newcastle Utd,25,1997,12.4,598,5,69,198,348,77,598,99,57,57.6,31,30,456,111,Matches
452,Bukayo Saka,eng ENG,FW,Arsenal,20,2001,35.3,1882,21,160,474,1270,237,1879,161,61,37.9,78,59,1361,520,Matches
453,Mohamed Salah,eg EGY,FW,Liverpool,30,1992,36.6,1634,4,83,539,1028,301,1630,134,50,37.3,110,79,1305,421,Matches
454,William Saliba,fr FRA,DF,Arsenal,21,2001,26.8,2056,174,905,1094,64,15,2056,11,8,72.7,15,6,1423,2,Matches
455,Mohammed Salisu,gh GHA,DF,Southampton,23,1999,21.9,1504,220,755,635,124,25,1504,10,7,70,5,9,757,4,Matches
456,Albert Sambi Lokonga,be BEL,MF,Arsenal,22,1999,2.2,154,6,32,95,29,0,154,2,1,50,1,1,113,2,Matches
457,Albert Sambi Lokonga,be BEL,MF,Crystal Palace,22,1999,6,325,22,109,170,47,2,325,5,1,20,3,6,211,2,Matches
458,Davinson Sánchez,co COL,DF,Tottenham,26,1996,9.5,719,99,364,310,46,10,719,6,2,33.3,3,2,473,4,Matches
459,Robert Sanchez,es ESP,GK,Brighton,24,1997,23,,,,,,,,,,,,,,,Matches
460,Jadon Sancho,eng ENG,"FW,MF",Manchester Utd,22,2000,18.7,977,16,118,339,536,106,977,78,33,42.3,50,20,715,173,Matches
461,Morgan Sanson,fr FRA,MF,Aston Villa,27,1994,0.1,9,1,1,4,4,0,9,0,0,,1,0,5,0,Matches
462,Pablo Sarabia,es ESP,"FW,MF",Wolves,30,1992,8.5,450,9,68,189,199,22,450,12,2,16.7,9,14,312,54,Matches
463,Jeremy Sarmiento,ec ECU,MF,Brighton,20,2002,2,100,0,13,39,48,10,100,11,6,54.5,6,7,77,20,Matches
464,Gianluca Scamacca,it ITA,FW,West Ham,23,1999,10.3,273,5,13,135,128,38,273,14,6,42.9,23,18,203,48,Matches
465,Gustavo Scarpa,br BRA,"MF,FW",Nott'ham Forest,28,1994,2,108,3,24,58,27,1,108,4,1,25,1,0,71,4,Matches
466,Kevin Schade,de GER,FW,Brentford,20,2001,8.1,291,7,38,94,165,48,291,35,12,34.3,25,9,186,57,Matches
467,Fabian Schär,ch SUI,DF,Newcastle Utd,30,1991,35.6,2235,248,1101,938,213,73,2235,13,4,30.8,20,7,1341,32,Matches
468,Jeffrey Schlupp,gh GHA,"MF,FW",Crystal Palace,29,1992,28.1,1193,63,281,640,293,48,1193,56,30,53.6,33,33,707,67,Matches
469,Nélson Semedo,pt POR,DF,Wolves,28,1993,29.2,1858,139,589,837,451,29,1858,73,33,45.2,42,19,1087,147,Matches
470,Antoine Semenyo,gh GHA,"FW,MF",Bournemouth,22,2000,2.9,102,8,24,43,39,5,102,6,3,50,12,6,64,11,Matches
471,Marcos Senesi,ar ARG,DF,Bournemouth,25,1997,27.7,1647,340,1037,568,57,16,1647,13,8,61.5,15,4,983,3,Matches
472,Ryan Sessegnon,eng ENG,DF,Tottenham,22,2000,9,493,29,157,170,168,27,493,11,5,45.5,11,10,270,64,Matches
473,Luke Shaw,eng ENG,DF,Manchester Utd,27,1995,28.4,2388,175,810,1124,475,22,2388,39,14,35.9,24,8,1459,76,Matches
474,Jonjo Shelvey,eng ENG,MF,Newcastle Utd,30,1992,0.4,28,0,8,18,2,0,28,0,0,,0,0,17,0,Matches
475,Jonjo Shelvey,eng ENG,MF,Nott'ham Forest,30,1992,6,345,23,102,209,35,1,345,4,4,100,3,4,214,0,Matches
476,Bernardo Silva,pt POR,"MF,FW",Manchester City,27,1994,24.5,1772,31,281,797,707,92,1772,64,28,43.8,30,31,1324,188,Matches
477,Thiago Silva,br BRA,DF,Chelsea,37,1984,26.1,2302,348,1167,1081,58,24,2302,4,3,75,6,1,1674,2,Matches
478,Ellis Simms,eng ENG,FW,Everton,21,2001,2.5,84,1,2,36,47,11,84,2,2,100,6,2,65,19,Matches
479,Luis Sinisterra,co COL,FW,Leeds United,23,1999,9.6,469,7,50,212,215,32,469,42,19,45.2,16,23,341,84,Matches
480,Oliver Skipp,eng ENG,MF,Tottenham,21,2000,16.6,915,45,245,554,124,7,915,15,11,73.3,17,16,634,25,Matches
481,Adam Smith,eng ENG,DF,Bournemouth,31,1991,32.7,1527,112,602,650,296,17,1527,30,6,20,21,4,771,54,Matches
482,Emile Smith Rowe,eng ENG,"MF,FW",Arsenal,22,2000,1.9,102,1,14,37,51,9,102,5,2,40,0,4,71,11,Matches
483,Cédric Soares,pt POR,DF,Arsenal,30,1991,0.3,27,2,8,9,10,0,27,0,0,,0,0,20,0,Matches
484,Cédric Soares,pt POR,DF,Fulham,30,1991,2.2,213,10,58,89,66,3,213,2,2,100,2,2,140,12,Matches
485,Dominic Solanke,eng ENG,"FW,MF",Bournemouth,24,1997,31.8,1012,54,157,423,454,159,1012,110,45,40.9,134,74,730,167,Matches
486,Manor Solomon,il ISR,FW,Fulham,23,1999,6.4,292,9,62,91,147,11,292,37,19,51.4,13,11,186,51,Matches
487,Tomáš Souček,cz CZE,MF,West Ham,27,1995,31.3,1366,124,432,652,288,71,1366,17,2,11.8,23,18,742,52,Matches
488,Boubakary Soumaré,fr FRA,MF,Leicester City,23,1999,18.1,1091,45,319,675,112,2,1091,22,12,54.5,26,22,733,20,Matches
489,Harry Souttar,au AUS,DF,Leicester City,23,1998,11,663,104,365,282,20,15,663,5,3,60,3,0,420,4,Matches
490,Çağlar Söyüncü,tr TUR,DF,Leicester City,26,1996,5.9,382,71,226,147,12,7,382,1,1,100,2,0,203,0,Matches
491,Djed Spence,eng ENG,"FW,DF",Tottenham,21,2000,0.1,12,0,3,1,8,2,12,1,0,0,0,2,10,2,Matches
492,Jack Stacey,eng ENG,DF,Bournemouth,26,1996,3.3,174,17,67,62,47,2,174,8,3,37.5,3,4,78,15,Matches
493,Junior Stanislas,eng ENG,MF,Bournemouth,32,1989,0.7,34,0,3,15,16,3,34,0,0,,1,1,27,5,Matches
494,Jay Stansfield,eng ENG,FW,Fulham,19,2002,1,35,2,7,14,15,7,35,0,0,,2,2,23,4,Matches
495,Jason Steele,eng ENG,GK,Brighton,31,1990,15,574,469,570,4,0,0,574,1,1,100,0,0,354,0,Matches
496,Jack Stephens,eng ENG,DF,Southampton,28,1994,0.5,33,4,8,17,8,0,33,0,0,,0,1,25,0,Matches
497,Jack Stephens,eng ENG,DF,Bournemouth,28,1994,13,665,125,364,275,28,7,665,3,3,100,5,1,398,3,Matches
498,Raheem Sterling,eng ENG,"FW,MF",Chelsea,27,1994,21,910,8,63,278,583,121,910,93,39,41.9,46,50,749,186,Matches
499,John Stones,eng ENG,"DF,MF",Manchester City,28,1994,20.5,1690,101,544,942,210,27,1690,10,6,60,8,4,1312,34,Matches
500,Pascal Struijk,nl NED,DF,Leeds United,22,1999,24.4,1619,92,538,708,379,31,1619,18,9,50,25,12,803,53,Matches
501,Kamaldeen Sulemana,gh GHA,"FW,MF",Southampton,20,2002,10.7,431,7,47,175,222,44,431,68,36,52.9,35,16,294,80,Matches
502,Crysencio Summerville,nl NED,FW,Leeds United,20,2001,15.8,637,10,99,241,311,70,637,60,24,40,45,36,438,92,Matches
503,Sam Surridge,eng ENG,FW,Nott'ham Forest,24,1998,3.6,137,9,27,55,59,15,137,5,2,40,13,4,93,17,Matches
504,Japhet Tanganga,eng ENG,DF,Tottenham,23,1999,1.6,109,5,48,59,3,0,109,2,1,50,3,1,71,2,Matches
505,Matt Targett,eng ENG,DF,Newcastle Utd,26,1995,6.8,463,20,149,186,131,0,463,2,2,100,5,6,241,13,Matches
506,James Tarkowski,eng ENG,DF,Everton,29,1992,38,2119,369,1090,926,113,81,2119,10,9,90,22,5,1209,11,Matches
507,Marcus Tavernier,eng ENG,"MF,FW",Bournemouth,23,1999,19.4,1008,37,200,390,450,59,1008,96,45,46.9,46,40,636,137,Matches
508,Tetê,br BRA,FW,Leicester City,22,2000,8.2,350,5,59,165,134,30,350,33,20,60.6,19,13,237,55,Matches
509,Kenny Tete,nl NED,DF,Fulham,26,1995,28.5,1896,107,556,877,489,30,1896,37,21,56.8,22,24,946,69,Matches
510,Luke Thomas,eng ENG,DF,Leicester City,21,2001,11.9,786,39,319,359,115,3,786,12,6,50,9,8,414,13,Matches
511,Youri Tielemans,be BEL,MF,Leicester City,25,1997,26,1877,62,436,1080,382,14,1875,35,26,74.3,33,15,1309,56,Matches
512,Kieran Tierney,sct SCO,DF,Arsenal,25,1997,8.8,579,23,153,244,183,15,579,12,3,25,7,0,338,31,Matches
513,Harry Toffolo,eng ENG,DF,Nott'ham Forest,26,1995,10.4,498,48,175,179,151,12,498,9,3,33.3,10,6,223,43,Matches
514,Takehiro Tomiyasu,jp JPN,DF,Arsenal,23,1998,7.4,557,26,138,293,130,17,557,4,1,25,7,4,344,28,Matches
515,James Tomkins,eng ENG,DF,Crystal Palace,33,1989,3.8,208,34,142,59,7,3,208,1,1,100,2,1,130,1,Matches
516,Ivan Toney,eng ENG,FW,Brentford,26,1996,32.8,1219,50,141,529,557,156,1212,54,16,29.6,100,47,889,165,Matches
517,Adama Traoré,es ESP,"FW,MF",Wolves,26,1996,16.6,714,18,102,251,379,56,714,104,49,47.1,59,27,555,156,Matches
518,Bertrand Traoré,bf BFA,"FW,MF",Aston Villa,26,1995,2.6,114,0,8,41,66,13,114,4,1,25,8,7,89,28,Matches
519,Boubacar Traoré,ml MLI,MF,Wolves,20,2001,4.6,185,6,51,110,26,2,185,9,4,44.4,3,3,104,2,Matches
520,Mark Travers,ie IRL,GK,Bournemouth,23,1999,11.5,402,373,401,1,0,0,402,0,0,,0,0,145,0,Matches
521,Kieran Trippier,eng ENG,DF,Newcastle Utd,31,1990,37.1,3102,124,774,1282,1066,26,3102,35,19,54.3,27,9,1593,151,Matches
522,Leandro Trossard,be BEL,FW,Arsenal,27,1994,10.3,567,9,64,179,331,43,567,26,15,57.7,18,23,417,102,Matches
523,Leandro Trossard,be BEL,"FW,MF",Brighton,27,1994,14.6,697,3,62,278,368,90,697,40,14,35,38,26,531,118,Matches
524,Kostas Tsimikas,gr GRE,DF,Liverpool,26,1996,8.6,713,23,170,281,268,22,713,15,4,26.7,13,7,409,77,Matches
525,Deniz Undav,de GER,"FW,MF",Brighton,26,1996,7,231,4,19,97,116,42,231,6,4,66.7,13,8,179,40,Matches
526,Valery,es ESP,"DF,MF",Southampton,22,1999,0.5,,,,,,,,,,,,,,,Matches
527,Virgil van Dijk,nl NED,DF,Liverpool,31,1991,31.5,2876,361,1327,1427,128,66,2876,1,1,100,7,0,2085,8,Matches
528,Raphaël Varane,fr FRA,DF,Manchester Utd,29,1993,21.2,1293,153,611,631,54,18,1293,10,6,60,2,1,850,4,Matches
529,Jamie Vardy,eng ENG,FW,Leicester City,35,1987,20.6,438,32,59,176,206,71,437,29,12,41.4,33,16,261,101,Matches
530,Joël Veltman,nl NED,DF,Brighton,30,1992,24.3,1740,92,563,895,293,23,1740,20,5,25,20,10,1065,49,Matches
531,Fabio Vieira,pt POR,"MF,FW",Arsenal,22,2000,5.7,356,6,27,162,170,27,356,18,6,33.3,13,8,255,40,Matches
532,Matías Viña,uy URU,DF,Bournemouth,24,1997,5.1,289,27,114,105,74,11,289,24,10,41.7,11,6,136,19,Matches
533,Rúben Vinagre,pt POR,"DF,MF",Everton,23,1999,0.3,31,1,7,16,9,0,31,3,1,33.3,1,1,17,1,Matches
534,Carlos Vinícius,br BRA,FW,Fulham,27,1995,12.3,329,11,24,136,173,56,329,15,5,33.3,48,23,248,46,Matches
535,Theo Walcott,eng ENG,"FW,MF",Southampton,33,1989,12.5,384,13,75,151,169,44,384,24,12,50,24,12,256,62,Matches
536,Kyle Walker,eng ENG,DF,Manchester City,32,1990,21.8,1996,57,438,1198,370,15,1996,19,13,68.4,14,6,1542,75,Matches
537,Kyle Walker-Peters,eng ENG,DF,Southampton,25,1997,29.4,1692,90,469,731,520,50,1692,103,49,47.6,39,43,917,114,Matches
538,Aaron Wan-Bissaka,eng ENG,DF,Manchester Utd,24,1997,15.9,1026,75,346,400,286,44,1026,35,17,48.6,14,10,600,64,Matches
539,Danny Ward,wls WAL,GK,Leicester City,29,1993,26,1000,806,996,5,0,0,1000,0,0,,0,0,482,0,Matches
540,Joel Ward,eng ENG,DF,Crystal Palace,32,1989,25.1,1469,119,546,637,292,21,1469,9,7,77.8,25,10,761,46,Matches
541,James Ward-Prowse,eng ENG,MF,Southampton,27,1994,37.5,2484,97,447,1380,667,28,2480,20,7,35,26,22,1462,58,Matches
542,Ollie Watkins,eng ENG,FW,Aston Villa,26,1995,34.7,927,47,86,365,488,164,925,65,18,27.7,82,39,684,196,Matches
543,Adam Webster,eng ENG,DF,Brighton,27,1995,22.1,1888,170,819,969,108,27,1888,8,3,37.5,11,5,1369,9,Matches
544,Wout Weghorst,nl NED,"FW,MF",Manchester Utd,29,1992,8.9,291,16,45,151,97,26,291,12,4,33.3,15,12,206,41,Matches
545,Danny Welbeck,eng ENG,FW,Brighton,31,1990,20.6,693,23,44,281,376,117,693,45,22,48.9,60,23,519,134,Matches
546,Ben White,eng ENG,DF,Arsenal,24,1997,33.9,2532,103,554,1305,685,48,2532,29,8,27.6,27,7,1698,124,Matches
547,Harvey White,eng ENG,MF,Tottenham,20,2001,0.1,8,0,0,4,4,0,8,0,0,,0,0,5,1,Matches
548,Joseph Whitworth,eng ENG,GK,Crystal Palace,18,2004,2,87,79,87,0,0,0,87,0,0,,0,0,50,0,Matches
549,Neco Williams,wls WAL,DF,Nott'ham Forest,21,2001,20.9,1153,82,445,422,309,23,1153,55,19,34.5,31,17,532,67,Matches
550,Willian,br BRA,FW,Fulham,33,1988,23.6,1121,10,118,419,602,78,1121,71,37,52.1,44,25,831,152,Matches
551,Joe Willock,eng ENG,MF,Newcastle Utd,22,1999,28.4,1324,37,202,586,556,114,1324,93,37,39.8,65,27,896,152,Matches
552,Callum Wilson,eng ENG,FW,Newcastle Utd,30,1992,20.9,482,8,25,179,281,124,479,36,12,33.3,72,36,360,118,Matches
553,Harry Wilson,wls WAL,FW,Fulham,25,1997,12.2,551,18,89,214,253,37,551,33,12,36.4,23,15,397,87,Matches
554,Yoane Wissa,cd COD,FW,Brentford,25,1996,17.8,517,14,67,193,268,62,517,44,20,45.5,41,25,345,104,Matches
555,Maximilian Wöber,at AUT,DF,Leeds United,24,1998,14.1,858,110,381,400,81,17,858,1,0,0,6,2,438,15,Matches
556,Chris Wood,nz NZL,FW,Newcastle Utd,30,1991,5,149,8,19,70,60,16,148,2,1,50,12,5,101,23,Matches
557,Chris Wood,nz NZL,FW,Nott'ham Forest,30,1991,4.1,99,4,12,57,31,8,99,2,0,0,11,6,79,12,Matches
558,Joe Worrall,eng ENG,DF,Nott'ham Forest,25,1997,24.7,1408,213,813,524,75,29,1408,4,3,75,6,4,796,1,Matches
559,Granit Xhaka,ch SUI,MF,Arsenal,29,1992,33.3,1891,84,341,900,658,106,1891,28,15,53.6,35,25,1397,175,Matches
560,Ryan Yates,eng ENG,MF,Nott'ham Forest,24,1997,20.4,790,66,235,418,143,34,790,9,4,44.4,18,15,384,27,Matches
561,Ashley Young,eng ENG,DF,Aston Villa,37,1985,22.6,1411,86,502,675,252,10,1411,22,8,36.4,18,5,767,33,Matches
562,Illia Zabarnyi,ua UKR,DF,Bournemouth,19,2002,3.3,234,37,159,74,2,0,234,2,1,50,3,2,174,0,Matches
563,Wilfried Zaha,ci CIV,"FW,MF",Crystal Palace,29,1992,25.4,1040,12,100,388,567,143,1038,137,55,40.1,95,82,821,238,Matches
564,Denis Zakaria,ch SUI,MF,Chelsea,25,1996,4.6,218,12,66,112,44,2,218,8,5,62.5,4,9,159,3,Matches
565,Jordan Zemura,zw ZIM,DF,Bournemouth,22,1999,16.2,808,46,302,297,222,31,808,40,18,45,35,16,409,48,Matches
566,Oleksandr Zinchenko,ua UKR,DF,Arsenal,25,1996,23.5,2112,77,463,1058,610,33,2112,25,15,60,16,15,1398,68,Matches
567,Hakim Ziyech,ma MAR,"FW,MF",Chelsea,29,1993,7.3,505,12,74,184,251,17,505,33,14,42.4,12,13,354,69,Matches
568,Kurt Zouma,fr FRA,DF,West Ham,27,1994,22.1,1050,230,654,364,35,29,1050,5,2,40,6,1,621,1,Matches
569,Martin Ødegaard,no NOR,MF,Arsenal,23,1998,34.7,2100,27,199,864,1060,122,2100,83,48,57.8,42,45,1550,193,Matches