Rk,Player,Nation,Pos,Squad,Age,Born,90s,SCA,SCA90,PassLive,PassDead,TO,Sh,Fld,Def,GCA,GCA90,PassLive,PassDead,TO,Sh,Fld,Def,Matches
1,Antony,br BRA,FW,Manchester Utd,23,2000,14.7,55,3.74,45,1,2,0,4,3,3,0.2,1,0,0,0,0,2,Matches
2,James Garner,eng ENG,MF,Everton,22,2001,33.4,98,2.94,58,22,3,6,4,5,8,0.24,3,1,0,1,1,2,Matches
3,Cole Palmer,eng ENG,"FW,MF",Chelsea,21,2002,29,162,5.59,116,12,14,10,5,5,26,0.9,20,0,1,2,1,2,Matches
4,Simon Adingra,ci CIV,FW,Brighton,21,2002,24.7,77,3.12,51,1,13,7,3,2,4,0.16,3,0,0,0,0,1,Matches
5,Rodrigo Bentancur,uy URU,MF,Tottenham,26,1997,11.2,31,2.78,26,0,1,2,0,2,4,0.36,3,0,0,0,0,1,Matches
6,Jarrod Bowen,eng ENG,FW,West Ham,26,1996,33.5,81,2.42,55,7,6,5,6,2,12,0.36,9,1,0,1,0,1,Matches
7,Moisés Caicedo,ec ECU,MF,Chelsea,21,2001,31.8,66,2.07,52,0,3,1,6,4,12,0.38,11,0,0,0,0,1,Matches
8,Lewis Cook,eng ENG,MF,Bournemouth,26,1997,31,77,2.49,48,22,2,2,0,3,4,0.13,3,0,0,0,0,1,Matches
9,Matheus Cunha,br BRA,"FW,MF",Wolves,24,1999,27.1,78,2.88,46,1,12,8,8,3,13,0.48,9,0,1,1,1,1,Matches
10,Tom Davies,eng ENG,MF,Sheffield Utd,25,1998,2.5,6,2.44,4,0,0,1,0,1,1,0.41,0,0,0,0,0,1,Matches
11,Rúben Dias,pt POR,DF,Manchester City,26,1997,28.4,35,1.23,28,0,0,5,0,2,4,0.14,2,0,0,1,0,1,Matches
12,Jhon Durán,co COL,"FW,MF",Aston Villa,19,2003,5.3,12,2.27,8,0,1,1,1,1,4,0.76,1,0,1,0,1,1,Matches
13,Anthony Elanga,se SWE,"FW,MF",Nott'ham Forest,21,2002,27,70,2.59,53,0,6,6,4,1,13,0.48,12,0,0,0,0,1,Matches
14,Harvey Elliott,eng ENG,"MF,FW",Liverpool,20,2003,15,78,5.19,61,9,2,3,1,2,10,0.67,6,1,1,0,1,1,Matches
15,Christian Eriksen,dk DEN,MF,Manchester Utd,31,1992,12.7,46,3.63,36,8,0,0,0,2,3,0.24,2,0,0,0,0,1,Matches
16,Pablo Fornals,es ESP,"MF,FW",West Ham,27,1996,4.7,16,3.37,13,0,0,0,1,2,1,0.21,0,0,0,0,0,1,Matches
17,Conor Gallagher,eng ENG,MF,Chelsea,23,2000,34.8,109,3.14,78,15,5,4,1,6,14,0.4,7,5,0,1,0,1,Matches
18,Alejandro Garnacho,ar ARG,FW,Manchester Utd,19,2004,28.5,119,4.17,80,0,13,13,12,1,15,0.53,10,0,1,1,2,1,Matches
19,Ben Godfrey,eng ENG,DF,Everton,25,1998,12.4,17,1.37,9,1,0,5,0,2,3,0.24,1,0,0,1,0,1,Matches
20,Brennan Johnson,wls WAL,FW,Tottenham,22,2001,23.2,70,3.02,55,0,4,6,3,2,13,0.56,11,0,0,1,0,1,Matches
21,Milos Kerkez,hu HUN,DF,Bournemouth,19,2003,21.9,32,1.46,25,0,0,4,2,1,4,0.18,2,0,0,0,1,1,Matches
22,Justin Kluivert,nl NED,"MF,FW",Bournemouth,24,1999,21.3,59,2.77,37,0,9,6,4,3,5,0.23,3,0,1,0,0,1,Matches
23,Ezri Konsa,eng ENG,DF,Aston Villa,25,1997,34.1,34,1,25,1,2,2,3,1,6,0.18,3,1,0,0,1,1,Matches
24,Dejan Kulusevski,se SWE,"FW,MF",Tottenham,23,2000,30.7,127,4.14,104,1,9,11,0,2,8,0.26,6,0,1,0,0,1,Matches
25,James Maddison,eng ENG,MF,Tottenham,26,1996,23.7,161,6.79,110,22,10,6,10,3,19,0.8,13,1,2,1,1,1,Matches
26,Orel Mangala,be BEL,MF,Nott'ham Forest,25,1998,17.4,20,1.15,17,0,0,0,1,2,2,0.12,1,0,0,0,0,1,Matches
27,Scott McTominay,sct SCO,"MF,FW",Manchester Utd,26,1996,21.1,26,1.23,18,0,1,4,1,2,2,0.09,1,0,0,0,0,1,Matches
28,Lewis Miley,eng ENG,MF,Newcastle Utd,17,2006,13.4,31,2.32,24,0,2,3,0,2,5,0.37,4,0,0,0,0,1,Matches
29,Amadou Onana,be BEL,MF,Everton,21,2001,23.2,56,2.41,47,0,1,3,4,1,1,0.04,0,0,0,0,0,1,Matches
30,Emerson Palmieri,it ITA,DF,West Ham,28,1994,34.9,74,2.12,49,6,3,4,8,4,12,0.34,6,2,1,1,1,1,Matches
31,Bobby Reid,jm JAM,FW,Fulham,30,1993,15.8,35,2.17,29,0,1,3,0,2,4,0.25,3,0,0,0,0,1,Matches
32,Rodri,es ESP,MF,Manchester City,27,1996,32.6,157,4.82,130,2,8,5,6,6,23,0.71,17,0,3,1,1,1,Matches
33,Fabian Schär,ch SUI,DF,Newcastle Utd,31,1991,33.9,47,1.39,33,2,2,4,5,1,12,0.35,8,0,0,0,3,1,Matches
34,Nélson Semedo,pt POR,"DF,MF",Wolves,29,1993,34.3,60,1.75,46,0,3,2,6,3,3,0.09,2,0,0,0,0,1,Matches
35,Antoine Semenyo,gh GHA,FW,Bournemouth,23,2000,23.4,72,3.08,50,0,11,9,1,1,7,0.3,4,0,0,1,1,1,Matches
36,Youri Tielemans,be BEL,"MF,FW",Aston Villa,26,1997,18,49,2.72,40,1,1,3,2,2,16,0.89,14,0,0,1,0,1,Matches
37,Kieran Trippier,eng ENG,DF,Newcastle Utd,32,1990,24.8,101,4.07,68,28,1,0,2,2,11,0.44,7,3,0,0,0,1,Matches
38,Max Aarons,eng ENG,DF,Bournemouth,23,2000,13.7,23,1.68,16,4,0,0,3,0,2,0.15,2,0,0,0,0,0,Matches
39,Joshua Acheampong,eng ENG,DF,Chelsea,17,2006,0.1,1,15,0,1,0,0,0,0,0,0,0,0,0,0,0,0,Matches
40,Bénie Adama Traore,ci CIV,"FW,MF",Sheffield Utd,20,2002,4.3,6,1.4,6,0,0,0,0,0,1,0.23,1,0,0,0,0,0,Matches
41,Tyler Adams,us USA,MF,Bournemouth,24,1999,1.3,3,2.25,2,1,0,0,0,0,0,0,0,0,0,0,0,0,Matches
42,Tosin Adarabioyo,eng ENG,DF,Fulham,25,1997,18,10,0.56,6,0,0,4,0,0,0,0,0,0,0,0,0,0,Matches
43,Elijah Adebayo,eng ENG,FW,Luton Town,25,1998,15.8,31,1.97,19,0,5,5,2,0,5,0.32,2,0,0,3,0,0,Matches
44,Nayef Aguerd,ma MAR,DF,West Ham,27,1996,20.6,14,0.68,12,1,0,1,0,0,0,0,0,0,0,0,0,0,Matches
45,Brandon Aguilera,cr CRC,FW,Nott'ham Forest,20,2003,0.1,0,0,0,0,0,0,0,0,0,0,0,0,0,0,0,0,Matches
46,Naouirou Ahamada,fr FRA,"MF,FW",Crystal Palace,21,2002,3.9,9,2.3,9,0,0,0,0,0,3,0.77,3,0,0,0,0,0,Matches
47,Anel Ahmedhodžić,ba BIH,DF,Sheffield Utd,24,1999,29.4,26,0.88,23,0,0,3,0,0,1,0.03,0,0,0,1,0,0,Matches
48,Ola Aina,ng NGA,DF,Nott'ham Forest,26,1996,18.8,38,2.02,25,5,3,1,3,1,1,0.05,1,0,0,0,0,0,Matches
49,Rayan Aït-Nouri,dz ALG,"DF,MF",Wolves,22,2001,25.9,65,2.51,41,9,6,3,6,0,5,0.19,2,0,0,0,3,0,Matches
50,Kristoffer Ajer,no NOR,DF,Brentford,25,1998,20.4,27,1.33,24,0,1,2,0,0,3,0.15,3,0,0,0,0,0,Matches
51,Manuel Akanji,ch SUI,"DF,MF",Manchester City,28,1995,27.9,55,1.97,45,1,0,3,2,4,4,0.14,4,0,0,0,0,0,Matches
52,Nathan Aké,nl NED,DF,Manchester City,28,1995,22.7,36,1.59,28,0,2,4,1,1,6,0.26,3,0,1,2,0,0,Matches
53,Thiago Alcántara,es ESP,MF,Liverpool,32,1991,0.1,0,0,0,0,0,0,0,0,0,0,0,0,0,0,0,0,Matches
54,Trent Alexander-Arnold,eng ENG,DF,Liverpool,24,1998,23.9,126,5.27,80,33,5,6,0,2,7,0.29,4,3,0,0,0,0,Matches
55,Alisson,br BRA,GK,Liverpool,30,1992,28,11,0.39,10,1,0,0,0,0,0,0,0,0,0,0,0,0,Matches
56,Miguel Almirón,py PAR,FW,Newcastle Utd,29,1994,21.5,52,2.41,40,1,3,7,1,0,4,0.19,2,1,0,1,0,0,Matches
57,Edson Álvarez,mx MEX,MF,West Ham,25,1997,26.4,32,1.21,24,0,2,3,0,3,2,0.08,2,0,0,0,0,0,Matches
58,Julián Álvarez,ar ARG,"MF,FW",Manchester City,23,2000,29.4,118,4.01,74,28,4,10,2,0,15,0.51,12,1,0,0,2,0,Matches
59,Zeki Amdouni,ch SUI,FW,Burnley,22,2000,21.7,50,2.3,30,0,5,7,5,3,4,0.18,1,0,2,0,1,0,Matches
60,Sofyan Amrabat,ma MAR,"MF,DF",Manchester Utd,26,1996,10.4,19,1.82,19,0,0,0,0,0,1,0.1,1,0,0,0,0,0,Matches
61,Joachim Andersen,dk DEN,DF,Crystal Palace,27,1996,37.9,47,1.24,41,1,0,3,0,2,5,0.13,5,0,0,0,0,0,Matches
62,Elliot Anderson,sct SCO,"MF,FW",Newcastle Utd,20,2002,11.4,34,2.98,28,0,4,2,0,0,3,0.26,3,0,0,0,0,0,Matches
63,Jaidon Anthony,eng ENG,FW,Bournemouth,23,1999,1.7,3,1.78,2,0,1,0,0,0,0,0,0,0,0,0,0,0,Matches
64,Michail Antonio,jm JAM,FW,West Ham,33,1990,18.8,33,1.75,18,1,5,3,4,2,5,0.27,4,0,1,0,0,0,Matches
65,Oliver Arblaster,eng ENG,MF,Sheffield Utd,19,2004,10.5,23,2.2,19,2,0,1,0,1,2,0.19,1,0,0,1,0,0,Matches
66,Cameron Archer,eng ENG,"FW,MF",Sheffield Utd,22,2001,20.4,49,2.41,32,0,9,5,1,2,4,0.2,2,0,1,1,0,0,Matches
67,Cameron Archer,eng ENG,MF,Aston Villa,22,2001,0.1,0,0,0,0,0,0,0,0,0,0,0,0,0,0,0,0,Matches
68,Alphonse Areola,fr FRA,GK,West Ham,30,1993,30,2,0.07,1,1,0,0,0,0,0,0,0,0,0,0,0,0,Matches
69,Lorenz Assignon,tg TOG,DF,Burnley,23,2000,13.7,23,1.68,18,3,1,0,1,0,2,0.15,2,0,0,0,0,0,Matches
70,Serge Aurier,ci CIV,"DF,MF",Nott'ham Forest,30,1992,9.3,15,1.62,12,1,1,0,1,0,2,0.22,2,0,0,0,0,0,Matches
71,Taiwo Awoniyi,ng NGA,FW,Nott'ham Forest,25,1997,11.6,30,2.6,22,0,2,0,4,2,6,0.52,5,0,1,0,0,0,Matches
72,Jordan Ayew,gh GHA,"FW,MF",Crystal Palace,31,1991,28.3,72,2.55,40,5,5,7,12,3,12,0.42,10,0,1,0,1,0,Matches
73,Benoît Badiashile,fr FRA,DF,Chelsea,22,2001,14.9,23,1.55,18,0,0,2,1,2,3,0.2,3,0,0,0,0,0,Matches
74,Leon Bailey,jm JAM,"MF,FW",Aston Villa,25,1997,23,97,4.22,70,7,9,7,3,1,11,0.48,7,1,1,2,0,0,Matches
75,Stefan Bajcetic,es ESP,MF,Liverpool,18,2004,0.3,0,0,0,0,0,0,0,0,0,0,0,0,0,0,0,0,Matches
76,George Baldock,gr GRE,DF,Sheffield Utd,30,1993,10.8,16,1.49,10,3,2,0,1,0,2,0.19,1,0,0,0,1,0,Matches
77,Carlos Baleba,cm CMR,MF,Brighton,19,2004,14.7,17,1.15,16,0,0,1,0,0,1,0.07,1,0,0,0,0,0,Matches
78,Fodé Ballo-Touré,sn SEN,"DF,MF",Fulham,26,1997,0.8,0,0,0,0,0,0,0,0,0,0,0,0,0,0,0,0,Matches
79,Shandon Baptiste,gd GRN,MF,Brentford,25,1998,2.5,5,1.96,4,0,1,0,0,0,1,0.39,1,0,0,0,0,0,Matches
80,Valentín Barco,ar ARG,"DF,FW",Brighton,19,2004,3.4,8,2.35,5,3,0,0,0,0,0,0,0,0,0,0,0,0,Matches
81,Ross Barkley,eng ENG,MF,Luton Town,29,1993,29.1,104,3.58,67,11,14,6,3,3,11,0.38,6,2,1,1,1,0,Matches
82,Harvey Barnes,eng ENG,"FW,MF",Newcastle Utd,25,1997,8.9,29,3.25,18,0,5,3,3,0,6,0.67,4,0,2,0,0,0,Matches
83,Chris Basham,eng ENG,"DF,MF",Sheffield Utd,35,1988,3.6,3,0.84,1,0,0,1,1,0,0,0,0,0,0,0,0,0,Matches
84,Calvin Bassey,ng NGA,DF,Fulham,23,1999,25.6,15,0.59,13,0,0,2,0,0,2,0.08,0,0,0,2,0,0,Matches
85,Owen Beck,wls WAL,DF,Liverpool,20,2002,0.1,0,0,0,0,0,0,0,0,0,0,0,0,0,0,0,0,Matches
86,Donny van de Beek,nl NED,DF,Manchester Utd,26,1997,0,1,30,1,0,0,0,0,0,0,0,0,0,0,0,0,0,Matches
87,Amari'i Bell,jm JAM,DF,Luton Town,29,1994,19.1,25,1.31,22,0,0,0,2,1,3,0.16,3,0,0,0,0,0,Matches
88,Jean-Ricner Bellegarde,fr FRA,"MF,FW",Wolves,25,1998,10.6,30,2.81,20,2,6,1,1,0,2,0.19,1,0,1,0,0,0,Matches
89,Anis Ben Slimane,tn TUN,MF,Sheffield Utd,22,2001,4.7,12,2.58,8,1,1,1,0,1,0,0,0,0,0,0,0,0,Matches
90,Saïd Benrahma,dz ALG,"FW,MF",West Ham,27,1995,6.9,26,3.77,23,0,3,0,0,0,1,0.15,1,0,0,0,0,0,Matches
91,Daniel Bentley,eng ENG,GK,Wolves,30,1993,4.3,1,0.23,1,0,0,0,0,0,0,0,0,0,0,0,0,0,Matches
92,Jóhann Berg Guðmundsson,is ISL,"MF,FW",Burnley,32,1990,13.2,50,3.78,28,17,0,2,3,0,5,0.38,3,2,0,0,0,0,Matches
93,Sander Berge,no NOR,MF,Burnley,25,1998,33.4,67,2.01,63,0,3,0,1,0,8,0.24,7,0,1,0,0,0,Matches
94,Luke Berry,eng ENG,"MF,DF",Luton Town,31,1992,3.6,6,1.67,2,1,1,2,0,0,1,0.28,0,0,1,0,0,0,Matches
95,Beto,gw GNB,FW,Everton,25,1998,10.6,32,3.03,19,0,6,3,2,2,1,0.09,1,0,0,0,0,0,Matches
96,Jordan Beyer,de GER,DF,Burnley,23,2000,13.7,10,0.73,10,0,0,0,0,0,1,0.07,1,0,0,0,0,0,Matches
97,Philip Billing,dk DEN,MF,Bournemouth,27,1996,15.5,46,2.96,40,2,1,2,1,0,5,0.32,5,0,0,0,0,0,Matches
98,Yves Bissouma,ml MLI,MF,Tottenham,26,1996,23,44,1.91,35,2,3,0,0,4,3,0.13,3,0,0,0,0,0,Matches
99,Benicio Boaitey,eng ENG,"FW,DF",Brighton,19,2004,0.4,2,4.5,1,0,0,1,0,0,0,0,0,0,0,0,0,0,Matches
100,Oscar Bobb,no NOR,"FW,MF",Manchester City,20,2003,3.4,22,6.56,16,0,4,1,1,0,6,1.79,3,0,2,0,1,0,Matches
101,Jayden Bogle,eng ENG,DF,Sheffield Utd,23,2000,31,33,1.07,26,1,3,1,2,0,1,0.03,0,0,0,1,0,0,Matches
102,Willy Boly,ci CIV,DF,Nott'ham Forest,32,1991,16,16,1,14,0,0,2,0,0,2,0.13,2,0,0,0,0,0,Matches
103,Sven Botman,nl NED,DF,Newcastle Utd,23,2000,15.3,14,0.92,12,0,0,2,0,0,3,0.2,3,0,0,0,0,0,Matches
104,Conor Bradley,nir NIR,DF,Liverpool,20,2003,8.4,27,3.22,18,1,3,2,1,2,3,0.36,2,1,0,0,0,0,Matches
105,Jarrad Branthwaite,eng ENG,DF,Everton,21,2002,34.6,25,0.72,20,0,0,1,3,1,4,0.12,3,0,0,0,1,0,Matches
106,Ben Brereton,cl CHI,"FW,MF",Sheffield Utd,24,1999,12.3,31,2.52,21,0,4,2,3,1,4,0.33,2,0,1,0,1,0,Matches
107,Rhian Brewster,eng ENG,"FW,MF",Sheffield Utd,23,2000,3.8,7,1.82,6,0,0,1,0,0,0,0,0,0,0,0,0,0,Matches
108,Armando Broja,al ALB,FW,Chelsea,21,2001,5,8,1.59,5,0,1,0,2,0,1,0.2,0,0,0,0,1,0,Matches
109,Armando Broja,al ALB,FW,Fulham,21,2001,1,1,1.01,1,0,0,0,0,0,0,0,0,0,0,0,0,0,Matches
110,Andre Brooks,eng ENG,"MF,DF",Sheffield Utd,19,2003,10.4,9,0.86,6,0,2,1,0,0,0,0,0,0,0,0,0,0,Matches
111,David Brooks,wls WAL,"FW,MF",Bournemouth,26,1997,3.1,20,6.41,16,1,1,1,1,0,3,0.96,2,0,1,0,0,0,Matches
112,Jacob Brown,sct SCO,"MF,FW",Luton Town,25,1998,11.3,15,1.33,10,0,1,1,3,0,0,0,0,0,0,0,0,0,Matches
113,Josh Brownhill,eng ENG,MF,Burnley,27,1995,25,70,2.8,43,19,1,3,3,1,6,0.24,5,1,0,0,0,0,Matches
114,Jacob Bruun Larsen,dk DEN,"MF,FW",Burnley,24,1998,13.9,46,3.31,32,11,1,1,1,0,0,0,0,0,0,0,0,0,Matches
115,Hugo Bueno,es ESP,"DF,MF",Wolves,20,2002,8.2,17,2.07,14,0,1,1,1,0,2,0.24,2,0,0,0,0,0,Matches
116,Santiago Bueno,uy URU,DF,Wolves,24,1998,9.1,5,0.55,5,0,0,0,0,0,0,0,0,0,0,0,0,0,Matches
117,Facundo Buonanotte,ar ARG,"FW,MF",Brighton,18,2004,15.2,38,2.51,26,1,2,3,5,1,2,0.13,2,0,0,0,0,0,Matches
118,Reece Burke,eng ENG,DF,Luton Town,26,1996,18.4,21,1.14,15,1,0,5,0,0,4,0.22,3,0,0,1,0,0,Matches
119,Dan Burn,eng ENG,DF,Newcastle Utd,31,1992,30.3,27,0.89,22,2,1,2,0,0,4,0.13,3,0,0,1,0,0,Matches
120,Mason Burstow,eng ENG,FW,Chelsea,19,2003,0.1,0,0,0,0,0,0,0,0,0,0,0,0,0,0,0,0,Matches
121,Tom Cairney,sct SCO,MF,Fulham,32,1991,16.5,71,4.3,62,2,2,2,1,2,13,0.79,11,0,1,0,1,0,Matches
122,Dominic Calvert-Lewin,eng ENG,FW,Everton,26,1997,24.1,54,2.24,37,0,4,7,4,2,6,0.25,3,0,0,3,0,0,Matches
123,Thomas Cannon,ie IRL,FW,Everton,20,2002,0,0,0,0,0,0,0,0,0,0,0,0,0,0,0,0,0,Matches
124,Diego Carlos,br BRA,DF,Aston Villa,30,1993,20.2,9,0.45,9,0,0,0,0,0,2,0.1,2,0,0,0,0,0,Matches
125,Cesare Casadei,it ITA,"FW,MF",Chelsea,20,2003,0.9,4,4.62,2,0,0,0,1,1,0,0,0,0,0,0,0,0,Matches
126,Casemiro,br BRA,"MF,DF",Manchester Utd,31,1992,22,41,1.86,35,2,0,3,1,0,4,0.18,4,0,0,0,0,0,Matches
127,Kaelan Casey,eng ENG,DF,West Ham,18,2004,0,0,0,0,0,0,0,0,0,0,0,0,0,0,0,0,0,Matches
128,Matty Cash,pl POL,DF,Aston Villa,25,1997,23.8,44,1.85,34,1,0,6,2,1,8,0.34,7,0,0,0,1,0,Matches
129,Timothy Castagne,be BEL,DF,Fulham,27,1995,29.3,50,1.71,39,2,4,4,0,1,2,0.07,2,0,0,0,0,0,Matches
130,Jonny Castro,es ESP,MF,Wolves,29,1994,0.1,0,0,0,0,0,0,0,0,0,0,0,0,0,0,0,0,Matches
131,Trevoh Chalobah,eng ENG,DF,Chelsea,24,1999,10.6,5,0.47,5,0,0,0,0,0,1,0.09,1,0,0,0,0,0,Matches
132,Calum Chambers,eng ENG,"MF,DF",Aston Villa,28,1995,1.7,1,0.6,1,0,0,0,0,0,0,0,0,0,0,0,0,0,Matches
133,Youssef Chermiti,pt POR,FW,Everton,19,2004,2.3,7,3.03,5,0,1,1,0,0,0,0,0,0,0,0,0,0,Matches
134,Ben Chilwell,eng ENG,DF,Chelsea,26,1996,8.4,22,2.62,11,8,0,1,2,0,2,0.24,1,0,0,1,0,0,Matches
135,Tawanda Chirewa,zw ZIM,"MF,FW",Wolves,19,2003,1.6,3,1.86,3,0,0,0,0,0,0,0,0,0,0,0,0,0,Matches
136,Leon Chiwome,eng ENG,FW,Wolves,17,2006,1.9,1,0.52,1,0,0,0,0,0,0,0,0,0,0,0,0,0,Matches
137,Tahith Chong,nl NED,"MF,FW",Luton Town,23,1999,22,49,2.22,31,0,3,2,11,2,4,0.18,2,0,0,2,0,0,Matches
138,Ryan Christie,sct SCO,MF,Bournemouth,28,1995,32.3,117,3.62,88,8,7,5,6,3,6,0.19,5,1,0,0,0,0,Matches
139,Carney Chukwuemeka,eng ENG,"MF,FW",Chelsea,19,2003,2.5,9,3.57,7,0,1,1,0,0,4,1.59,2,0,1,1,0,0,Matches
140,Bobby Clark,eng ENG,MF,Liverpool,18,2005,1,1,1.01,0,0,0,1,0,0,0,0,0,0,0,0,0,0,Matches
141,Jordan Clark,eng ENG,MF,Luton Town,29,1993,14.5,29,2,23,0,2,3,1,0,1,0.07,1,0,0,0,0,0,Matches
142,Nathaniel Clyne,eng ENG,DF,Crystal Palace,32,1991,14.9,8,0.54,6,0,0,1,0,1,1,0.07,0,0,0,1,0,0,Matches
143,Séamus Coleman,ie IRL,DF,Everton,34,1988,7.4,6,0.81,5,0,1,0,0,0,0,0,0,0,0,0,0,0,Matches
144,Nathan Collins,ie IRL,DF,Brentford,22,2001,29.5,24,0.81,22,0,0,1,0,1,2,0.07,2,0,0,0,0,0,Matches
145,Levi Colwill,eng ENG,DF,Chelsea,20,2003,20,27,1.35,21,1,1,4,0,0,3,0.15,3,0,0,0,0,0,Matches
146,Jack Cork,eng ENG,MF,Burnley,34,1989,0.3,1,3.33,1,0,0,0,0,0,0,0,0,0,0,0,0,0,Matches
147,Maxwel Cornet,ci CIV,"MF,FW",West Ham,26,1996,1.2,5,4.02,4,0,0,1,0,0,0,0,0,0,0,0,0,0,Matches
148,Vladimír Coufal,cz CZE,DF,West Ham,30,1992,34.8,77,2.21,50,18,3,2,3,1,12,0.34,12,0,0,0,0,0,Matches
149,Philippe Coutinho,br BRA,"MF,FW",Aston Villa,31,1992,0.3,2,7.2,1,0,1,0,0,0,0,0,0,0,0,0,0,0,Matches
150,Aaron Cresswell,eng ENG,"DF,FW",West Ham,33,1989,4.8,12,2.48,7,3,0,0,2,0,1,0.21,1,0,0,0,0,0,Matches
151,Marc Cucurella,es ESP,DF,Chelsea,25,1998,19.8,35,1.77,28,1,1,1,4,0,3,0.15,2,0,0,0,1,0,Matches
152,Josh Cullen,ie IRL,MF,Burnley,27,1996,22.9,66,2.89,56,6,0,1,2,1,8,0.35,6,2,0,0,0,0,Matches
153,Sam Curtis,ie IRL,DF,Sheffield Utd,17,2005,0.3,0,0,0,0,0,0,0,0,0,0,0,0,0,0,0,0,Matches
154,Mahmoud Dahoud,de GER,MF,Brighton,27,1996,5,13,2.59,13,0,0,0,0,0,2,0.4,2,0,0,0,0,0,Matches
155,Ameen Al-Dakhil,be BEL,DF,Burnley,21,2002,11.7,8,0.68,5,0,1,2,0,0,1,0.09,1,0,0,0,0,0,Matches
156,Diogo Dalot,pt POR,DF,Manchester Utd,24,1999,35.3,78,2.21,67,4,2,3,1,1,7,0.2,6,0,0,1,0,0,Matches
157,Mikkel Damsgaard,dk DEN,MF,Brentford,23,2000,9.4,26,2.78,18,3,0,3,1,1,5,0.54,3,0,0,1,1,0,Matches
158,Danilo,br BRA,MF,Nott'ham Forest,22,2001,19.9,48,2.41,34,5,4,4,1,0,4,0.2,4,0,0,0,0,0,Matches
159,Arnaut Danjuma,nl NED,"MF,FW",Everton,26,1997,6.6,18,2.72,9,0,1,5,2,1,1,0.15,0,0,0,1,0,0,Matches
160,Jayden Danns,eng ENG,FW,Liverpool,17,2006,0.1,0,0,0,0,0,0,0,0,0,0,0,0,0,0,0,0,Matches
161,Josh Dasilva,eng ENG,"DF,FW",Brentford,24,1998,0.3,1,3.75,1,0,0,0,0,0,0,0,0,0,0,0,0,0,Matches
162,David Datro Fofana,ci CIV,FW,Burnley,20,2002,9.8,18,1.84,8,0,4,4,1,1,2,0.2,0,0,2,0,0,0,Matches
163,Ben Davies,wls WAL,DF,Tottenham,30,1993,12.1,15,1.24,14,0,0,0,1,0,2,0.17,1,0,0,0,1,0,Matches
164,Craig Dawson,eng ENG,DF,Wolves,33,1990,24.5,12,0.49,8,0,0,3,0,1,1,0.04,0,0,0,1,0,0,Matches
165,Kevin De Bruyne,be BEL,MF,Manchester City,32,1991,13.6,100,7.36,73,17,2,5,3,0,16,1.18,12,3,0,0,1,0,Matches
166,Hannes Delcroix,be BEL,DF,Burnley,24,1999,6.5,7,1.07,7,0,0,0,0,0,0,0,0,0,0,0,0,0,Matches
167,Leander Dendoncker,be BEL,MF,Aston Villa,28,1995,1.3,2,1.51,1,0,0,0,1,0,1,0.76,0,0,0,0,1,0,Matches
168,Moussa Diaby,fr FRA,"FW,MF",Aston Villa,24,1999,24.2,80,3.31,64,1,6,7,2,0,10,0.41,9,0,1,0,0,0,Matches
169,Amad Diallo,ci CIV,"FW,MF",Manchester Utd,21,2002,4.3,20,4.62,16,0,3,1,0,0,0,0,0,0,0,0,0,0,Matches
170,Amadou Diallo,eng ENG,MF,Newcastle Utd,20,2003,0,0,0,0,0,0,0,0,0,0,0,0,0,0,0,0,0,Matches
171,Luis Díaz,co COL,FW,Liverpool,26,1997,29.2,163,5.58,121,1,17,15,8,1,9,0.31,9,0,0,0,0,0,Matches
172,Eric Dier,eng ENG,DF,Tottenham,29,1994,2.2,2,0.9,2,0,0,0,0,0,0,0,0,0,0,0,0,0,Matches
173,Lucas Digne,fr FRA,DF,Aston Villa,30,1993,26.8,74,2.76,48,19,0,3,3,1,4,0.15,4,0,0,0,0,0,Matches
174,Issa Diop,fr FRA,DF,Fulham,26,1997,15.8,4,0.25,4,0,0,0,0,0,0,0,0,0,0,0,0,0,Matches
175,Axel Disasi,fr FRA,DF,Chelsea,25,1998,28.7,13,0.45,13,0,0,0,0,0,0,0,0,0,0,0,0,0,Matches
176,Ben Doak,sct SCO,FW,Liverpool,17,2005,0.2,0,0,0,0,0,0,0,0,0,0,0,0,0,0,0,0,Matches
177,Lewis Dobbin,eng ENG,MF,Everton,20,2003,2.6,6,2.33,3,0,0,2,1,0,0,0,0,0,0,0,0,0,Matches
178,Matt Doherty,ie IRL,"DF,MF",Wolves,31,1992,12.8,19,1.48,18,1,0,0,0,0,0,0,0,0,0,0,0,0,Matches
179,Jeremy Doku,be BEL,"FW,MF",Manchester City,21,2002,17.7,111,6.26,82,1,17,6,5,0,15,0.85,10,0,2,1,2,0,Matches
180,Nicolás Domínguez,ar ARG,"MF,FW",Nott'ham Forest,25,1998,16.6,35,2.11,33,0,0,2,0,0,2,0.12,2,0,0,0,0,0,Matches
181,Jamie Donley,eng ENG,FW,Tottenham,18,2005,0,0,0,0,0,0,0,0,0,0,0,0,0,0,0,0,0,Matches
182,Abdoulaye Doucouré,ml MLI,"FW,MF",Everton,30,1993,29.2,67,2.29,59,0,0,6,1,1,5,0.17,3,0,0,2,0,0,Matches
183,Cheick Doucouré,ml MLI,MF,Crystal Palace,23,2000,10.2,23,2.25,19,0,1,2,0,1,3,0.29,3,0,0,0,0,0,Matches
184,Alfie Doughty,eng ENG,DF,Luton Town,23,1999,32.5,115,3.54,57,47,4,6,1,0,16,0.49,8,5,1,2,0,0,Matches
185,Tommy Doyle,eng ENG,MF,Wolves,21,2001,13.6,26,1.91,20,6,0,0,0,0,5,0.37,4,1,0,0,0,0,Matches
186,Radu Drăgușin,ro ROU,DF,Tottenham,21,2002,4.8,1,0.21,1,0,0,0,0,0,0,0,0,0,0,0,0,0,Matches
187,Martin Dúbravka,sk SVK,GK,Newcastle Utd,34,1989,22.1,0,0,0,0,0,0,0,0,0,0,0,0,0,0,0,0,Matches
188,Paul Dummett,wls WAL,DF,Newcastle Utd,31,1991,0.2,0,0,0,0,0,0,0,0,0,0,0,0,0,0,0,0,Matches
189,Lewis Dunk,eng ENG,DF,Brighton,31,1991,31.9,48,1.51,39,3,0,6,0,0,7,0.22,6,0,0,1,0,0,Matches
190,George Earthy,eng ENG,FW,West Ham,18,2004,0.4,2,5.29,2,0,0,0,0,0,0,0,0,0,0,0,0,0,Matches
191,Ederson,br BRA,GK,Manchester City,29,1993,30.9,7,0.23,5,2,0,0,0,0,2,0.06,2,0,0,0,0,0,Matches
192,Odsonne Édouard,fr FRA,"FW,MF",Crystal Palace,25,1998,17.3,45,2.6,29,0,7,7,1,1,2,0.12,2,0,0,0,0,0,Matches
193,John Egan,ie IRL,DF,Sheffield Utd,30,1992,5.4,1,0.19,0,0,0,1,0,0,0,0,0,0,0,0,0,0,Matches
194,Hjalmar Ekdal,se SWE,DF,Burnley,24,1998,4.9,2,0.41,2,0,0,0,0,0,0,0,0,0,0,0,0,0,Matches
195,Mohamed Elneny,eg EGY,MF,Arsenal,31,1992,0.3,1,3.21,1,0,0,0,0,0,0,0,0,0,0,0,0,0,Matches
196,Emerson,br BRA,DF,Tottenham,24,1999,12.9,21,1.63,15,2,0,1,2,1,3,0.23,1,2,0,0,0,0,Matches
197,Julio Enciso,py PAR,"MF,FW",Brighton,19,2004,5.3,23,4.34,15,0,5,3,0,0,2,0.38,2,0,0,0,0,0,Matches
198,Wataru Endo,jp JPN,MF,Liverpool,30,1993,19.1,54,2.82,43,0,2,4,2,3,3,0.16,3,0,0,0,0,0,Matches
199,Maxime Estève,fr FRA,DF,Burnley,21,2002,14.5,8,0.55,6,0,0,0,2,0,1,0.07,1,0,0,0,0,0,Matches
200,Pervis Estupiñán,ec ECU,DF,Brighton,25,1998,13.8,42,3.04,37,3,1,1,0,0,2,0.14,2,0,0,0,0,0,Matches
201,Jonny Evans,nir NIR,DF,Manchester Utd,35,1988,15.5,11,0.71,11,0,0,0,0,0,2,0.13,2,0,0,0,0,0,Matches
202,Eberechi Eze,eng ENG,"MF,FW",Crystal Palace,25,1998,22.8,110,4.82,54,27,11,7,10,1,11,0.48,8,0,1,0,2,0,Matches
203,Łukasz Fabiański,pl POL,GK,West Ham,38,1985,8,1,0.12,1,0,0,0,0,0,0,0,0,0,0,0,0,0,Matches
204,Romain Faivre,fr FRA,"MF,FW",Bournemouth,25,1998,0.5,1,2.2,0,0,1,0,0,0,0,0,0,0,0,0,0,0,Matches
205,Ansu Fati,es ESP,"MF,FW",Brighton,20,2002,5.8,23,3.96,16,0,1,5,0,1,3,0.52,2,0,0,1,0,0,Matches
206,Felipe,br BRA,DF,Nott'ham Forest,34,1989,4.2,4,0.97,2,0,0,1,0,1,0,0,0,0,0,0,0,0,Matches
207,Evan Ferguson,ie IRL,FW,Brighton,18,2004,15.2,22,1.45,15,0,2,1,3,1,1,0.07,0,0,0,0,1,0,Matches
208,Bruno Fernandes,pt POR,"MF,FW",Manchester Utd,28,1994,34.6,210,6.06,143,48,7,9,1,2,19,0.55,12,3,2,2,0,0,Matches
209,Enzo Fernández,ar ARG,MF,Chelsea,22,2001,24.5,82,3.34,69,5,0,3,5,0,7,0.29,5,1,0,0,1,0,Matches
210,John Fleck,sct SCO,"MF,DF",Sheffield Utd,31,1991,1,4,3.91,4,0,0,0,0,0,0,0,0,0,0,0,0,0,Matches
211,Mark Flekken,nl NED,GK,Brentford,30,1993,36.5,10,0.27,3,7,0,0,0,0,3,0.08,1,2,0,0,0,0,Matches
212,Phil Foden,eng ENG,"FW,MF",Manchester City,23,2000,31.7,144,4.54,111,9,9,6,8,1,21,0.66,16,1,1,0,3,0,Matches
213,Wes Foderingham,eng ENG,GK,Sheffield Utd,32,1991,29.4,4,0.14,4,0,0,0,0,0,0,0,0,0,0,0,0,0,Matches
214,Omari Forson,eng ENG,FW,Manchester Utd,19,2004,0.8,0,0,0,0,0,0,0,0,0,0,0,0,0,0,0,0,Matches
215,Lyle Foster,za RSA,"FW,MF",Burnley,22,2000,21.1,41,1.95,35,0,2,3,1,0,4,0.19,4,0,0,0,0,0,Matches
216,Matheus França,br BRA,"MF,FW",Crystal Palace,19,2004,2.6,8,3.1,4,3,0,0,1,0,2,0.78,1,0,0,0,1,0,Matches
217,Nathan Fraser,ie IRL,FW,Wolves,18,2005,2.1,6,2.92,5,0,0,1,0,0,0,0,0,0,0,0,0,0,Matches
218,Cody Gakpo,nl NED,"FW,MF",Liverpool,24,1999,18.3,73,3.98,47,1,6,12,5,2,10,0.55,6,0,1,2,1,0,Matches
219,Idrissa Gana Gueye,sn SEN,MF,Everton,33,1989,20.9,52,2.48,37,0,0,5,4,6,4,0.19,4,0,0,0,0,0,Matches
220,Saman Ghoddos,ir IRN,DF,Brentford,29,1993,8.2,20,2.44,10,5,1,0,3,1,0,0,0,0,0,0,0,0,Matches
221,Morgan Gibbs-White,eng ENG,"MF,FW",Nott'ham Forest,23,2000,35.1,149,4.25,86,38,9,7,8,1,18,0.51,14,3,0,1,0,0,Matches
222,Bryan Gil,es ESP,"FW,MF",Tottenham,22,2001,2.3,9,3.88,8,0,0,1,0,0,1,0.43,1,0,0,0,0,0,Matches
223,Alfie Gilchrist,eng ENG,DF,Chelsea,19,2003,2.3,3,1.31,2,1,0,0,0,0,0,0,0,0,0,0,0,0,Matches
224,Billy Gilmour,sct SCO,MF,Brighton,22,2001,23.6,69,2.93,59,5,0,2,3,0,6,0.25,5,0,0,1,0,0,Matches
225,André Gomes,pt POR,"MF,FW",Everton,30,1993,5.6,18,3.18,13,0,1,2,1,1,1,0.18,1,0,0,0,0,0,Matches
226,João Gomes,br BRA,MF,Wolves,22,2001,29.4,65,2.21,48,4,2,4,2,5,4,0.14,3,0,0,1,0,0,Matches
227,Toti Gomes,pt POR,DF,Wolves,24,1999,30.8,21,0.68,16,1,1,3,0,0,4,0.13,3,0,0,1,0,0,Matches
228,Joe Gomez,eng ENG,DF,Liverpool,26,1997,19.8,51,2.57,43,0,1,4,3,0,5,0.25,4,0,0,1,0,0,Matches
229,Sergio Gómez,es ESP,"FW,MF",Manchester City,22,2000,0.6,2,3.33,1,0,1,0,0,0,2,3.33,1,0,1,0,0,0,Matches
230,Enso Gonzalez,py PAR,"MF,DF",Wolves,18,2005,0,1,90,1,0,0,0,0,0,0,0,0,0,0,0,0,0,Matches
231,Anthony Gordon,eng ENG,FW,Newcastle Utd,22,2001,32.1,143,4.45,86,18,13,11,13,2,29,0.9,13,2,5,4,5,0,Matches
232,Kaide Gordon,eng ENG,FW,Liverpool,18,2004,0,0,0,0,0,0,0,0,0,0,0,0,0,0,0,0,0,Matches
233,Daniel Gore,eng ENG,MF,Manchester Utd,18,2004,0,0,0,0,0,0,0,0,0,0,0,0,0,0,0,0,0,Matches
234,Ryan Gravenberch,nl NED,MF,Liverpool,21,2002,12.5,44,3.54,36,0,2,6,0,0,0,0,0,0,0,0,0,0,Matches
235,Ivo Grbić,hr CRO,GK,Sheffield Utd,27,1996,8.6,2,0.23,1,1,0,0,0,0,0,0,0,0,0,0,0,0,Matches
236,Jack Grealish,eng ENG,"FW,MF",Manchester City,27,1995,11.2,54,4.82,46,0,1,2,5,0,4,0.36,4,0,0,0,0,0,Matches
237,Pascal Groß,de GER,"MF,DF",Brighton,32,1991,34.6,185,5.35,114,54,5,9,2,1,16,0.46,9,2,4,1,0,0,Matches
238,Marc Guéhi,eng ENG,DF,Crystal Palace,23,2000,22.5,22,0.98,17,0,0,2,2,1,2,0.09,2,0,0,0,0,0,Matches
239,Bruno Guimarães,br BRA,MF,Newcastle Utd,25,1997,36.3,143,3.94,110,8,10,3,6,6,19,0.52,12,0,4,2,1,0,Matches
240,Malo Gusto,fr FRA,DF,Chelsea,20,2003,19.5,52,2.67,47,2,1,0,0,2,7,0.36,7,0,0,0,0,0,Matches
241,Joško Gvardiol,hr CRO,DF,Manchester City,21,2002,25.9,54,2.09,40,1,5,2,4,2,7,0.27,6,0,0,0,1,0,Matches
242,Erling Haaland,no NOR,FW,Manchester City,23,2000,28.4,59,2.08,39,0,3,10,6,1,11,0.39,5,0,1,3,2,0,Matches
243,Antwoine Hackford,eng ENG,FW,Sheffield Utd,19,2004,0.1,0,0,0,0,0,0,0,0,0,0,0,0,0,0,0,0,Matches
244,Lewis Hall,eng ENG,DF,Newcastle Utd,18,2004,8.7,20,2.3,14,1,3,1,1,0,3,0.35,3,0,0,0,0,0,Matches
245,Gustavo Hamer,nl NED,MF,Sheffield Utd,26,1997,32.3,116,3.59,73,22,10,7,4,0,12,0.37,9,1,2,0,0,0,Matches
246,Luke Harris,wls WAL,MF,Fulham,18,2005,0.8,0,0,0,0,0,0,0,0,0,0,0,0,0,0,0,0,Matches
247,Jack Harrison,eng ENG,"MF,FW",Everton,26,1996,24.6,66,2.68,46,2,3,7,6,2,7,0.28,5,0,0,1,1,0,Matches
248,Daiki Hashioka,jp JPN,DF,Luton Town,24,1999,6.6,8,1.21,8,0,0,0,0,0,0,0,0,0,0,0,0,0,Matches
249,Kai Havertz,de GER,"MF,FW",Arsenal,24,1999,29.3,106,3.62,87,0,3,8,6,2,22,0.75,16,0,2,2,2,0,Matches
250,Jan Paul van Hecke,nl NED,DF,Brighton,23,2000,26.3,37,1.41,35,0,0,1,0,1,3,0.11,3,0,0,0,0,0,Matches
251,Hwang Hee-chan,kr KOR,"FW,MF",Wolves,27,1996,23.5,48,2.04,29,0,8,6,4,1,9,0.38,4,0,3,1,1,0,Matches
252,Dean Henderson,eng ENG,GK,Crystal Palace,26,1997,18,1,0.06,1,0,0,0,0,0,1,0.06,1,0,0,0,0,0,Matches
253,Rico Henry,eng ENG,DF,Brentford,26,1997,4.5,13,2.92,10,0,3,0,0,0,3,0.67,2,0,1,0,0,0,Matches
254,Son Heung-min,kr KOR,FW,Tottenham,31,1992,32.6,129,3.96,108,0,11,6,3,1,17,0.52,13,0,3,0,1,0,Matches
255,Aaron Hickey,sct SCO,DF,Brentford,21,2002,7.9,7,0.88,6,0,0,0,1,0,0,0,0,0,0,0,0,0,Matches
256,James Hill,eng ENG,DF,Bournemouth,21,2002,0.8,1,1.18,1,0,0,0,0,0,0,0,0,0,0,0,0,0,Matches
257,Jack Hinshelwood,eng ENG,DF,Brighton,18,2005,9.7,14,1.45,11,0,0,3,0,0,0,0,0,0,0,0,0,0,Matches
258,Mason Holgate,eng ENG,DF,Sheffield Utd,26,1996,7.9,4,0.51,2,1,0,1,0,0,0,0,0,0,0,0,0,0,Matches
259,Callum Hudson-Odoi,eng ENG,"FW,MF",Nott'ham Forest,22,2000,20.6,82,3.98,63,4,8,4,2,1,6,0.29,4,0,1,0,1,0,Matches
260,Will Hughes,eng ENG,MF,Crystal Palace,28,1995,21,48,2.29,34,9,1,0,2,2,5,0.24,5,0,0,0,0,0,Matches
261,Pierre Højbjerg,dk DEN,MF,Tottenham,27,1995,14.6,39,2.68,36,0,2,1,0,0,2,0.14,2,0,0,0,0,0,Matches
262,Rasmus Højlund,dk DEN,FW,Manchester Utd,20,2003,24,58,2.42,43,0,5,4,3,3,4,0.17,2,0,2,0,0,0,Matches
263,Igor,br BRA,DF,Brighton,25,1998,18.2,25,1.38,21,2,1,0,0,1,2,0.11,2,0,0,0,0,0,Matches
264,Danny Ings,eng ENG,FW,West Ham,31,1992,4.5,17,3.79,8,0,3,4,1,1,3,0.67,0,0,1,1,1,0,Matches
265,Tim Iroegbunam,eng ENG,MF,Aston Villa,20,2003,1.8,0,0,0,0,0,0,0,0,0,0,0,0,0,0,0,0,Matches
266,Alexander Isak,se SWE,FW,Newcastle Utd,23,1999,25.1,72,2.87,45,0,12,11,4,0,10,0.4,4,0,3,2,1,0,Matches
267,Alex Iwobi,ng NGA,MF,Everton,27,1996,1.6,12,7.77,6,1,2,3,0,0,0,0,0,0,0,0,0,0,Matches
268,Alex Iwobi,ng NGA,"FW,MF",Fulham,27,1996,24.4,103,4.23,87,0,6,9,0,1,10,0.41,8,0,0,2,0,0,Matches
269,Nicolas Jackson,sn SEN,FW,Chelsea,22,2001,31.1,95,3.05,60,1,18,8,6,2,11,0.35,7,0,2,2,0,0,Matches
270,Reece James,eng ENG,DF,Chelsea,23,1999,4.7,15,3.22,13,1,0,1,0,0,3,0.64,2,0,0,1,0,0,Matches
271,Vitaly Janelt,de GER,"MF,DF",Brentford,25,1998,33.9,80,2.36,69,2,1,3,3,2,4,0.12,3,0,0,0,1,0,Matches
272,Daniel Jebbison,eng ENG,FW,Sheffield Utd,19,2003,0.2,0,0,0,0,0,0,0,0,0,0,0,0,0,0,0,0,Matches
273,Mathias Jensen,dk DEN,MF,Brentford,27,1996,24.5,87,3.55,48,35,0,0,3,1,8,0.33,5,2,0,0,1,0,Matches
274,Gabriel Jesus,br BRA,FW,Arsenal,26,1997,16.4,59,3.59,37,1,9,5,3,4,8,0.49,4,1,1,1,1,0,Matches
275,Raúl Jiménez,mx MEX,FW,Fulham,32,1991,15.5,27,1.74,15,0,4,6,1,1,3,0.19,0,0,1,2,0,0,Matches
276,João Pedro,br BRA,"FW,MF",Brighton,21,2001,22.7,91,4.01,64,0,7,10,9,1,11,0.48,5,0,2,2,2,0,Matches
277,Joelinton,br BRA,"MF,FW",Newcastle Utd,26,1996,14.2,47,3.3,37,0,6,4,0,0,3,0.21,2,0,0,1,0,0,Matches
278,Ryan John Giles,eng ENG,"DF,MF",Luton Town,23,2000,5.6,12,2.15,8,3,1,0,0,0,0,0,0,0,0,0,0,0,Matches
279,Ben Johnson,eng ENG,"DF,FW",West Ham,23,2000,6,9,1.49,7,0,0,0,2,0,1,0.17,1,0,0,0,0,0,Matches
280,Brennan Johnson,wls WAL,"FW,MF",Nott'ham Forest,22,2001,2.6,7,2.66,3,0,2,1,1,0,3,1.14,1,0,1,0,1,0,Matches
281,Joseph Johnson,eng ENG,DF,Luton Town,17,2006,0.9,0,0,0,0,0,0,0,0,0,0,0,0,0,0,0,0,Matches
282,Sam Johnstone,eng ENG,GK,Crystal Palace,30,1993,20,2,0.1,1,1,0,0,0,0,1,0.05,0,1,0,0,0,0,Matches
283,Curtis Jones,eng ENG,MF,Liverpool,22,2001,13,36,2.78,28,0,3,3,1,1,3,0.23,3,0,0,0,0,0,Matches
284,Jorginho,it ITA,MF,Arsenal,31,1991,10.2,27,2.64,25,0,0,1,0,1,5,0.49,5,0,0,0,0,0,Matches
285,Diogo Jota,pt POR,FW,Liverpool,26,1996,12.7,48,3.77,36,0,5,3,4,0,14,1.1,7,0,4,1,2,0,Matches
286,Mads Juel Andersen,dk DEN,DF,Luton Town,25,1997,4.4,0,0,0,0,0,0,0,0,0,0,0,0,0,0,0,0,Matches
287,Hamed Junior Traorè,ci CIV,MF,Bournemouth,23,2000,0.5,4,7.66,1,0,2,1,0,0,0,0,0,0,0,0,0,0,Matches
288,Mathias Jørgensen,dk DEN,DF,Brentford,33,1990,12.1,12,0.99,11,0,0,1,0,0,0,0,0,0,0,0,0,0,Matches
289,Issa Kaboré,bf BFA,DF,Luton Town,22,2001,19.2,32,1.67,25,0,2,2,1,2,4,0.21,3,0,0,1,0,0,Matches
290,Sasa Kalajdzic,at AUT,FW,Wolves,26,1997,1.8,5,2.71,5,0,0,0,0,0,0,0,0,0,0,0,0,0,Matches
291,Boubacar Kamara,fr FRA,MF,Aston Villa,23,1999,18.4,38,2.07,33,0,0,2,1,2,3,0.16,3,0,0,0,0,0,Matches
292,Willy Kambwala,fr FRA,DF,Manchester Utd,18,2004,3.7,0,0,0,0,0,0,0,0,0,0,0,0,0,0,0,0,Matches
293,Thomas Kaminski,be BEL,GK,Luton Town,30,1992,37.8,3,0.08,2,1,0,0,0,0,0,0,0,0,0,0,0,0,Matches
294,Loris Karius,de GER,GK,Newcastle Utd,30,1993,1,0,0,0,0,0,0,0,0,0,0,0,0,0,0,0,0,Matches
295,Michael Keane,eng ENG,DF,Everton,30,1993,4.9,4,0.82,3,0,0,1,0,0,1,0.21,0,0,0,1,0,0,Matches
296,Thilo Kehrer,de GER,"DF,MF",West Ham,26,1996,0.2,0,0,0,0,0,0,0,0,0,0,0,0,0,0,0,0,Matches
297,Caoimhín Kelleher,ie IRL,GK,Liverpool,24,1998,10,2,0.2,2,0,0,0,0,0,0,0,0,0,0,0,0,0,Matches
298,Lloyd Kelly,eng ENG,DF,Bournemouth,24,1998,17.3,29,1.67,24,2,1,0,1,1,3,0.17,3,0,0,0,0,0,Matches
299,Omari Kellyman,eng ENG,FW,Aston Villa,17,2005,0.4,0,0,0,0,0,0,0,0,0,0,0,0,0,0,0,0,Matches
300,Kaine Kesler-Hayden,eng ENG,"MF,DF",Aston Villa,20,2002,0.1,0,0,0,0,0,0,0,0,0,0,0,0,0,0,0,0,Matches
301,Max Kilman,eng ENG,DF,Wolves,26,1997,38,39,1.03,34,0,2,2,0,1,0,0,0,0,0,0,0,0,Matches
302,Jakub Kiwior,pl POL,DF,Arsenal,23,2000,10.5,13,1.24,10,2,0,0,1,0,4,0.38,3,1,0,0,0,0,Matches
303,Luca Koleosho,it ITA,"MF,FW",Burnley,18,2004,10.8,28,2.59,12,0,11,2,3,0,6,0.56,2,0,3,0,1,0,Matches
304,Ibrahima Konaté,fr FRA,DF,Liverpool,24,1999,17.5,24,1.37,24,0,0,0,0,0,1,0.06,1,0,0,0,0,0,Matches
305,Cheikhou Kouyaté,sn SEN,MF,Nott'ham Forest,33,1989,2.4,8,3.4,5,0,0,2,0,1,1,0.42,1,0,0,0,0,0,Matches
306,Mateo Kovačić,hr CRO,MF,Manchester City,29,1994,17.2,54,3.14,47,0,2,4,1,0,6,0.35,5,0,0,1,0,0,Matches
307,Emil Krafth,se SWE,DF,Newcastle Utd,28,1994,10.1,18,1.77,13,3,1,0,1,0,1,0.1,1,0,0,0,0,0,Matches
308,Mohammed Kudus,gh GHA,"FW,MF",West Ham,22,2000,27.6,100,3.62,53,1,25,8,12,1,16,0.58,8,0,3,3,2,0,Matches
309,Adam Lallana,eng ENG,"MF,FW",Brighton,35,1988,9.4,28,2.96,27,0,0,0,1,0,1,0.11,1,0,0,0,0,0,Matches
310,Tariq Lamptey,gh GHA,"DF,FW",Brighton,22,2000,10.2,17,1.68,15,0,1,1,0,0,3,0.3,3,0,0,0,0,0,Matches
311,Aymeric Laporte,es ESP,DF,Manchester City,29,1994,0.1,0,0,0,0,0,0,0,0,0,0,0,0,0,0,0,0,Matches
312,Yasser Larouci,dz ALG,DF,Sheffield Utd,22,2001,5.9,8,1.36,5,1,1,1,0,0,0,0,0,0,0,0,0,0,Matches
313,Jamaal Lascelles,eng ENG,DF,Newcastle Utd,29,1993,12,8,0.67,7,0,0,0,1,0,0,0,0,0,0,0,0,0,Matches
314,Roméo Lavia,be BEL,MF,Chelsea,19,2004,0.4,0,0,0,0,0,0,0,0,0,0,0,0,0,0,0,0,Matches
315,Mario Lemina,ga GAB,MF,Wolves,29,1993,33,47,1.42,42,0,0,4,1,0,5,0.15,4,0,0,0,1,0,Matches
316,Clément Lenglet,fr FRA,DF,Aston Villa,28,1995,12.8,15,1.17,11,1,0,3,0,0,1,0.08,1,0,0,0,0,0,Matches
317,Bernd Leno,de GER,GK,Fulham,31,1992,38,1,0.03,1,0,0,0,0,0,0,0,0,0,0,0,0,0,Matches
318,Jefferson Lerma,co COL,"MF,DF",Crystal Palace,28,1994,26.7,55,2.06,49,0,1,3,1,1,4,0.15,4,0,0,0,0,0,Matches
319,Rico Lewis,eng ENG,"DF,MF",Manchester City,18,2004,9,15,1.67,15,0,0,0,0,0,0,0,0,0,0,0,0,0,Matches
320,Keane Lewis-Potter,eng ENG,"FW,DF",Brentford,22,2001,16,33,2.06,21,0,6,4,2,0,2,0.12,1,0,0,1,0,0,Matches
321,Victor Lindelöf,se SWE,DF,Manchester Utd,29,1994,14.8,19,1.29,19,0,0,0,0,0,3,0.2,3,0,0,0,0,0,Matches
322,Valentino Livramento,eng ENG,DF,Newcastle Utd,20,2002,14.6,36,2.47,28,0,2,1,3,2,5,0.34,3,0,1,0,1,0,Matches
323,Giovani Lo Celso,ar ARG,MF,Tottenham,27,1996,5.6,28,4.96,22,2,1,2,1,0,3,0.53,3,0,0,0,0,0,Matches
324,Tom Lockyer,wls WAL,DF,Luton Town,28,1994,13,10,0.77,9,0,0,0,0,1,1,0.08,1,0,0,0,0,0,Matches
325,Sean Longstaff,eng ENG,MF,Newcastle Utd,25,1997,30.5,51,1.67,43,1,1,3,3,0,7,0.23,3,1,1,1,1,0,Matches
326,Max Lowe,eng ENG,"DF,MF",Sheffield Utd,26,1997,5.6,8,1.43,7,0,0,1,0,0,1,0.18,1,0,0,0,0,0,Matches
327,Douglas Luiz,br BRA,MF,Aston Villa,25,1998,33.3,117,3.52,61,34,6,10,5,1,10,0.3,5,4,0,0,1,0,Matches
328,Saša Lukić,rs SRB,MF,Fulham,26,1996,12.5,27,2.17,19,0,1,6,0,1,0,0,0,0,0,0,0,0,Matches
329,Ian Maatsen,nl NED,"FW,MF",Chelsea,21,2002,2.3,5,2.15,3,1,0,1,0,0,0,0,0,0,0,0,0,0,Matches
330,Alexis Mac Allister,ar ARG,MF,Liverpool,24,1998,28.9,108,3.74,92,5,3,1,5,2,12,0.42,10,1,1,0,0,0,Matches
331,Noni Madueke,eng ENG,FW,Chelsea,21,2002,11.7,51,4.35,34,1,8,2,6,0,8,0.68,4,0,1,0,3,0,Matches
332,Gabriel Magalhães,br BRA,DF,Arsenal,25,1997,33.8,23,0.68,20,1,0,1,0,1,3,0.09,3,0,0,0,0,0,Matches
333,Harry Maguire,eng ENG,DF,Manchester Utd,30,1993,18.4,24,1.31,19,0,0,1,1,3,4,0.22,2,0,0,1,1,0,Matches
334,Kobbie Mainoo,eng ENG,MF,Manchester Utd,18,2005,21.4,40,1.87,31,0,3,3,2,1,8,0.37,3,0,2,2,1,0,Matches
335,Benson Manuel,ao ANG,"MF,FW",Burnley,26,1997,1.3,6,4.7,3,0,2,0,1,0,0,0,0,0,0,0,0,0,Matches
336,Solly March,eng ENG,"FW,DF",Brighton,29,1994,6.2,22,3.57,8,8,2,1,2,1,2,0.32,0,1,0,0,1,0,Matches
337,Anthony Martial,fr FRA,FW,Manchester Utd,27,1995,5,11,2.21,9,0,0,1,1,0,1,0.2,0,0,0,0,1,0,Matches
338,Gabriel Martinelli,br BRA,FW,Arsenal,22,2001,22.4,92,4.1,63,6,12,8,1,2,11,0.49,7,1,1,2,0,0,Matches
339,Emiliano Martínez,ar ARG,GK,Aston Villa,30,1992,33.5,3,0.09,3,0,0,0,0,0,1,0.03,1,0,0,0,0,0,Matches
340,Lisandro Martínez,ar ARG,DF,Manchester Utd,25,1998,7.2,7,0.98,6,0,0,0,0,1,1,0.14,1,0,0,0,0,0,Matches
341,Han-Noah Massengo,fr FRA,"MF,DF",Burnley,22,2001,0.2,0,0,0,0,0,0,0,0,0,0,0,0,0,0,0,0,Matches
342,Pape Matar Sarr,sn SEN,MF,Tottenham,20,2002,23,52,2.26,43,0,0,3,2,4,7,0.3,6,0,0,1,0,0,Matches
343,Jean-Philippe Mateta,fr FRA,FW,Crystal Palace,26,1997,25.4,65,2.56,48,0,5,6,4,2,12,0.47,8,0,1,1,2,0,Matches
344,Joël Matip,cm CMR,DF,Liverpool,31,1991,8.7,8,0.92,8,0,0,0,0,0,1,0.12,1,0,0,0,0,0,Matches
345,Alex Matos,eng ENG,MF,Chelsea,18,2004,0,0,0,0,0,0,0,0,0,0,0,0,0,0,0,0,0,Matches
346,Remi Matthews,eng ENG,GK,Crystal Palace,29,1994,0,0,0,0,0,0,0,0,0,0,0,0,0,0,0,0,0,Matches
347,Neal Maupay,fr FRA,FW,Brentford,26,1996,14.7,40,2.72,31,0,2,6,0,1,5,0.34,5,0,0,0,0,0,Matches
348,Neal Maupay,fr FRA,FW,Everton,26,1996,1.2,3,2.41,3,0,0,0,0,0,0,0,0,0,0,0,0,0,Matches
349,Konstantinos Mavropanos,gr GRE,DF,West Ham,25,1997,16.7,10,0.6,7,0,0,1,0,2,0,0,0,0,0,0,0,0,Matches
350,Bryan Mbeumo,cm CMR,FW,Brentford,23,1999,21.8,82,3.77,45,23,2,5,7,0,10,0.46,9,1,0,0,0,0,Matches
351,James Mcatee,eng ENG,"MF,FW",Sheffield Utd,20,2002,20.2,60,2.97,45,4,5,4,2,0,3,0.15,3,0,0,0,0,0,Matches
352,James Mcatee,eng ENG,MF,Manchester City,20,2002,0,0,0,0,0,0,0,0,0,0,0,0,0,0,0,0,0,Matches
353,Oliver McBurnie,sct SCO,FW,Sheffield Utd,27,1996,14.2,29,2.04,24,0,0,2,3,0,7,0.49,6,0,0,0,1,0,Matches
354,James McConnell,eng ENG,MF,Liverpool,18,2004,0,0,0,0,0,0,0,0,0,0,0,0,0,0,0,0,0,Matches
355,John McGinn,sct SCO,"MF,FW",Aston Villa,28,1994,33.3,106,3.18,88,9,6,2,1,0,14,0.42,11,1,2,0,0,0,Matches
356,Scott McKenna,sct SCO,DF,Nott'ham Forest,26,1996,4.6,2,0.43,2,0,0,0,0,0,0,0,0,0,0,0,0,0,Matches
357,Dwight McNeil,eng ENG,"MF,FW",Everton,23,1999,32.1,130,4.05,77,33,5,6,6,3,9,0.28,3,4,0,1,1,0,Matches
358,Ben Mee,eng ENG,DF,Brentford,33,1989,14.1,14,0.99,11,1,0,2,0,0,1,0.07,0,0,0,1,0,0,Matches
359,Hannibal Mejbri,tn TUN,"MF,FW",Manchester Utd,20,2003,1.5,6,4.06,5,0,0,0,1,0,0,0,0,0,0,0,0,0,Matches
360,Teden Mengi,eng ENG,DF,Luton Town,21,2002,27.4,14,0.51,11,0,2,1,0,0,0,0,0,0,0,0,0,0,Matches
361,Chris Mepham,wls WAL,DF,Bournemouth,25,1997,6.9,11,1.6,8,1,0,0,0,2,2,0.29,2,0,0,0,0,0,Matches
362,James Milner,eng ENG,"DF,MF",Brighton,37,1986,8.6,24,2.79,20,4,0,0,0,0,2,0.23,0,2,0,0,0,0,Matches
363,Tyrone Mings,eng ENG,DF,Aston Villa,30,1993,0.3,2,6,1,0,0,0,0,1,0,0,0,0,0,0,0,0,Matches
364,Tyrick Mitchell,eng ENG,"DF,MF",Crystal Palace,23,1999,35.6,47,1.32,40,2,1,2,1,1,4,0.11,4,0,0,0,0,0,Matches
365,Kaoru Mitoma,jp JPN,FW,Brighton,26,1997,16.5,62,3.76,47,0,10,3,2,0,10,0.61,6,0,3,1,0,0,Matches
366,Aleksandar Mitrović,rs SRB,FW,Fulham,28,1994,0.4,2,5.45,1,0,1,0,0,0,1,2.73,1,0,0,0,0,0,Matches
367,Jakub Moder,pl POL,"MF,DF",Brighton,24,1999,6.9,13,1.89,11,0,1,1,0,0,1,0.15,1,0,0,0,0,0,Matches
368,Gonzalo Montiel,ar ARG,DF,Nott'ham Forest,26,1997,8.9,15,1.69,14,0,0,1,0,0,2,0.22,2,0,0,0,0,0,Matches
369,Kieffer Moore,wls WAL,"FW,MF",Bournemouth,30,1992,1.2,5,4.17,5,0,0,0,0,0,0,0,0,0,0,0,0,0,Matches
370,Mikey Moore,eng ENG,MF,Tottenham,15,2007,0,0,0,0,0,0,0,0,0,0,0,0,0,0,0,0,0,Matches
371,Álex Moreno,es ESP,DF,Aston Villa,30,1993,11.5,22,1.92,19,0,2,1,0,0,1,0.09,1,0,0,0,0,0,Matches
372,Carlton Morris,eng ENG,"FW,MF",Luton Town,27,1995,31.8,71,2.23,49,0,5,10,6,1,8,0.25,4,0,0,3,1,0,Matches
373,Mason Mount,eng ENG,"MF,FW",Manchester Utd,24,1999,5.7,18,3.15,11,2,2,0,1,2,0,0,0,0,0,0,0,0,Matches
374,Divin Mubama,eng ENG,FW,West Ham,18,2004,0.9,0,0,0,0,0,0,0,0,0,0,0,0,0,0,0,0,Matches
375,Mykhailo Mudryk,ua UKR,FW,Chelsea,22,2001,17.5,60,3.43,39,10,7,1,3,0,9,0.51,3,1,2,1,2,0,Matches
376,Rodrigo Muniz,br BRA,FW,Fulham,22,2001,17.7,39,2.2,21,0,3,9,4,2,2,0.11,1,0,0,1,0,0,Matches
377,Daniel Muñoz,co COL,"DF,MF",Crystal Palace,27,1996,16,46,2.88,38,2,1,1,2,2,7,0.44,5,1,1,0,0,0,Matches
378,Finley Munroe,eng ENG,MF,Aston Villa,18,2005,0,0,0,0,0,0,0,0,0,0,0,0,0,0,0,0,0,Matches
379,Arijanet Muric,xk KVX,GK,Burnley,24,1998,10,6,0.6,5,1,0,0,0,0,1,0.1,1,0,0,0,0,0,Matches
380,Murillo,br BRA,DF,Nott'ham Forest,21,2002,31,30,0.97,20,1,5,3,1,0,4,0.13,2,1,0,0,1,0,Matches
381,Alex Murphy,ie IRL,"DF,FW",Newcastle Utd,19,2004,0.1,0,0,0,0,0,0,0,0,0,0,0,0,0,0,0,0,Matches
382,Jacob Murphy,eng ENG,"FW,DF",Newcastle Utd,28,1995,13.2,55,4.16,44,4,2,3,1,1,10,0.76,9,0,1,0,0,0,Matches
383,Vitaliy Mykolenko,ua UKR,DF,Everton,24,1999,27.4,37,1.35,32,0,1,4,0,0,3,0.11,1,0,0,2,0,0,Matches
384,Marvelous Nakamba,zw ZIM,MF,Luton Town,29,1994,12.6,13,1.03,13,0,0,0,0,0,0,0,0,0,0,0,0,0,Matches
385,Michael Ndiweni,eng ENG,FW,Newcastle Utd,19,2003,0,0,0,0,0,0,0,0,0,0,0,0,0,0,0,0,0,Matches
386,Reiss Nelson,eng ENG,FW,Arsenal,23,1999,3,9,3.02,7,1,0,1,0,0,0,0,0,0,0,0,0,0,Matches
387,Zack Nelson,eng ENG,"MF,DF",Luton Town,18,2004,0.1,0,0,0,0,0,0,0,0,0,0,0,0,0,0,0,0,Matches
388,Neto,br BRA,GK,Bournemouth,34,1989,32,5,0.16,4,1,0,0,0,0,0,0,0,0,0,0,0,0,Matches
389,Pedro Neto,pt POR,"FW,MF",Wolves,23,2000,16.8,75,4.45,41,15,8,4,7,0,14,0.83,8,2,2,1,1,0,Matches
390,Moussa Niakhate,sn SEN,DF,Nott'ham Forest,27,1996,16.2,11,0.68,8,3,0,0,0,0,0,0,0,0,0,0,0,0,Matches
391,Eddie Nketiah,eng ENG,FW,Arsenal,24,1999,12,28,2.33,17,0,3,5,3,0,8,0.67,3,0,1,1,3,0,Matches
392,Christopher Nkunku,fr FRA,"FW,MF",Chelsea,25,1997,4.9,13,2.65,10,0,1,1,1,0,1,0.2,1,0,0,0,0,0,Matches
393,Rhys Norrington-Davies,wls WAL,DF,Sheffield Utd,24,1999,1.2,1,0.82,1,0,0,0,0,0,0,0,0,0,0,0,0,0,Matches
394,Oliver Norwood,nir NIR,MF,Sheffield Utd,32,1991,16,32,2,19,12,0,1,0,0,1,0.06,1,0,0,0,0,0,Matches
395,Matheus Nunes,pt POR,MF,Wolves,24,1998,2,7,3.52,5,2,0,0,0,0,0,0,0,0,0,0,0,0,Matches
396,Matheus Nunes,pt POR,MF,Manchester City,24,1998,7.3,20,2.72,16,0,0,1,3,0,3,0.41,3,0,0,0,0,0,Matches
397,Darwin Núñez,uy URU,FW,Liverpool,24,1999,22.7,79,3.47,60,0,5,12,2,0,14,0.62,11,0,0,2,1,0,Matches
398,Ethan Nwaneri,eng ENG,FW,Arsenal,16,2007,0.2,1,6.43,1,0,0,0,0,0,0,0,0,0,0,0,0,0,Matches
399,Christian Nørgaard,dk DEN,MF,Brentford,29,1994,27.8,63,2.26,48,8,0,3,2,2,3,0.11,3,0,0,0,0,0,Matches
400,Mark O'Mahony,ie IRL,FW,Brighton,18,2005,0.7,0,0,0,0,0,0,0,0,0,0,0,0,0,0,0,0,Matches
401,Dara O'Shea,ie IRL,DF,Burnley,24,1999,32.1,32,1,27,0,0,3,1,1,6,0.19,6,0,0,0,0,0,Matches
402,Michael Obafemi,ie IRL,"FW,MF",Burnley,23,2000,0.2,1,4.29,1,0,0,0,0,0,1,4.29,1,0,0,0,0,0,Matches
403,Wilson Odobert,fr FRA,"MF,FW",Burnley,18,2004,23.3,76,3.26,55,0,10,8,3,0,4,0.17,3,0,0,1,0,0,Matches
404,Odeluga Offiah,eng ENG,DF,Brighton,20,2002,1.4,4,2.81,3,1,0,0,0,0,0,0,0,0,0,0,0,0,Matches
405,Chiedozie Ogbene,ie IRL,"MF,DF",Luton Town,26,1997,22.2,79,3.56,51,2,12,5,9,0,9,0.41,1,0,2,2,4,0,Matches
406,Angelo Ogbonna,it ITA,DF,West Ham,35,1988,7.1,0,0,0,0,0,0,0,0,0,0,0,0,0,0,0,0,Matches
407,Michael Olakigbe,eng ENG,"DF,FW",Brentford,19,2004,0.7,3,4.58,2,0,1,0,0,0,0,0,0,0,0,0,0,0,Matches
408,Michael Olise,fr FRA,"FW,MF",Crystal Palace,21,2001,14.2,82,5.79,44,15,11,5,7,0,14,0.99,11,1,2,0,0,0,Matches
409,Robin Olsen,se SWE,GK,Aston Villa,33,1990,4.5,0,0,0,0,0,0,0,0,0,0,0,0,0,0,0,0,Matches
410,Andrew Omobamidele,ie IRL,DF,Nott'ham Forest,21,2002,8.7,6,0.69,5,0,0,1,0,0,1,0.11,0,0,0,1,0,0,Matches
411,André Onana,cm CMR,GK,Manchester Utd,27,1996,38,6,0.16,6,0,0,0,0,0,1,0.03,1,0,0,0,0,0,Matches
412,Ryan One,sct SCO,FW,Sheffield Utd,17,2006,0.1,0,0,0,0,0,0,0,0,0,0,0,0,0,0,0,0,Matches
413,Tyler Onyango,eng ENG,MF,Everton,20,2003,0,0,0,0,0,0,0,0,0,0,0,0,0,0,0,0,0,Matches
414,Fred Onyedinma,eng ENG,"DF,MF",Luton Town,26,1996,4.5,5,1.11,4,1,0,0,0,0,0,0,0,0,0,0,0,0,Matches
415,Frank Onyeka,ng NGA,MF,Brentford,25,1998,12.9,32,2.48,22,0,2,3,4,1,1,0.08,0,0,0,1,0,0,Matches
416,Divock Origi,be BEL,FW,Nott'ham Forest,28,1995,6.7,16,2.38,11,1,2,1,1,0,2,0.3,2,0,0,0,0,0,Matches
417,Stefan Ortega,de GER,GK,Manchester City,30,1992,7.1,0,0,0,0,0,0,0,0,0,0,0,0,0,0,0,0,Matches
418,Ben Osborn,eng ENG,"DF,MF",Sheffield Utd,28,1994,15.2,24,1.58,22,1,0,0,1,0,3,0.2,3,0,0,0,0,0,Matches
419,Gabriel Osho,ng NGA,DF,Luton Town,24,1998,20.5,8,0.39,7,0,1,0,0,0,3,0.15,3,0,0,0,0,0,Matches
420,William Osula,dk DEN,FW,Sheffield Utd,19,2003,8.7,12,1.37,3,0,1,5,3,0,1,0.11,0,0,0,1,0,0,Matches
421,Dango Ouattara,bf BFA,"FW,DF",Bournemouth,21,2002,13.7,45,3.3,34,1,4,2,1,3,3,0.22,3,0,0,0,0,0,Matches
422,David Ozoh,eng ENG,"MF,DF",Crystal Palace,18,2005,1.7,0,0,0,0,0,0,0,0,0,0,0,0,0,0,0,0,Matches
423,João Palhinha,pt POR,MF,Fulham,28,1995,30,33,1.1,23,2,0,4,2,2,2,0.07,1,0,0,1,0,0,Matches
424,Cole Palmer,eng ENG,MF,Manchester City,21,2002,0.1,0,0,0,0,0,0,0,0,0,0,0,0,0,0,0,0,Matches
425,Lucas Paquetá,br BRA,"FW,MF",West Ham,25,1997,29.1,95,3.26,77,1,7,2,6,2,16,0.55,13,1,2,0,0,0,Matches
426,Ben Parkinson,eng ENG,FW,Newcastle Utd,18,2005,0.3,0,0,0,0,0,0,0,0,0,0,0,0,0,0,0,0,Matches
427,Thomas Partey,gh GHA,"MF,DF",Arsenal,30,1993,8.8,25,2.86,24,0,0,0,1,0,4,0.46,4,0,0,0,0,0,Matches
428,Nathan Patterson,sct SCO,DF,Everton,21,2001,11.2,20,1.79,14,3,0,1,0,2,2,0.18,2,0,0,0,0,0,Matches
429,Myles Peart-Harris,eng ENG,"DF,MF",Brentford,20,2002,0.1,1,6.92,1,0,0,0,0,0,0,0,0,0,0,0,0,0,Matches
430,Sydie Peck,eng ENG,MF,Sheffield Utd,18,2004,0.1,0,0,0,0,0,0,0,0,0,0,0,0,0,0,0,0,Matches
431,Facundo Pellistri,uy URU,"FW,MF",Manchester Utd,21,2001,1.9,3,1.57,2,0,0,0,1,0,1,0.52,1,0,0,0,0,0,Matches
432,Andreas Pereira,br BRA,MF,Fulham,27,1996,29,137,4.72,80,48,3,3,3,0,15,0.52,10,4,1,0,0,0,Matches
433,Ivan Perišić,hr CRO,FW,Tottenham,34,1989,1.1,8,6.99,6,1,1,0,0,0,2,1.75,1,1,0,0,0,0,Matches
434,Đorđe Petrović,rs SRB,GK,Chelsea,23,1999,22.1,1,0.05,1,0,0,0,0,0,0,0,0,0,0,0,0,0,Matches
435,Kalvin Phillips,eng ENG,MF,West Ham,27,1995,3.4,5,1.46,5,0,0,0,0,0,0,0,0,0,0,0,0,0,Matches
436,Kalvin Phillips,eng ENG,MF,Manchester City,27,1995,1,1,0.98,0,0,0,1,0,0,0,0,0,0,0,0,0,0,Matches
437,Jaden Philogene Bidace,eng ENG,FW,Aston Villa,21,2002,0,0,0,0,0,0,0,0,0,0,0,0,0,0,0,0,0,Matches
438,Jordan Pickford,eng ENG,GK,Everton,29,1994,38,24,0.63,14,10,0,0,0,0,0,0,0,0,0,0,0,0,Matches
439,Ethan Pinnock,jm JAM,DF,Brentford,30,1993,28,24,0.86,16,1,0,6,0,1,1,0.04,1,0,0,0,0,0,Matches
440,Nick Pope,eng ENG,GK,Newcastle Utd,31,1992,14.9,1,0.07,1,0,0,0,0,0,0,0,0,0,0,0,0,0,Matches
441,Pedro Porro,es ESP,DF,Tottenham,23,1999,34.3,107,3.12,66,28,4,5,4,0,12,0.35,9,3,0,0,0,0,Matches
442,Jarell Quansah,eng ENG,DF,Liverpool,20,2003,13.2,13,0.98,13,0,0,0,0,0,1,0.08,1,0,0,0,0,0,Matches
443,Ionuț Radu,ro ROU,GK,Bournemouth,26,1997,2,0,0,0,0,0,0,0,0,0,0,0,0,0,0,0,0,Matches
444,Jesurun Rak Sakyi,eng ENG,"MF,FW",Crystal Palace,20,2002,1.5,6,3.97,4,0,2,0,0,0,0,0,0,0,0,0,0,0,Matches
445,Aaron Ramsdale,eng ENG,GK,Arsenal,25,1998,6,0,0,0,0,0,0,0,0,0,0,0,0,0,0,0,0,Matches
446,Aaron Ramsey,eng ENG,"MF,FW",Burnley,20,2003,5.9,5,0.85,5,0,0,0,0,0,0,0,0,0,0,0,0,0,Matches
447,Jacob Ramsey,eng ENG,"FW,MF",Aston Villa,22,2001,9.5,29,3.06,23,2,1,2,0,1,3,0.32,2,1,0,0,0,0,Matches
448,Marcus Rashford,eng ENG,FW,Manchester Utd,25,1997,25.2,87,3.45,57,1,16,7,6,0,12,0.48,10,0,1,0,1,0,Matches
449,David Raya,es ESP,GK,Arsenal,27,1995,32,4,0.12,3,1,0,0,0,0,0,0,0,0,0,0,0,0,Matches
450,Tim Ream,us USA,DF,Fulham,35,1987,16.7,10,0.6,9,1,0,0,0,0,1,0.06,1,0,0,0,0,0,Matches
451,Nathan Redmond,eng ENG,"FW,MF",Burnley,29,1994,1.6,8,5.07,6,0,1,0,1,0,1,0.63,1,0,0,0,0,0,Matches
452,Harrison Reed,eng ENG,MF,Fulham,28,1995,14.7,29,1.97,25,3,0,0,1,0,5,0.34,3,2,0,0,0,0,Matches
453,Sergio Reguilón,es ESP,DF,Manchester Utd,26,1996,4.6,15,3.28,13,1,0,1,0,0,1,0.22,1,0,0,0,0,0,Matches
454,Sergio Reguilón,es ESP,DF,Brentford,26,1996,12.4,35,2.82,20,11,1,2,1,0,6,0.48,2,2,0,2,0,0,Matches
455,Gio Reyna,us USA,"FW,MF",Nott'ham Forest,20,2002,2.6,12,4.6,9,1,1,0,0,1,2,0.77,1,1,0,0,0,0,Matches
456,Rodrigo Ribeiro,pt POR,"MF,FW",Nott'ham Forest,18,2005,0.2,1,5.29,1,0,0,0,0,0,0,0,0,0,0,0,0,0,Matches
457,Declan Rice,eng ENG,MF,Arsenal,24,1999,35.8,100,2.79,71,16,3,5,0,5,12,0.33,6,5,0,1,0,0,Matches
458,Chris Richards,us USA,"DF,MF",Crystal Palace,23,2000,23.3,16,0.69,11,0,0,2,0,3,3,0.13,3,0,0,0,0,0,Matches
459,Richarlison,br BRA,FW,Tottenham,26,1997,16.6,34,2.05,23,0,3,5,2,1,5,0.3,5,0,0,0,0,0,Matches
460,Jaïro Riedewald,nl NED,"MF,FW",Crystal Palace,26,1996,2.6,1,0.38,1,0,0,0,0,0,0,0,0,0,0,0,0,0,Matches
461,Matt Ritchie,sct SCO,"FW,MF",Newcastle Utd,33,1989,1.4,3,2.11,3,0,0,0,0,0,1,0.7,1,0,0,0,0,0,Matches
462,Connor Roberts,wls WAL,DF,Burnley,27,1995,9.1,18,1.97,13,5,0,0,0,0,3,0.33,3,0,0,0,0,0,Matches
463,Andrew Robertson,sct SCO,DF,Liverpool,29,1994,18.8,97,5.16,62,33,1,0,1,0,5,0.27,3,2,0,0,0,0,Matches
464,Antonee Robinson,us USA,DF,Fulham,25,1997,36.3,69,1.9,63,2,2,0,1,1,7,0.19,7,0,0,0,0,0,Matches
465,Jack Robinson,eng ENG,DF,Sheffield Utd,29,1993,32.1,23,0.72,12,7,0,3,0,1,1,0.03,0,1,0,0,0,0,Matches
466,Jay Rodriguez,eng ENG,FW,Burnley,34,1989,9.1,13,1.42,7,0,2,4,0,0,1,0.11,1,0,0,0,0,0,Matches
467,Mads Roerslev,dk DEN,DF,Brentford,24,1999,22.1,33,1.5,29,0,3,0,0,1,3,0.14,3,0,0,0,0,0,Matches
468,Morgan Rogers,eng ENG,"MF,FW",Aston Villa,21,2002,7.1,23,3.25,18,0,3,0,2,0,4,0.57,2,0,1,0,1,0,Matches
469,Cristian Romero,ar ARG,DF,Tottenham,25,1998,31,35,1.13,28,2,0,3,0,2,2,0.06,1,0,0,1,0,0,Matches
470,Joe Rothwell,eng ENG,MF,Bournemouth,28,1995,4.3,12,2.8,6,3,1,1,1,0,1,0.23,1,0,0,0,0,0,Matches
471,Pelly Ruddock Mpanzu,cd COD,MF,Luton Town,30,1993,12.2,19,1.55,12,1,2,1,2,1,0,0,0,0,0,0,0,0,Matches
472,José Sá,pt POR,GK,Wolves,30,1993,33.7,3,0.09,3,0,0,0,0,0,1,0.03,1,0,0,0,0,0,Matches
473,Dominic Sadi,eng ENG,FW,Bournemouth,19,2003,0,0,0,0,0,0,0,0,0,0,0,0,0,0,0,0,0,Matches
474,Bukayo Saka,eng ENG,FW,Arsenal,21,2001,32.4,188,5.8,137,26,10,9,4,2,21,0.65,16,2,1,1,1,0,Matches
475,Mohamed Salah,eg EGY,FW,Liverpool,31,1992,28.2,139,4.94,103,2,7,21,5,1,20,0.71,14,0,2,3,1,0,Matches
476,William Saliba,fr FRA,DF,Arsenal,22,2001,38,29,0.76,26,0,1,2,0,0,3,0.08,3,0,0,0,0,0,Matches
477,Albert Sambi Lokonga,be BEL,MF,Luton Town,23,1999,14.5,27,1.86,22,0,0,1,3,1,3,0.21,3,0,0,0,0,0,Matches
478,Davinson Sánchez,co COL,DF,Tottenham,27,1996,0.9,1,1.17,0,0,0,1,0,0,0,0,0,0,0,0,0,0,Matches
479,Robert Sánchez,es ESP,GK,Chelsea,25,1997,15.9,2,0.13,1,1,0,0,0,0,0,0,0,0,0,0,0,0,Matches
480,Jadon Sancho,eng ENG,"FW,MF",Manchester Utd,23,2000,0.9,4,4.62,1,1,0,0,1,1,1,1.15,0,1,0,0,0,0,Matches
481,Ibrahim Sangaré,ci CIV,MF,Nott'ham Forest,25,1997,11.5,18,1.57,15,0,0,1,1,1,2,0.17,2,0,0,0,0,0,Matches
482,Andrey Santos,br BRA,MF,Nott'ham Forest,19,2004,0.1,2,22.5,2,0,0,0,0,0,0,0,0,0,0,0,0,0,Matches
483,Pablo Sarabia,es ESP,"MF,FW",Wolves,31,1992,19.4,87,4.49,49,26,2,4,5,1,11,0.57,7,4,0,0,0,0,Matches
484,Dane Scarlett,eng ENG,FW,Tottenham,19,2004,0.2,1,4.09,0,0,0,0,0,1,0,0,0,0,0,0,0,0,Matches
485,Kevin Schade,de GER,"FW,MF",Brentford,21,2001,3.7,12,3.22,8,0,1,1,2,0,3,0.81,2,0,0,0,1,0,Matches
486,Jeffrey Schlupp,gh GHA,"FW,MF",Crystal Palace,30,1992,15,28,1.86,21,0,2,1,2,2,3,0.2,3,0,0,0,0,0,Matches
487,Alex Scott,eng ENG,MF,Bournemouth,19,2003,11.3,44,3.91,32,5,2,2,2,1,3,0.27,2,0,1,0,0,0,Matches
488,Matz Sels,be BEL,GK,Nott'ham Forest,31,1992,16,1,0.06,1,0,0,0,0,0,0,0,0,0,0,0,0,0,Matches
489,Marcos Senesi,ar ARG,DF,Bournemouth,26,1997,24.9,49,1.97,44,0,0,2,1,2,8,0.32,8,0,0,0,0,0,Matches
490,Luke Shaw,eng ENG,DF,Manchester Utd,28,1995,10.7,23,2.16,13,9,1,0,0,0,0,0,0,0,0,0,0,0,Matches
491,James Shea,eng ENG,GK,Luton Town,32,1991,0.2,0,0,0,0,0,0,0,0,0,0,0,0,0,0,0,0,Matches
492,Bernardo Silva,pt POR,"MF,FW",Manchester City,28,1994,28.6,130,4.54,117,3,6,1,3,0,13,0.45,11,0,2,0,0,0,Matches
493,Fábio Silva,pt POR,FW,Wolves,21,2002,2.9,9,3.08,6,0,1,1,1,0,0,0,0,0,0,0,0,0,Matches
494,Thiago Silva,br BRA,DF,Chelsea,38,1984,28.1,27,0.96,25,1,0,1,0,0,4,0.14,3,0,0,1,0,0,Matches
495,Luis Sinisterra,co COL,"FW,MF",Bournemouth,24,1999,7.8,42,5.42,27,0,9,4,0,2,3,0.39,0,0,0,3,0,0,Matches
496,Oliver Skipp,eng ENG,"MF,DF",Tottenham,22,2000,7.9,14,1.78,13,0,0,1,0,0,2,0.25,2,0,0,0,0,0,Matches
497,Adam Smith,eng ENG,DF,Bournemouth,32,1991,23.9,31,1.3,26,4,0,0,1,0,5,0.21,5,0,0,0,0,0,Matches
498,Emile Smith Rowe,eng ENG,MF,Arsenal,23,2000,3.9,13,3.31,10,1,0,1,1,0,2,0.51,1,1,0,0,0,0,Matches
499,Cédric Soares,pt POR,DF,Arsenal,31,1991,0.7,0,0,0,0,0,0,0,0,0,0,0,0,0,0,0,0,Matches
500,Dominic Solanke,eng ENG,FW,Bournemouth,25,1997,36.9,79,2.14,61,0,6,5,4,3,6,0.16,4,0,2,0,0,0,Matches
501,Manor Solomon,il ISR,FW,Tottenham,24,1999,2.2,19,8.59,16,0,1,1,1,0,2,0.9,2,0,0,0,0,0,Matches
502,Tomáš Souček,cz CZE,MF,West Ham,28,1995,31.9,42,1.32,34,1,0,4,0,3,4,0.13,4,0,0,0,0,0,Matches
503,Vinicius Souza,br BRA,MF,Sheffield Utd,24,1999,29.6,26,0.88,22,1,0,1,0,2,3,0.1,2,0,0,1,0,0,Matches
504,Jason Steele,eng ENG,GK,Brighton,32,1990,17,0,0,0,0,0,0,0,0,0,0,0,0,0,0,0,0,Matches
505,Raheem Sterling,eng ENG,"FW,MF",Chelsea,28,1994,22,85,3.87,55,0,15,4,7,4,14,0.64,7,0,4,0,3,0,Matches
506,John Stones,eng ENG,"DF,MF",Manchester City,29,1994,11.8,23,1.95,21,0,0,0,2,0,0,0,0,0,0,0,0,0,Matches
507,Thomas Strakosha,al ALB,GK,Brentford,28,1995,1.5,0,0,0,0,0,0,0,0,0,0,0,0,0,0,0,0,Matches
508,Dominik Szoboszlai,hu HUN,MF,Liverpool,22,2000,23.4,115,4.92,84,21,4,3,3,0,7,0.3,5,0,0,1,1,0,Matches
509,Matt Targett,eng ENG,DF,Newcastle Utd,27,1995,0.9,4,4.62,4,0,0,0,0,0,0,0,0,0,0,0,0,0,Matches
510,James Tarkowski,eng ENG,DF,Everton,30,1992,38,44,1.16,38,0,1,4,0,1,3,0.08,3,0,0,0,0,0,Matches
511,Jimi Tauriainen,eng ENG,FW,Chelsea,19,2004,0,0,0,0,0,0,0,0,0,0,0,0,0,0,0,0,0,Matches
512,Nuno Tavares,pt POR,DF,Nott'ham Forest,23,2000,5.1,9,1.77,8,0,1,0,0,0,0,0,0,0,0,0,0,0,Matches
513,Marcus Tavernier,eng ENG,FW,Bournemouth,24,1999,23.5,101,4.29,72,14,5,5,4,1,9,0.38,6,2,0,0,1,0,Matches
514,Charlie Taylor,eng ENG,DF,Burnley,29,1993,25.9,34,1.31,30,0,0,2,1,1,2,0.08,1,0,0,1,0,0,Matches
515,Kenny Tete,nl NED,DF,Fulham,27,1995,9.6,15,1.56,11,0,2,1,1,0,2,0.21,1,0,0,0,1,0,Matches
516,Luke Thomas,eng ENG,DF,Sheffield Utd,22,2001,10.2,10,0.98,8,0,0,1,1,0,0,0,0,0,0,0,0,0,Matches
517,Jurriën Timber,nl NED,DF,Arsenal,22,2001,0.8,0,0,0,0,0,0,0,0,0,0,0,0,0,0,0,0,Matches
518,Harry Toffolo,eng ENG,DF,Nott'ham Forest,27,1995,16.2,25,1.54,16,7,0,2,0,0,4,0.25,4,0,0,0,0,0,Matches
519,Takehiro Tomiyasu,jp JPN,DF,Arsenal,24,1998,12.8,17,1.33,16,0,0,1,0,0,2,0.16,2,0,0,0,0,0,Matches
520,James Tomkins,eng ENG,DF,Crystal Palace,34,1989,0.1,0,0,0,0,0,0,0,0,0,0,0,0,0,0,0,0,Matches
521,Sandro Tonali,it ITA,MF,Newcastle Utd,23,2000,4.9,12,2.47,10,1,0,0,1,0,3,0.62,2,0,0,0,1,0,Matches
522,Ivan Toney,eng ENG,FW,Brentford,27,1996,16.1,39,2.42,22,5,4,4,4,0,6,0.37,4,0,1,1,0,0,Matches
523,Pau Torres,es ESP,DF,Aston Villa,26,1997,27.4,23,0.84,22,1,0,0,0,0,1,0.04,1,0,0,0,0,0,Matches
524,Andros Townsend,eng ENG,"MF,FW",Luton Town,32,1991,13.4,36,2.68,24,5,3,3,1,0,6,0.45,4,0,1,1,0,0,Matches
525,James Trafford,eng ENG,GK,Burnley,20,2002,28,7,0.25,3,4,0,0,0,0,1,0.04,0,1,0,0,0,0,Matches
526,Adama Traoré,es ESP,"FW,MF",Fulham,27,1996,4.2,14,3.34,12,0,1,1,0,0,5,1.19,4,0,1,0,0,0,Matches
527,Bertrand Traoré,bf BFA,"DF,FW",Aston Villa,27,1995,0.1,0,0,0,0,0,0,0,0,0,0,0,0,0,0,0,0,Matches
528,Boubacar Traoré,ml MLI,MF,Wolves,21,2001,9.1,13,1.43,12,0,1,0,0,0,2,0.22,2,0,0,0,0,0,Matches
529,Mark Travers,ie IRL,GK,Bournemouth,24,1999,4,2,0.5,1,1,0,0,0,0,0,0,0,0,0,0,0,0,Matches
530,Mike Trésor,be BEL,"FW,MF",Burnley,24,1999,4.7,10,2.14,4,5,1,0,0,0,0,0,0,0,0,0,0,0,Matches
531,Leandro Trossard,be BEL,"FW,MF",Arsenal,28,1994,18.3,65,3.55,46,3,7,5,4,0,6,0.33,1,1,2,0,2,0,Matches
532,Auston Trusty,us USA,DF,Sheffield Utd,24,1998,28.6,16,0.56,11,2,1,0,0,2,0,0,0,0,0,0,0,0,Matches
533,Kostas Tsimikas,gr GRE,DF,Liverpool,27,1996,7.5,32,4.24,20,9,0,0,2,1,2,0.27,2,0,0,0,0,0,Matches
534,Matt Turner,us USA,GK,Nott'ham Forest,29,1994,17,4,0.24,4,0,0,0,0,0,0,0,0,0,0,0,0,0,Matches
535,Destiny Udogie,it ITA,DF,Tottenham,20,2002,26.6,57,2.15,51,0,4,2,0,0,7,0.26,6,0,0,1,0,0,Matches
536,Lesley Ugochukwu,fr FRA,MF,Chelsea,19,2004,3.3,5,1.5,5,0,0,0,0,0,0,0,0,0,0,0,0,0,Matches
537,Enes Ünal,tr TUR,"FW,MF",Bournemouth,26,1997,3.6,12,3.28,4,0,1,5,1,1,3,0.82,1,0,0,2,0,0,Matches
538,Virgil van Dijk,nl NED,DF,Liverpool,32,1991,35.3,59,1.67,54,0,0,5,0,0,4,0.11,4,0,0,0,0,0,Matches
539,Raphaël Varane,fr FRA,DF,Manchester Utd,30,1993,15.3,16,1.05,13,1,0,2,0,0,2,0.13,2,0,0,0,0,0,Matches
540,Alejo Véliz,ar ARG,FW,Tottenham,19,2003,0.6,1,1.84,0,0,1,0,0,0,0,0,0,0,0,0,0,0,Matches
541,Joël Veltman,nl NED,DF,Brighton,31,1992,17.6,18,1.02,12,2,0,0,3,1,1,0.06,1,0,0,0,0,0,Matches
542,Micky van de Ven,nl NED,DF,Tottenham,22,2001,26,11,0.42,9,0,1,0,1,0,1,0.04,0,0,1,0,0,0,Matches
543,Bart Verbruggen,nl NED,GK,Brighton,20,2002,21,3,0.14,3,0,0,0,0,0,0,0,0,0,0,0,0,0,Matches
544,Guglielmo Vicario,it ITA,GK,Tottenham,26,1996,38,2,0.05,2,0,0,0,0,0,0,0,0,0,0,0,0,0,Matches
545,Fabio Vieira,pt POR,"MF,FW",Arsenal,23,2000,3.3,12,3.64,7,1,0,1,3,0,5,1.52,1,1,0,0,3,0,Matches
546,Carlos Vinícius,br BRA,FW,Fulham,28,1995,3.5,9,2.57,8,0,1,0,0,0,1,0.29,1,0,0,0,0,0,Matches
547,Vitinho,br BRA,"DF,MF",Burnley,24,1999,25.7,44,1.71,33,2,4,3,1,1,6,0.23,5,0,0,0,1,0,Matches
548,Odisseas Vlachodimos,gr GRE,GK,Nott'ham Forest,29,1994,5,1,0.2,1,0,0,0,0,0,0,0,0,0,0,0,0,0,Matches
549,Kyle Walker,eng ENG,DF,Manchester City,33,1990,30.7,62,2.02,57,1,1,1,2,0,11,0.36,9,0,1,1,0,0,Matches
550,Aaron Wan-Bissaka,eng ENG,DF,Manchester Utd,25,1997,19.8,26,1.31,24,1,0,0,1,0,3,0.15,3,0,0,0,0,0,Matches
551,Joel Ward,eng ENG,DF,Crystal Palace,33,1989,22,16,0.73,13,2,0,1,0,0,3,0.14,2,1,0,0,0,0,Matches
552,James Ward-Prowse,eng ENG,MF,West Ham,28,1994,33.3,116,3.48,57,51,1,4,1,2,16,0.48,7,7,0,2,0,0,Matches
553,Lewis Warrington,eng ENG,FW,Everton,20,2002,0,0,0,0,0,0,0,0,0,0,0,0,0,0,0,0,0,Matches
554,Deivid Washington,br BRA,"DF,FW",Chelsea,18,2005,0.1,0,0,0,0,0,0,0,0,0,0,0,0,0,0,0,0,Matches
555,Ollie Watkins,eng ENG,FW,Aston Villa,27,1995,35.7,100,2.8,70,0,7,18,4,1,26,0.73,15,0,2,7,2,0,Matches
556,Adam Webster,eng ENG,DF,Brighton,28,1995,12.7,14,1.1,13,0,0,1,0,0,0,0,0,0,0,0,0,0,Matches
557,Danny Welbeck,eng ENG,"FW,MF",Brighton,32,1990,18.8,71,3.77,52,0,3,11,5,0,7,0.37,3,0,0,2,2,0,Matches
558,Timo Werner,de GER,FW,Tottenham,27,1996,9,34,3.78,25,0,4,4,1,0,7,0.78,7,0,0,0,0,0,Matches
559,Adam Wharton,eng ENG,MF,Crystal Palace,19,2004,14.4,37,2.57,30,7,0,0,0,0,5,0.35,5,0,0,0,0,0,Matches
560,Ethan Wheatley,eng ENG,FW,Manchester Utd,17,2006,0.2,0,0,0,0,0,0,0,0,0,0,0,0,0,0,0,0,Matches
561,Ben White,eng ENG,DF,Arsenal,25,1997,33.2,86,2.59,76,5,1,2,0,2,7,0.21,6,0,0,1,0,0,Matches
562,Joe White,eng ENG,MF,Newcastle Utd,20,2002,0.1,0,0,0,0,0,0,0,0,0,0,0,0,0,0,0,0,Matches
563,Neco Williams,wls WAL,DF,Nott'ham Forest,22,2001,18.2,31,1.7,23,1,1,4,1,1,4,0.22,3,0,1,0,0,0,Matches
564,Willian,br BRA,FW,Fulham,34,1988,22.8,111,4.87,81,15,4,9,2,0,10,0.44,10,0,0,0,0,0,Matches
565,Joe Willock,eng ENG,MF,Newcastle Utd,23,1999,4.7,13,2.8,11,0,0,2,0,0,1,0.22,1,0,0,0,0,0,Matches
566,Callum Wilson,eng ENG,FW,Newcastle Utd,31,1992,11,22,2,12,0,4,5,1,0,4,0.36,2,0,1,1,0,0,Matches
567,Harry Wilson,wls WAL,FW,Fulham,26,1997,18,65,3.61,42,4,5,4,8,2,10,0.56,9,0,0,0,1,0,Matches
568,Yoane Wissa,cd COD,FW,Brentford,26,1996,27.7,64,2.31,43,1,4,7,7,2,10,0.36,6,0,1,1,2,0,Matches
569,Chris Wood,nz NZL,FW,Nott'ham Forest,31,1991,20.1,44,2.19,33,0,4,7,0,0,4,0.2,1,0,3,0,0,0,Matches
570,Cauley Woodrow,eng ENG,"FW,MF",Luton Town,28,1994,4.7,17,3.57,13,0,1,2,1,0,2,0.42,2,0,0,0,0,0,Matches
571,Joe Worrall,eng ENG,DF,Nott'ham Forest,26,1997,4.9,3,0.62,2,0,0,1,0,0,1,0.21,1,0,0,0,0,0,Matches
572,Yehor Yarmoliuk,ua UKR,MF,Brentford,19,2004,7.6,17,2.22,12,0,1,2,2,0,1,0.13,1,0,0,0,0,0,Matches
573,Ryan Yates,eng ENG,MF,Nott'ham Forest,25,1997,22.1,30,1.36,22,0,0,5,3,0,4,0.18,3,0,0,1,0,0,Matches
574,Ashley Young,eng ENG,"DF,MF",Everton,38,1985,25.3,58,2.29,38,10,1,4,3,2,1,0.04,0,0,0,0,1,0,Matches
575,Illia Zabarnyi,ua UKR,DF,Bournemouth,20,2002,37,27,0.73,26,0,0,1,0,0,1,0.03,1,0,0,0,0,0,Matches
576,Nicolò Zaniolo,it ITA,"FW,MF",Aston Villa,24,1999,9.3,30,3.23,20,0,2,6,1,1,3,0.32,3,0,0,0,0,0,Matches
577,Anass Zaroury,ma MAR,"FW,MF",Burnley,22,2000,1.7,2,1.18,1,1,0,0,0,0,0,0,0,0,0,0,0,0,Matches
578,Oleksandr Zinchenko,ua UKR,DF,Arsenal,26,1996,19.1,67,3.5,64,1,1,1,0,0,6,0.31,5,1,0,0,0,0,Matches
579,Kurt Zouma,fr FRA,DF,West Ham,28,1994,31.5,13,0.41,11,0,0,1,1,0,2,0.06,2,0,0,0,0,0,Matches
580,Martin Ødegaard,no NOR,MF,Arsenal,24,1998,34.3,220,6.41,178,17,8,10,6,1,23,0.67,18,2,0,2,1,0,Matches